elevation,slope,aspect,curvature,geology,rainfall_1h,rainfall_24h,rainfall_72h,rainfall_intensity,temperature,humidity,soil_moisture,insar_velocity_mm_yr,sar_deformation_flag,landslide
1283.5,5.23,39.8,-0.33568,LHS Daling,0.9,12.82,66.46,0.0706,14.9,83.1,46.8,-4.09,0,0
2604.9,7.48,194.2,-0.53885,LHS Daling,31.84,218.15,520.21,0.146,6.7,97.1,90.8,-3.28,0,1
2339.8,11.95,269.1,0.36653,GHS paro,0.44,1.43,1.43,0.306,16.0,52.1,34.0,-2.48,0,0
1064.5,39.31,193.7,-3.42907,LHS Daling,0.68,2.31,17.03,0.2949,24.6,73.2,31.5,-0.66,0,0
3410.3,21.58,32.2,0.64294,LHS Daling,0.04,0.38,5.69,0.0984,4.8,50.7,25.7,-1.92,0,0
4563.0,39.53,42.8,0.56006,GHS paro,8.51,52.09,161.26,0.1634,-10.0,78.9,72.9,-2.05,0,0
1420.2,41.49,147.2,-0.96479,LHS Daling,0.28,3.19,11.35,0.0869,15.0,49.3,33.2,-1.59,0,0
1446.3,43.19,143.6,-0.28008,LHS Daling,10.55,194.32,425.73,0.0543,15.2,88.5,87.0,-2.51,0,1
3508.2,6.97,7.1,0.22759,GHS paro,31.74,183.67,445.74,0.1728,2.0,98.7,95.6,-13.13,1,1
3410.3,21.58,32.2,0.64294,LHS Daling,46.63,219.54,517.91,0.2124,0.4,89.0,87.7,-26.06,1,1
2664.0,30.42,91.7,-0.68749,GHS paro,0.25,2.88,16.59,0.0863,13.9,58.1,31.6,-0.23,0,0
3177.6,17.26,57.1,-0.28673,LHS Daling,19.29,175.93,417.36,0.1097,4.1,89.8,74.4,-20.61,1,1
3087.6,44.99,215.2,2.39679,GHS paro,0.17,7.89,7.89,0.021,9.4,53.6,15.8,-1.53,0,0
1448.0,39.24,225.0,-0.89461,LHS Daling,0.4,0.49,5.14,0.8153,21.2,66.6,28.8,-2.58,0,0
3648.4,37.26,237.6,-0.18173,GHS paro,1.87,2.68,2.68,0.6979,4.3,64.5,43.1,-2.03,0,0
4601.6,30.77,310.8,0.89942,GHS paro,0.48,13.55,39.53,0.0353,-0.7,75.0,45.4,-0.55,0,0
2723.7,18.69,231.8,0.38555,Lingtse,0.86,3.39,3.39,0.2538,2.2,58.0,42.1,-1.12,1,0
960.2,48.32,175.8,-1.4118,LHS,18.57,159.42,453.96,0.1165,17.0,86.4,72.4,-5.14,0,1
1619.6,41.04,151.0,-0.22871,Lingtse,2.46,20.01,108.64,0.1227,8.7,88.0,57.8,-4.51,0,0
1646.2,36.67,82.4,-0.82978,GHS paro,0.27,1.32,9.79,0.2027,19.8,73.7,25.8,0.17,0,0
1649.3,21.76,6.6,-0.00243,Sedimentary/Alluvium,0.76,4.04,6.84,0.1885,17.6,71.0,33.1,-1.95,0,0
2550.1,16.02,143.2,0.25888,GHS paro,1.41,1.41,3.78,1.0,13.4,57.5,33.9,-1.27,0,0
1806.5,13.98,192.0,0.19827,Lingtse,0.32,3.71,11.05,0.0874,12.1,71.2,31.6,-1.68,0,0
3616.9,21.3,287.6,-0.10033,MCT zone,4.78,53.03,104.84,0.0901,2.9,85.0,48.9,-2.82,0,0
1710.1,11.72,151.7,0.21532,GHS paro,7.37,41.26,106.17,0.1786,8.2,73.1,74.7,-5.35,0,0
3335.1,36.93,314.9,2.47774,GHS paro,9.03,89.06,369.46,0.1014,-1.1,95.0,79.0,-16.51,1,1
366.9,5.56,65.0,-0.54876,MCT zone,0.3,2.8,3.14,0.1054,20.5,52.9,34.5,-0.9,0,0
566.8,5.83,250.2,-0.17893,LHS Daling,0.01,3.22,11.41,0.0045,20.2,43.4,37.2,-1.43,0,0
3609.3,24.43,253.5,-0.52109,GHS paro,11.3,32.38,67.76,0.3489,-0.5,75.2,47.8,-4.1,0,0
522.7,20.32,138.2,0.83535,Sedimentary/Alluvium,3.57,29.52,94.02,0.1211,15.8,70.0,59.9,-3.22,0,0
3295.1,9.46,188.8,-0.40912,LHS Daling,0.3,2.95,24.51,0.1004,1.3,66.0,26.4,-1.71,0,0
4544.7,35.74,282.7,-1.17147,GHS paro,34.15,182.6,438.62,0.187,-11.7,88.7,87.8,-20.31,1,1
529.9,13.24,143.1,-0.40633,GHS paro,9.45,98.77,346.18,0.0957,11.6,97.0,81.2,-7.37,1,0
1904.8,15.88,287.9,-0.12365,LHS Daling,0.1,2.74,2.91,0.0362,13.4,40.3,43.7,-2.88,0,0
730.5,7.13,55.9,0.25351,Sedimentary/Alluvium,0.3,1.68,12.29,0.1759,16.6,73.2,39.9,-2.08,0,0
2582.8,21.97,143.0,0.1315,LHS Daling,0.58,2.66,4.35,0.2197,13.3,62.3,33.8,-2.76,0,0
3288.2,17.98,117.5,0.00969,Sedimentary/Alluvium,0.3,2.57,17.94,0.1158,4.3,71.7,35.0,-1.74,0,0
1245.9,5.64,216.2,0.01127,MCT zone,0.07,4.33,10.61,0.0158,13.7,66.1,22.0,-2.06,0,0
468.5,9.17,293.2,0.09552,MCT zone,11.16,218.93,664.35,0.051,13.5,90.7,76.6,-27.41,1,1
1620.6,25.21,235.9,0.28895,LHS Daling,6.32,27.39,70.82,0.2307,14.0,89.6,55.0,-10.47,1,0
3508.2,6.97,7.1,0.22759,GHS paro,7.07,59.56,159.62,0.1187,0.9,90.7,50.4,-3.52,0,0
3621.3,31.17,248.7,0.98753,GHS paro,4.15,27.35,62.82,0.1519,-1.5,73.1,52.7,-6.02,0,0
1499.8,32.5,175.2,-0.97281,LHS Daling,0.21,7.0,7.0,0.0301,17.5,64.1,17.6,-2.7,0,0
2897.3,45.67,138.6,1.77494,GHS paro,1.16,22.47,84.87,0.0517,10.6,89.1,71.9,-3.35,0,0
1859.4,21.93,51.3,-0.13391,Sedimentary/Alluvium,4.76,33.81,81.43,0.1409,8.6,76.3,49.8,-12.2,1,0
3778.5,6.09,29.8,-0.42605,LHS Daling,3.02,68.61,140.7,0.044,-0.7,86.7,58.4,-2.73,0,0
4358.8,39.74,274.6,-0.02932,GHS paro,0.17,3.68,56.44,0.0464,2.7,44.5,16.6,-4.76,1,0
1579.9,14.64,312.7,0.24766,GHS paro,6.4,36.71,81.91,0.1743,10.3,89.4,70.4,-3.82,0,0
2973.8,27.73,281.9,0.40624,GHS paro,25.08,130.73,309.11,0.1918,2.9,98.7,82.9,-17.43,1,1
1825.5,34.36,102.6,-4.57197,LHS Daling,2.59,35.03,101.62,0.0739,14.8,82.0,50.6,-2.55,0,0
2478.4,18.3,274.0,-0.07316,MCT zone,35.82,209.57,596.36,0.1709,-0.0,98.0,95.6,-17.77,1,1
3380.5,16.26,46.4,0.25232,GHS paro,3.47,24.73,96.52,0.1405,4.6,77.2,62.9,-2.04,0,0
2075.9,24.07,354.5,0.55371,LHS Daling,10.01,36.82,89.01,0.272,9.3,73.7,56.4,-4.25,0,0
3357.9,18.3,323.3,0.69983,LHS Daling,1.33,15.72,55.04,0.0847,-1.5,89.6,58.3,-2.41,0,0
1615.1,46.21,144.4,-1.08702,MCT zone,5.78,42.06,150.63,0.1374,13.1,89.8,56.4,-3.33,0,0
2472.3,20.25,103.9,0.02266,MCT zone,3.42,64.22,127.3,0.0532,11.6,79.3,72.9,-2.55,0,0
1114.6,22.75,100.8,-2.30502,LHS Daling,3.69,30.64,66.99,0.1203,12.3,79.1,51.7,-4.73,0,0
1209.7,8.82,42.2,0.12923,GHS paro,0.54,2.33,2.33,0.234,15.7,50.6,44.2,-2.46,0,0
1986.9,28.24,139.0,0.91919,LHS Daling,0.04,3.87,3.87,0.0116,12.9,47.4,34.7,-2.44,0,0
905.8,38.08,174.2,3.29212,LHS Daling,0.72,5.74,5.74,0.1253,14.5,42.8,26.5,-2.93,0,0
2339.8,11.95,269.1,0.36653,GHS paro,13.77,106.35,580.4,0.1295,9.6,86.8,98.0,-4.96,0,0
3294.9,11.53,83.6,0.3992,LHS Daling,0.06,2.28,10.25,0.0244,-1.4,60.3,30.8,-0.56,0,0
335.5,10.08,214.3,0.01624,GHS paro,0.58,2.74,2.74,0.2107,28.2,74.6,26.6,-0.88,0,0
1808.4,12.72,37.5,0.65136,LHS Daling,1.21,3.96,11.04,0.3064,17.4,44.3,40.5,-0.36,0,0
610.1,20.44,319.0,-0.41876,MCT zone,0.37,1.92,7.24,0.195,27.9,41.2,19.1,-2.34,0,0
1775.3,49.84,114.2,-1.22783,GHS paro,33.27,250.75,627.96,0.1327,5.6,94.3,77.0,-19.71,1,1
501.8,11.02,314.6,0.2146,LHS Daling,22.68,144.01,353.04,0.1575,16.3,86.1,72.6,-4.91,0,1
2642.2,20.98,226.0,-0.24951,MCT zone,41.75,206.73,601.97,0.202,7.5,95.4,93.3,-11.88,1,1
1872.7,15.38,316.5,0.29395,MCT zone,0.07,2.08,5.6,0.0327,10.1,64.6,36.5,-1.07,0,0
1631.4,14.24,173.2,-0.26865,GHS paro,5.14,20.7,81.33,0.2482,16.0,70.9,55.9,-2.16,0,0
1669.3,41.95,117.1,-0.56954,GHS paro,22.54,175.15,454.01,0.1287,10.1,94.3,72.6,-3.75,0,0
1515.3,29.68,138.0,-1.33679,Lingtse,4.7,23.17,93.33,0.2028,17.5,70.1,51.0,-2.18,0,0
315.3,5.91,29.2,-0.61026,LHS Daling,3.64,39.54,91.19,0.0921,16.5,73.6,68.6,-4.45,0,0
4059.5,43.66,142.3,0.02393,GHS paro,4.9,43.9,96.84,0.1116,-1.3,71.6,72.4,-9.43,1,1
1177.3,44.62,136.8,-1.3948,LHS Daling,0.2,12.07,12.07,0.0168,19.4,48.2,21.7,-1.42,0,0
2125.1,7.52,255.3,0.52685,GHS paro,2.93,15.57,54.35,0.1878,6.7,91.4,73.0,-8.07,1,0
3603.0,9.44,18.7,-0.40262,MCT zone,8.62,95.06,287.32,0.0907,0.9,94.2,86.4,-21.54,1,0
1649.3,21.76,6.6,-0.00243,Sedimentary/Alluvium,23.22,234.06,523.94,0.0992,10.0,95.7,84.9,-6.43,0,1
2665.3,36.91,228.1,1.28967,GHS paro,22.81,250.31,499.08,0.0911,2.6,92.4,76.7,-10.3,1,0
1919.5,28.94,138.8,-0.85848,GHS paro,0.42,0.52,20.37,0.808,9.1,73.1,17.8,-1.6,0,0
1975.5,40.9,92.2,-0.98842,GHS paro,6.79,25.1,63.28,0.2706,15.7,87.1,55.2,-1.24,0,0
2205.7,24.46,170.4,0.36157,Lingtse,0.09,0.7,3.09,0.1236,17.9,74.9,39.3,-11.07,1,0
3709.7,5.6,245.0,-0.54263,GHS paro,0.91,5.64,11.51,0.1623,5.6,52.4,21.4,-1.02,0,0
3504.6,27.35,243.0,2.37812,GHS paro,4.94,40.02,96.62,0.1233,6.5,76.4,69.3,-12.83,1,0
3351.9,40.35,139.8,1.00227,GHS paro,15.94,277.46,659.88,0.0574,2.1,89.3,83.9,-3.48,0,1
2160.2,49.25,326.6,-0.3787,Lingtse,3.75,52.48,111.38,0.0715,5.4,78.1,58.4,-4.18,0,0
2527.4,5.86,265.5,-0.39585,MCT zone,0.3,0.3,1.11,1.0,11.7,72.2,21.9,1.3,0,0
1620.6,25.21,235.9,0.28895,LHS Daling,0.58,10.55,35.02,0.0554,13.7,71.7,41.2,-1.49,0,0
1579.0,22.34,152.2,-2.31363,LHS Daling,0.77,16.13,16.13,0.0477,10.2,42.1,18.4,-0.11,0,0
2796.2,24.59,227.5,-0.19554,GHS paro,17.46,64.78,160.79,0.2696,0.2,76.2,51.7,-3.6,0,0
3477.6,11.76,337.0,0.52704,GHS paro,8.57,76.34,166.92,0.1122,1.5,73.7,67.7,-4.58,0,0
2108.0,12.09,220.1,-0.33878,LHS Daling,33.28,144.19,348.79,0.2308,11.1,87.2,79.6,-12.75,1,0
4419.5,44.36,24.9,-1.97332,GHS paro,2.51,2.51,2.51,1.0,0.8,63.4,15.8,-1.36,0,0
2829.5,17.08,12.2,-0.08373,MCT zone,0.44,0.44,11.02,1.0,6.8,51.2,19.3,-3.36,0,0
1712.4,47.63,212.2,-1.87086,MCT zone,10.3,35.58,105.72,0.2895,13.5,81.0,58.1,-2.05,0,0
2554.5,18.18,203.7,0.23701,LHS Daling,5.0,85.95,347.61,0.0582,5.3,93.3,75.0,-18.17,1,1
468.7,17.27,96.1,0.31134,GHS paro,16.3,123.79,459.86,0.1317,14.5,87.7,77.2,-7.52,0,0
1508.2,12.26,45.1,-0.10094,LHS Daling,36.86,327.69,640.29,0.1125,14.5,87.9,88.7,-12.18,1,1
3778.5,6.09,29.8,-0.42605,LHS Daling,5.16,48.45,93.2,0.1065,-5.8,74.6,48.1,-4.86,0,0
2038.4,22.26,67.1,1.04067,GHS paro,0.16,1.53,2.42,0.1023,11.1,58.2,22.4,-0.23,0,0
3324.0,25.22,215.6,1.95691,GHS paro,22.99,124.62,322.35,0.1845,-5.3,92.5,74.5,-2.9,0,0
553.1,12.16,359.3,0.53128,GHS paro,1.41,20.84,95.22,0.0678,16.3,90.9,61.8,-14.13,1,0
1264.0,35.72,211.0,-0.93239,LHS,5.78,44.1,96.11,0.1311,13.2,75.5,72.4,-11.43,1,1
2125.0,46.05,191.0,-2.60639,MCT zone,0.09,0.34,2.15,0.266,15.5,48.0,34.3,-0.79,0,0
1619.6,41.04,151.0,-0.22871,Lingtse,0.88,10.11,10.11,0.0867,20.5,66.7,15.3,-3.68,0,0
800.2,27.94,223.6,0.2088,LHS Daling,8.44,70.92,135.59,0.119,22.4,83.4,53.1,-2.38,0,0
2758.9,15.99,213.3,0.80244,Lingtse,0.15,5.88,19.01,0.0249,13.5,70.0,32.4,-0.29,0,0
514.2,44.65,162.8,-0.70124,LHS,0.96,3.6,23.86,0.2658,25.1,40.7,22.3,-0.87,0,0
1619.6,41.04,151.0,-0.22871,Lingtse,10.29,45.55,100.79,0.2259,10.2,82.3,62.1,-3.28,0,0
3476.6,12.72,289.0,-0.67718,LHS Daling,18.01,186.71,530.34,0.0965,-0.8,96.8,92.8,-21.3,1,0
1903.0,5.31,339.7,-0.3241,LHS Daling,18.73,123.84,320.87,0.1512,2.6,87.0,95.7,-27.28,1,1
513.3,26.9,89.2,-0.44084,LHS Daling,2.54,34.07,106.7,0.0745,24.8,85.6,71.5,-5.69,0,0
1358.2,5.75,4.0,0.39682,LHS Daling,0.45,9.26,9.39,0.0483,23.0,50.4,26.8,-2.04,0,0
840.6,10.9,105.5,-0.79749,MCT zone,0.01,10.81,10.81,0.0013,25.4,54.7,17.2,-0.18,0,0
2659.5,18.46,173.3,0.64987,GHS paro,0.35,0.57,19.65,0.6169,13.9,54.2,37.9,-1.96,0,0
475.8,15.61,276.6,0.61139,GHS paro,0.08,4.06,9.59,0.0192,18.5,47.2,32.2,-1.68,0,0
514.2,44.65,162.8,-0.70124,LHS,4.95,33.11,85.92,0.1494,21.2,70.6,51.5,-4.28,0,0
2920.3,12.86,318.2,0.5159,LHS Daling,34.64,197.44,470.68,0.1755,2.5,91.1,77.0,-3.77,0,1
3621.3,31.17,248.7,0.98753,GHS paro,0.09,2.78,3.07,0.0335,3.9,55.8,41.3,-0.88,0,0
814.4,7.71,11.7,-0.31968,Sedimentary/Alluvium,0.09,0.09,16.83,0.8569,13.7,48.2,41.8,-0.51,0,0
857.6,44.19,194.9,-1.16976,LHS Daling,31.18,162.91,413.87,0.1914,9.8,90.0,96.1,-11.7,1,1
2360.6,13.81,88.7,0.37982,Lingtse,0.08,0.12,5.5,0.6543,15.7,64.9,16.9,0.05,0,0
3145.0,40.8,278.6,-1.05431,GHS paro,0.28,8.2,21.63,0.0337,4.4,40.9,38.7,-0.39,0,0
1447.8,33.17,151.9,0.48484,LHS Daling,0.45,0.8,7.04,0.5631,16.8,59.7,35.8,-0.45,0,0
2370.9,13.62,274.5,0.25549,Lingtse,47.78,212.78,516.05,0.2246,-0.2,91.1,82.3,-22.65,1,1
1999.2,52.24,202.6,-7.00738,MCT zone,0.51,0.98,19.11,0.5216,6.4,57.7,42.4,-5.03,1,0
1644.7,24.66,106.0,-0.43693,Sedimentary/Alluvium,0.03,1.01,10.19,0.0343,19.9,61.6,23.9,-7.62,1,0
3117.2,21.28,214.4,0.46433,Sedimentary/Alluvium,3.41,25.21,63.67,0.1352,-0.9,70.2,73.9,-2.4,0,0
840.6,10.9,105.5,-0.79749,MCT zone,0.3,7.61,7.61,0.0396,14.2,41.4,28.0,-2.08,0,0
960.7,44.58,156.5,-0.68398,LHS Daling,15.64,48.56,108.89,0.3221,14.4,80.8,74.6,-2.84,0,1
1092.3,41.68,175.5,-0.35756,LHS Daling,6.48,82.93,168.5,0.0781,10.3,71.6,63.9,-11.17,1,1
304.7,23.41,249.7,0.31771,Lingtse,0.03,8.44,8.44,0.0032,29.0,48.8,24.7,-1.03,0,0
2437.7,13.77,55.2,-0.43851,Lingtse,33.97,192.5,462.43,0.1765,-0.2,95.9,75.4,-12.3,1,1
666.7,34.09,90.0,-0.90916,LHS Daling,3.24,14.88,48.72,0.2175,19.0,71.4,55.3,-2.26,0,0
1011.3,20.91,250.1,0.37373,GHS paro,2.42,3.73,25.95,0.649,17.1,50.1,16.5,-1.43,0,0
1766.9,35.09,149.5,-0.2324,LHS Daling,11.06,46.83,83.99,0.2363,16.1,89.1,55.8,-2.85,0,0
3445.0,19.79,342.3,-0.64605,LHS Daling,0.17,0.82,1.16,0.2114,7.8,48.6,34.9,-1.99,0,0
2897.3,45.67,138.6,1.77494,GHS paro,1.19,3.74,14.67,0.3166,6.2,41.7,22.6,-2.11,0,0
2402.3,23.3,54.0,0.16877,GHS paro,1.64,21.28,56.57,0.0771,8.5,70.0,54.0,-14.49,1,0
1645.8,8.39,304.7,-0.30171,MCT zone,0.51,10.49,15.18,0.0485,12.5,43.8,20.0,-0.86,0,0
1658.6,7.92,286.8,0.04907,LHS Daling,14.18,127.85,484.03,0.1109,6.0,86.0,90.9,-26.39,1,1
920.5,38.69,188.0,-1.36441,LHS Daling,0.16,2.98,2.98,0.0523,22.2,53.4,33.8,-1.93,0,0
2154.7,38.75,235.8,-1.26287,GHS paro,0.29,3.48,3.48,0.0836,14.1,56.5,19.4,-0.91,0,0
3372.5,42.14,227.5,0.17418,GHS paro,0.51,3.08,3.08,0.1652,10.7,42.2,26.2,-2.22,0,0
892.4,22.48,84.4,-0.80846,LHS Daling,8.31,43.53,94.96,0.1909,16.2,91.0,60.1,-2.44,0,0
1864.7,21.98,219.8,0.15832,LHS Daling,3.94,22.51,61.28,0.1749,9.2,71.5,64.2,-0.66,0,0
797.5,21.38,23.7,0.4991,Lingtse,0.35,5.04,7.36,0.0685,21.7,60.5,44.5,-0.61,0,0
3006.0,15.92,153.4,0.0268,GHS paro,16.13,75.51,150.7,0.2136,5.0,75.0,52.7,-10.08,1,1
2125.1,11.83,323.8,-1.1585,GHS paro,0.64,1.19,2.55,0.5421,13.1,57.8,34.1,-0.85,0,0
1693.0,12.36,151.1,0.08023,GHS paro,0.56,2.25,16.82,0.2498,14.1,63.0,34.3,-1.75,0,0
3380.5,16.26,46.4,0.25232,GHS paro,33.52,199.85,522.61,0.1677,-3.3,87.7,86.3,-16.56,1,1
2302.2,10.29,54.9,0.90097,LHS Daling,18.36,169.48,468.13,0.1084,7.1,97.2,73.2,-26.19,1,1
1143.4,46.51,184.2,-1.27152,LHS Daling,0.12,8.87,8.87,0.014,12.7,69.9,24.6,-0.69,0,0
2729.5,14.07,349.0,-0.19327,Lingtse,0.13,1.02,3.8,0.1296,15.5,74.4,37.1,-1.64,0,0
820.8,10.88,27.0,0.06817,LHS Daling,0.36,1.55,10.43,0.2311,24.3,62.3,17.2,-1.65,0,0
3483.7,19.98,338.3,-0.42137,GHS paro,7.51,48.93,132.76,0.1535,-4.7,82.8,67.6,0.52,0,0
1562.4,47.91,131.9,1.22189,GHS paro,1.49,7.64,7.64,0.1947,19.6,53.9,27.5,-1.75,0,0
1806.9,17.11,298.9,0.09351,LHS Daling,6.25,32.53,94.55,0.1923,9.7,76.4,58.2,-2.13,0,0
1518.3,16.59,58.9,-0.62502,LHS Daling,1.72,11.77,13.33,0.1464,21.4,73.8,37.3,-1.25,0,0
587.6,26.31,143.5,-0.9774,LHS Daling,4.96,80.44,139.17,0.0617,14.0,87.2,65.1,-3.24,0,1
3282.9,22.12,188.3,-0.07854,MCT zone,12.98,166.65,394.68,0.0779,-5.5,98.3,77.5,-4.48,0,1
3567.4,32.17,208.3,0.1915,GHS paro,0.19,5.12,38.82,0.0364,-0.9,42.5,44.9,-1.53,0,0
363.0,24.73,169.8,-0.18708,Sedimentary/Alluvium,3.21,31.08,73.14,0.1032,19.4,81.4,70.6,-1.89,0,0
2025.0,6.18,108.3,-0.24088,LHS Daling,0.84,20.97,80.62,0.04,7.3,75.5,49.6,-1.3,0,0
4415.4,32.31,241.6,1.99083,GHS paro,0.64,3.57,3.57,0.1792,3.1,64.5,16.1,-2.41,0,0
1837.0,5.95,305.7,-0.38923,GHS paro,6.17,31.31,109.07,0.197,14.0,72.7,49.0,-3.3,0,0
2986.5,14.74,222.7,-0.45668,GHS paro,50.03,217.5,568.16,0.23,1.6,94.6,78.4,-5.52,0,1
1601.1,16.78,286.1,-0.21162,MCT zone,0.27,1.82,1.82,0.1485,13.1,58.6,44.4,-1.19,0,0
1299.3,38.24,163.8,-1.46413,MCT zone,1.97,27.67,93.93,0.0712,19.7,82.2,56.2,-3.07,0,0
2637.3,19.84,129.2,-0.02864,GHS paro,0.22,6.48,19.1,0.0336,16.0,58.6,29.1,-3.12,0,0
2852.1,8.38,340.6,-0.05193,MCT zone,0.41,1.67,19.66,0.2461,10.2,48.5,21.7,-2.12,0,0
2125.1,7.52,255.3,0.52685,GHS paro,2.27,47.56,99.17,0.0478,10.7,83.3,49.2,-4.07,0,0
3219.5,11.7,250.7,-0.27109,LHS Daling,2.13,10.63,25.09,0.1999,7.7,91.6,49.2,-5.77,1,0
3596.0,10.42,53.5,0.05009,LHS Daling,28.38,144.67,343.66,0.1962,-3.9,88.6,94.2,-14.7,1,1
3496.5,23.84,270.0,-0.26516,LHS Daling,0.17,13.1,13.1,0.0132,4.7,59.7,43.1,-0.68,0,0
2046.1,10.96,189.5,-0.1567,Sedimentary/Alluvium,0.33,4.74,4.74,0.0689,15.1,66.1,39.3,-1.67,0,0
1626.8,22.68,335.5,-1.1489,GHS paro,0.54,2.1,17.54,0.2579,19.3,41.4,40.7,-1.55,0,0
2535.9,42.5,210.6,0.10313,GHS paro,0.08,10.56,10.56,0.0076,11.4,44.1,38.5,-2.69,1,0
3778.5,6.09,29.8,-0.42605,LHS Daling,8.26,23.0,83.27,0.3593,1.6,75.1,66.1,-5.13,0,0
872.5,49.33,118.4,1.34065,LHS Daling,0.56,8.04,8.04,0.0695,16.0,64.8,19.0,-1.32,0,0
1312.4,23.42,153.1,0.05342,MCT zone,44.03,201.93,520.75,0.218,10.1,89.0,97.1,-19.92,1,1
717.9,43.3,191.4,-0.63443,LHS,0.86,4.24,6.42,0.2022,22.6,41.2,36.8,-1.03,0,0
3508.2,6.97,7.1,0.22759,GHS paro,0.08,0.58,21.71,0.1362,6.5,74.1,28.9,-2.36,0,0
1371.8,32.76,97.9,-0.21167,GHS paro,14.09,136.96,416.89,0.1028,14.1,93.4,82.5,-10.59,1,1
2196.5,33.42,61.2,-3.38042,GHS paro,19.1,232.76,490.09,0.0821,7.2,91.5,95.6,-4.1,0,1
1648.0,35.14,168.2,-2.03151,GHS paro,0.2,7.57,7.57,0.0269,12.3,44.2,20.2,-1.72,0,0
1967.7,30.88,229.9,-0.71852,LHS Daling,0.29,1.57,1.57,0.1856,15.0,62.1,40.8,-2.78,0,0
4469.6,20.48,238.4,1.25617,GHS paro,0.4,3.27,5.86,0.1209,-4.3,51.7,36.5,-2.32,0,0
1991.9,16.64,247.8,0.17478,Sedimentary/Alluvium,5.26,43.29,113.47,0.1215,4.7,91.0,49.7,-10.5,1,0
3138.9,7.69,331.5,-0.1931,GHS paro,29.05,191.22,526.17,0.1519,-4.1,92.0,93.9,-22.07,1,1
4257.6,18.46,217.0,0.50554,GHS paro,10.45,34.07,84.57,0.3067,-0.9,87.7,52.1,-5.27,0,0
3006.0,15.92,153.4,0.0268,GHS paro,4.04,35.11,96.98,0.1152,0.1,74.7,57.1,-3.54,0,0
730.5,7.13,55.9,0.25351,Sedimentary/Alluvium,3.44,11.92,69.19,0.2884,12.1,83.4,53.6,-2.93,0,0
3326.0,7.05,209.2,0.10427,GHS paro,20.5,219.39,621.44,0.0934,-4.2,87.0,92.9,-4.96,0,1
1999.6,22.87,224.7,-0.29421,LHS Daling,34.07,193.64,514.49,0.1759,8.5,86.4,73.1,-25.12,1,1
299.2,38.62,188.6,-1.9356,LHS Daling,0.35,4.19,4.19,0.0842,25.3,62.8,26.6,-2.32,0,0
4516.8,34.37,230.8,0.41175,GHS paro,0.05,2.33,2.33,0.0214,-6.4,64.5,19.6,-0.71,0,0
363.0,15.24,51.8,-2.0988,LHS Daling,30.42,201.85,405.67,0.1507,14.8,90.5,90.2,-7.06,1,1
3669.8,23.79,148.3,0.1386,LHS Daling,0.61,10.62,10.62,0.057,6.2,60.7,28.0,-2.0,0,0
2394.8,57.95,176.0,-2.10689,GHS paro,0.82,0.82,6.41,1.0,12.2,70.8,22.3,-1.8,0,0
1425.2,24.96,15.2,-0.0885,GHS paro,0.94,0.94,6.13,1.0,15.6,47.2,19.4,-1.25,0,0
3202.9,6.86,299.0,0.03073,LHS Daling,0.18,6.73,10.73,0.0274,10.2,45.8,42.6,-2.1,0,0
2709.4,18.25,87.5,-0.48958,LHS Daling,0.4,3.65,3.65,0.1083,15.3,70.8,36.3,-1.43,0,0
1949.5,8.28,36.6,0.20913,LHS Daling,42.67,150.72,494.79,0.2831,3.2,90.3,96.5,-15.12,1,1
466.3,42.07,133.8,0.21731,LHS Daling,0.0,2.62,3.64,0.0015,16.3,74.0,24.7,0.05,0,0
1726.5,7.05,160.6,-1.03642,LHS Daling,0.15,0.15,1.49,1.0,13.0,62.4,28.0,-1.99,0,0
2183.4,55.94,159.5,-1.43594,GHS paro,0.08,6.26,6.26,0.0121,9.7,44.4,18.1,-2.91,0,0
2493.1,6.48,254.0,-0.06918,GHS paro,10.92,51.22,104.6,0.2132,1.2,85.9,50.2,-3.14,0,0
2579.0,12.87,128.2,-0.26057,Sedimentary/Alluvium,0.88,11.3,15.66,0.0781,13.4,71.6,32.6,-1.64,0,0
1757.8,12.42,271.0,-0.07746,MCT zone,4.67,63.03,108.19,0.0741,6.3,72.7,65.8,-13.34,1,0
3584.1,21.49,200.4,-0.18355,LHS Daling,1.43,26.22,61.52,0.0546,3.8,90.5,66.1,-5.62,0,1
1738.6,20.29,120.7,-0.11227,Sedimentary/Alluvium,17.07,100.58,296.73,0.1697,7.4,93.8,79.1,-2.97,0,0
1265.2,16.53,120.3,-0.24536,LHS Daling,0.08,6.06,6.06,0.013,17.0,58.9,19.0,-3.47,0,0
3048.2,24.94,132.7,-1.16854,Sedimentary/Alluvium,5.31,98.8,315.38,0.0538,-2.5,96.2,97.2,-7.83,1,1
800.0,5.49,260.9,0.05461,Sedimentary/Alluvium,8.48,57.42,114.2,0.1477,22.6,88.7,67.4,-3.7,0,0
1899.7,41.84,108.5,-2.08298,GHS paro,0.72,42.36,109.54,0.0171,7.9,92.0,55.9,-9.85,1,1
1724.9,20.76,313.2,0.39842,LHS Daling,0.05,0.59,9.7,0.0882,13.2,61.0,43.9,-0.56,0,0
1031.1,14.57,255.0,0.27855,MCT zone,0.14,0.14,2.8,1.0,14.9,43.7,17.6,0.41,0,0
3288.9,18.34,249.2,0.04783,Sedimentary/Alluvium,13.03,51.59,100.72,0.2526,3.2,80.7,63.3,-3.26,0,0
3487.7,8.88,245.3,-0.44787,LHS Daling,1.42,22.78,89.38,0.0623,1.9,72.5,48.9,-0.7,0,0
770.0,7.53,4.2,0.04531,Lingtse,0.1,25.86,25.86,0.004,20.3,49.2,44.2,-0.45,0,0
548.5,7.38,238.9,0.221,Lingtse,5.6,30.74,78.4,0.1821,13.5,82.5,45.5,-3.85,0,0
923.7,47.76,151.0,0.2952,LHS Daling,16.49,95.66,259.32,0.1723,18.2,89.7,93.5,-4.96,0,1
4419.5,44.36,24.9,-1.97332,GHS paro,23.92,167.7,450.6,0.1426,-7.2,99.0,94.5,-17.91,1,1
436.5,19.62,341.4,-0.12656,GHS paro,0.22,8.43,55.14,0.0264,22.4,80.9,73.5,-14.07,1,0
2600.7,25.71,10.5,-0.0487,Lingtse,1.11,1.31,4.35,0.8492,11.2,40.2,16.4,-0.73,0,0
2526.3,6.96,24.1,-0.2808,LHS Daling,0.5,2.31,3.47,0.2156,12.1,56.4,17.1,-1.81,0,0
2925.0,45.82,188.1,1.92397,GHS paro,2.08,2.08,11.04,1.0,4.4,54.7,27.0,-1.6,0,0
700.7,18.55,179.4,0.04215,GHS paro,0.21,7.4,7.4,0.0281,18.1,55.7,15.7,-1.18,0,0
1264.0,35.72,211.0,-0.93239,LHS,0.75,0.75,10.79,1.0,18.8,52.8,43.3,-1.25,0,0
2203.4,34.4,136.2,3.28774,LHS Daling,28.76,175.92,468.74,0.1635,5.5,89.2,79.1,-15.25,1,1
2111.1,15.98,223.2,0.34803,MCT zone,1.47,20.52,55.51,0.0717,7.2,72.6,74.7,-2.01,0,0
1163.9,13.91,80.6,-0.47835,MCT zone,2.26,54.07,116.19,0.0417,13.3,88.8,61.2,-4.45,0,0
2255.2,18.93,65.5,0.16552,MCT zone,0.01,5.33,17.66,0.0022,13.2,64.6,27.5,-0.03,0,0
1190.2,35.83,224.1,1.33444,LHS Daling,13.73,61.63,140.51,0.2227,10.8,75.7,69.9,-3.22,0,0
3660.5,11.88,194.9,0.45595,LHS Daling,12.94,134.36,426.27,0.0963,-7.0,98.2,85.7,-20.51,1,1
1292.8,48.65,166.6,-1.87166,LHS Daling,0.01,2.15,19.94,0.0057,23.0,68.9,30.0,-0.37,0,0
2486.7,16.54,168.3,0.46939,GHS paro,4.81,26.56,64.4,0.1811,2.0,88.2,60.9,-2.78,0,0
912.1,22.48,28.9,0.24541,GHS paro,6.88,21.25,85.46,0.3238,19.8,75.1,63.3,-2.53,0,0
1446.3,43.19,143.6,-0.28008,LHS Daling,32.33,193.77,447.01,0.1668,5.7,90.1,94.2,-14.25,1,1
2769.6,23.73,35.8,-0.25971,LHS Daling,11.47,54.54,115.19,0.2102,3.7,91.2,58.4,-2.22,0,0
2112.9,22.9,162.5,0.20638,LHS Daling,0.21,0.83,39.27,0.2531,10.9,41.6,34.1,-0.14,0,0
1619.6,41.04,151.0,-0.22871,Lingtse,1.23,10.12,43.77,0.1218,16.3,86.3,73.3,-1.34,0,0
2350.4,44.04,141.4,-0.70306,GHS paro,2.9,22.63,47.36,0.128,2.7,85.1,62.5,-12.75,1,0
702.3,14.92,224.7,-0.41596,LHS Daling,35.33,188.22,534.56,0.1877,12.3,90.8,89.9,-13.43,1,0
2478.2,10.09,37.6,-0.14127,MCT zone,6.51,101.52,542.89,0.0641,2.0,87.2,90.7,-20.21,1,1
2005.5,50.54,108.2,2.66679,GHS paro,0.33,9.88,9.88,0.0335,19.4,53.0,35.9,-1.81,0,0
3113.9,20.99,233.9,0.23455,GHS paro,0.41,0.75,3.74,0.5525,-0.5,47.4,16.2,-2.47,0,0
1866.9,6.86,163.9,0.45938,GHS paro,24.15,159.93,402.85,0.151,8.1,88.5,92.3,-20.86,1,0
3304.2,15.92,291.6,-0.69589,Lingtse,6.1,52.99,100.71,0.1151,0.3,88.8,71.5,-2.2,0,0
1472.0,54.78,182.9,0.28802,LHS Daling,1.33,5.65,5.65,0.235,15.3,57.7,18.6,-3.82,0,0
3626.9,18.3,287.0,0.12854,MCT zone,0.0,3.27,3.27,0.0007,4.1,44.4,25.9,-7.37,1,0
2108.0,12.09,220.1,-0.33878,LHS Daling,22.01,90.91,382.81,0.2421,3.5,88.0,84.2,-21.48,1,1
763.5,29.16,179.3,0.59197,LHS Daling,3.77,26.6,54.15,0.1419,19.7,75.7,62.0,-5.4,0,0
2855.7,46.01,185.8,-1.76194,GHS paro,0.05,8.86,9.21,0.0058,1.3,52.9,40.5,-0.7,0,0
1163.1,23.99,354.2,0.17153,GHS paro,0.02,3.75,4.88,0.0047,11.8,66.8,44.3,-1.35,0,0
1896.8,19.51,329.3,-0.24055,GHS paro,0.19,1.94,6.71,0.0988,20.6,56.6,18.0,-1.55,0,0
1305.9,5.55,194.4,-0.70738,MCT zone,40.74,166.98,355.38,0.244,11.4,91.0,74.6,-16.54,1,0
410.2,34.47,166.5,-0.766,LHS,25.66,178.24,402.13,0.144,17.8,95.0,72.5,-12.5,1,1
1590.5,18.02,301.3,0.38212,MCT zone,2.8,26.38,51.89,0.106,10.4,76.5,56.1,-3.43,0,0
1911.3,11.4,103.9,0.19761,GHS paro,1.18,2.56,28.58,0.4598,16.1,45.2,23.9,-0.68,0,0
1848.5,48.17,110.9,-1.99184,GHS paro,1.04,2.79,2.79,0.3739,9.5,67.0,22.6,-2.44,0,0
2038.4,22.26,67.1,1.04067,GHS paro,54.52,249.86,578.76,0.2182,9.5,97.1,95.1,-29.27,1,1
1046.2,48.46,75.2,-4.24367,LHS Daling,1.64,7.31,7.31,0.2248,24.9,68.6,33.0,-2.53,0,0
2205.7,24.46,170.4,0.36157,Lingtse,8.08,26.63,88.06,0.3036,11.7,91.8,46.4,-2.63,0,0
1532.8,51.78,159.0,-2.6892,LHS Daling,13.28,83.23,265.74,0.1596,12.8,91.4,78.1,-6.93,0,1
1265.2,16.53,120.3,-0.24536,LHS Daling,0.07,0.43,6.79,0.1521,21.8,72.7,20.5,-3.27,0,0
1349.7,25.72,58.9,0.17202,Lingtse,0.15,15.52,15.52,0.0099,13.9,42.2,40.7,-0.96,0,0
2975.8,14.94,195.1,0.15672,GHS paro,0.1,1.88,1.88,0.0518,13.4,51.3,43.7,-1.13,0,0
1872.7,15.38,316.5,0.29395,MCT zone,0.05,2.71,4.59,0.0166,8.5,65.6,26.0,-2.64,0,0
463.7,40.19,177.1,0.66829,LHS Daling,7.93,51.62,122.42,0.1535,20.3,91.9,50.6,-10.85,1,0
931.3,54.62,194.4,3.56793,LHS,1.27,3.18,3.18,0.4005,16.2,45.5,35.0,0.11,0,0
817.0,26.22,210.7,0.6588,LHS Daling,0.13,4.92,22.51,0.026,18.0,71.8,25.1,-0.94,0,0
1669.3,41.95,117.1,-0.56954,GHS paro,0.86,8.89,8.89,0.0968,11.1,56.6,36.3,-2.52,0,0
1277.5,11.39,40.3,0.15969,Sedimentary/Alluvium,1.19,25.11,25.11,0.0475,13.3,61.1,23.7,-0.81,0,0
3229.6,8.85,353.7,-0.66743,Sedimentary/Alluvium,17.97,147.83,422.78,0.1216,-0.6,86.6,93.4,-14.91,1,0
1032.1,20.71,179.6,-0.16146,Sedimentary/Alluvium,0.08,1.83,2.36,0.0453,12.4,48.5,30.4,1.02,0,0
2111.1,15.98,223.2,0.34803,MCT zone,41.69,166.03,382.28,0.2511,8.5,97.3,95.8,-29.36,1,1
2540.8,29.68,152.5,-1.31359,GHS paro,21.21,154.92,560.39,0.1369,-0.3,88.9,93.9,-12.74,1,1
2763.5,25.37,178.5,-0.70432,Sedimentary/Alluvium,20.02,121.18,390.32,0.1652,3.3,96.1,92.5,-16.46,1,0
1903.4,46.61,173.1,-3.31831,MCT zone,8.95,36.34,136.53,0.2463,5.0,72.8,52.4,-5.27,0,0
1663.2,15.53,98.0,0.9972,MCT zone,1.13,6.33,6.33,0.1781,19.7,65.4,28.9,-1.64,0,0
787.0,36.35,198.1,2.7504,LHS Daling,1.23,1.23,14.66,1.0,17.1,44.4,42.4,-1.07,0,0
2798.8,7.46,83.4,-0.26054,MCT zone,6.09,31.17,102.46,0.1952,7.1,87.6,73.9,-3.43,0,0
517.7,5.86,209.5,1.27724,GHS paro,1.2,16.23,118.75,0.0742,20.4,77.0,69.3,-2.55,0,0
888.4,36.44,143.1,-0.9755,LHS,43.69,286.96,677.66,0.1522,17.7,89.3,75.2,-14.35,1,1
2929.1,12.16,4.7,-0.00786,MCT zone,0.4,4.39,4.39,0.0914,8.1,43.3,19.5,-1.11,0,0
3626.9,18.3,287.0,0.12854,MCT zone,23.68,162.52,550.41,0.1457,1.9,86.7,88.7,-6.45,0,0
1411.6,12.78,334.0,0.26927,GHS paro,0.03,0.04,3.91,0.262,15.1,64.5,27.9,-2.16,0,0
1862.5,18.64,9.8,-0.32147,GHS paro,8.6,53.28,94.55,0.1613,5.7,79.4,69.9,-12.47,1,1
4544.7,35.74,282.7,-1.17147,GHS paro,0.03,1.96,4.58,0.0151,-6.1,51.5,31.0,-1.97,0,0
722.0,12.33,68.6,-0.27716,LHS Daling,1.98,1.98,7.2,1.0,16.3,72.4,29.1,-2.67,0,0
3810.3,43.15,188.7,0.28721,GHS paro,5.64,38.48,88.77,0.1466,1.5,83.7,61.1,-4.97,0,0
1992.7,33.13,199.9,-0.25611,LHS Daling,13.13,160.31,386.14,0.0819,11.2,90.1,90.3,-19.14,1,1
612.5,11.0,31.3,0.69079,LHS Daling,0.7,0.82,5.32,0.8556,16.4,73.9,42.4,-1.19,0,0
4356.8,35.52,274.2,2.66859,GHS paro,1.73,46.44,139.24,0.0372,-7.3,86.4,45.5,-2.0,0,0
3460.1,5.12,239.5,-0.10362,Lingtse,15.93,51.37,156.03,0.3102,3.5,82.7,58.5,-2.15,0,0
1806.9,17.11,298.9,0.09351,LHS Daling,1.7,32.39,80.71,0.0526,8.5,81.1,70.1,-4.11,0,0
1768.1,45.85,169.1,0.6931,MCT zone,0.46,4.71,4.76,0.0982,12.3,49.4,36.6,-0.31,0,0
1975.5,40.9,92.2,-0.98842,GHS paro,14.16,170.07,514.36,0.0833,5.5,98.7,72.2,-27.24,1,1
2671.4,22.84,350.5,-0.35119,MCT zone,1.38,14.81,14.81,0.0933,12.1,62.4,20.6,-0.08,0,0
3423.1,21.2,141.3,0.29105,LHS Daling,0.08,4.95,4.95,0.0152,-0.4,55.4,22.9,-3.02,0,0
4624.7,34.99,200.9,-0.00597,GHS paro,0.26,0.79,20.68,0.3311,-0.5,73.9,17.4,-2.48,0,0
3756.8,36.51,90.0,-0.6063,GHS paro,5.0,109.61,274.45,0.0456,0.7,91.8,96.6,-13.95,1,1
1509.9,26.47,162.4,-1.85124,LHS Daling,4.18,17.46,82.57,0.2393,15.8,91.3,58.8,-4.33,0,0
1975.5,40.9,92.2,-0.98842,GHS paro,0.19,4.27,63.86,0.0452,13.2,62.3,24.2,-6.13,1,0
2154.7,38.75,235.8,-1.26287,GHS paro,0.13,0.65,8.95,0.1996,15.6,71.0,29.9,-1.29,0,0
315.3,5.91,29.2,-0.61026,LHS Daling,0.11,8.68,15.95,0.0129,21.4,51.6,22.2,-2.72,0,0
722.0,12.33,68.6,-0.27716,LHS Daling,0.28,3.26,26.88,0.0859,21.9,74.8,25.6,-2.01,0,0
2541.7,14.42,154.0,0.32629,GHS paro,2.01,23.79,73.28,0.0845,8.6,90.9,62.8,-10.57,1,0
3483.1,5.53,263.7,-0.48388,Sedimentary/Alluvium,75.87,333.02,703.65,0.2278,-4.2,93.6,74.5,-26.71,1,1
2006.8,24.52,45.9,-0.02566,GHS paro,4.56,73.86,124.23,0.0617,5.0,82.6,62.2,-3.0,0,0
3604.1,18.86,38.4,-0.15527,LHS Daling,1.39,66.02,202.52,0.0211,-3.2,70.6,62.5,-0.72,0,0
4133.2,17.19,154.0,2.64194,GHS paro,0.14,4.07,5.92,0.0344,6.5,41.0,38.8,-2.7,0,0
730.5,7.13,55.9,0.25351,Sedimentary/Alluvium,1.73,9.98,9.98,0.1729,24.4,50.2,37.0,-3.26,0,0
4522.6,39.99,95.6,0.9805,GHS paro,4.78,41.76,100.48,0.1146,0.4,74.5,67.1,-5.05,0,0
1912.3,40.97,171.8,-1.42741,GHS paro,0.49,11.34,11.34,0.0432,13.3,67.0,35.9,-1.65,0,0
3094.3,22.83,79.9,0.65565,LHS Daling,0.14,1.57,13.19,0.089,10.2,69.3,25.0,-1.02,0,0
1626.8,22.68,335.5,-1.1489,GHS paro,0.82,5.89,22.59,0.1399,13.0,63.8,25.0,-2.92,0,0
3483.7,19.98,338.3,-0.42137,GHS paro,0.94,3.42,3.42,0.275,7.3,45.1,16.7,-2.08,0,0
1919.4,25.05,262.1,0.06423,LHS Daling,2.58,2.58,4.88,1.0,11.4,73.1,31.0,-1.13,0,0
604.8,17.8,336.4,-0.55583,MCT zone,1.85,1.85,14.53,1.0,15.3,42.4,27.2,-3.06,0,0
327.4,10.85,287.1,-0.30072,MCT zone,12.86,114.72,364.6,0.1121,18.2,94.4,92.2,-27.04,1,1
1757.8,12.42,271.0,-0.07746,MCT zone,0.12,1.97,1.97,0.0622,19.7,47.6,28.7,-0.69,0,0
1347.9,14.62,332.8,-0.24225,LHS Daling,14.62,141.99,373.72,0.103,12.0,96.1,88.7,-6.94,0,1
2331.6,7.67,150.8,-0.01001,GHS paro,0.46,0.76,0.95,0.6134,4.9,73.0,18.6,-2.23,0,0
869.4,20.65,294.2,0.21869,MCT zone,0.05,10.06,10.06,0.0049,22.2,73.1,34.9,-2.24,0,0
3471.4,24.95,84.1,-0.44128,MCT zone,10.97,202.77,456.56,0.0541,-6.1,93.1,82.7,-17.59,1,0
1924.3,16.66,223.5,0.49077,LHS Daling,7.9,62.42,125.92,0.1265,6.3,83.7,71.2,-5.49,0,0
1681.0,20.99,143.6,-0.02504,GHS paro,0.18,0.18,4.48,1.0,8.3,70.8,42.0,-0.4,0,0
3409.4,11.17,92.8,-0.53249,LHS Daling,0.39,3.62,23.31,0.1084,6.5,42.4,42.3,-3.68,1,0
3642.9,24.55,126.3,0.22249,GHS paro,11.97,124.53,317.02,0.0961,-3.3,88.2,77.7,-31.5,1,1
2238.0,23.69,98.7,0.36763,GHS paro,10.35,103.09,347.03,0.1004,7.0,87.8,97.7,-6.04,0,0
1966.0,45.01,228.6,-1.93893,GHS paro,20.4,154.57,360.93,0.132,10.4,88.9,92.8,-5.36,0,1
443.9,17.37,166.5,-0.74408,LHS Daling,0.0,1.6,8.0,0.0024,28.4,60.5,31.7,-1.53,0,0
1592.3,32.8,219.0,-0.74065,LHS Daling,6.99,56.13,135.71,0.1245,11.7,85.1,68.2,-10.03,1,1
2194.9,19.74,42.4,0.03273,GHS paro,26.95,118.91,315.14,0.2266,7.9,90.2,93.0,-14.95,1,1
2478.4,18.3,274.0,-0.07316,MCT zone,0.21,4.8,4.8,0.0438,16.6,58.3,25.8,-2.62,0,0
965.4,12.92,254.3,-0.11816,MCT zone,0.19,0.53,20.65,0.3547,25.8,70.0,36.2,-1.43,0,0
668.8,19.61,125.2,0.48335,Sedimentary/Alluvium,0.21,2.32,10.78,0.0913,27.3,52.9,18.4,-0.09,0,0
367.6,14.84,337.4,0.7089,MCT zone,0.3,1.79,12.66,0.1693,28.4,48.0,33.2,-1.01,0,0
543.7,25.37,322.8,0.04801,MCT zone,5.6,29.17,89.36,0.192,23.5,82.2,73.9,-2.06,0,0
2723.7,18.69,231.8,0.38555,Lingtse,24.15,156.85,545.4,0.1539,0.9,93.6,75.4,-12.07,1,1
886.8,25.67,107.9,-1.93139,LHS Daling,0.53,4.89,4.89,0.1074,12.8,55.7,35.9,-2.04,0,0
3138.9,7.69,331.5,-0.1931,GHS paro,4.67,20.76,64.61,0.2249,7.1,72.5,66.0,-4.15,0,0
2108.6,46.97,105.9,0.50513,GHS paro,0.48,7.82,7.82,0.0612,13.7,51.1,24.1,-2.0,0,0
1177.3,44.62,136.8,-1.3948,LHS Daling,5.15,41.13,101.61,0.1253,16.7,78.7,47.0,-2.51,0,0
4295.5,41.07,199.4,0.62488,GHS paro,7.47,31.8,63.98,0.235,0.6,72.5,74.9,-1.1,0,0
2086.5,8.42,14.2,-0.35392,GHS paro,21.14,176.11,495.31,0.1201,10.1,97.5,75.4,-18.34,1,1
690.3,25.73,274.0,-0.18641,LHS Daling,9.01,38.82,93.31,0.232,14.7,88.4,45.2,-4.31,0,0
648.0,51.3,158.3,1.07911,LHS Daling,0.74,9.11,10.84,0.081,26.7,40.1,16.4,-2.01,0,0
1190.4,21.96,249.8,0.47579,LHS Daling,0.1,1.85,7.24,0.0553,19.0,68.7,39.4,-1.02,0,0
1146.9,12.75,186.4,0.56489,MCT zone,15.91,145.62,396.25,0.1093,9.5,86.6,72.8,-20.55,1,1
1868.8,56.15,145.2,1.91233,GHS paro,0.43,3.27,15.35,0.1309,20.0,70.4,16.5,-2.04,0,0
2402.3,23.3,54.0,0.16877,GHS paro,2.98,55.29,109.81,0.0538,9.8,77.2,67.0,-4.13,0,0
4516.8,34.37,230.8,0.41175,GHS paro,0.19,1.22,6.03,0.1569,-5.5,72.1,19.2,-0.29,0,0
2360.6,13.81,88.7,0.37982,Lingtse,5.0,149.34,437.13,0.0335,7.2,95.4,79.3,-3.26,0,1
1299.3,38.24,163.8,-1.46413,MCT zone,5.06,49.35,135.58,0.1026,12.9,76.3,49.6,-9.17,1,1
551.2,14.27,220.8,0.07241,LHS Daling,15.33,121.81,310.92,0.1258,15.2,98.0,88.0,-3.99,0,0
2991.2,10.92,113.5,0.07387,LHS Daling,0.0,3.61,3.61,0.0009,5.9,59.9,26.4,-3.07,0,0
1396.2,51.35,200.8,-1.60423,LHS Daling,0.61,0.61,5.82,1.0,19.7,57.0,21.1,-4.47,0,0
936.4,44.18,175.8,-1.40828,LHS Daling,0.07,10.88,27.69,0.0064,15.2,41.1,39.0,-2.74,0,0
2111.1,15.98,223.2,0.34803,MCT zone,0.61,2.2,2.2,0.2762,13.5,51.0,41.1,0.07,0,0
3458.6,20.25,13.2,-0.28736,MCT zone,6.06,29.48,75.21,0.2056,5.1,72.3,66.7,-4.82,0,0
1919.5,28.94,138.8,-0.85848,GHS paro,0.53,3.78,21.68,0.1391,11.3,74.8,18.9,-1.12,0,0
3199.6,5.38,214.7,0.6246,Sedimentary/Alluvium,0.78,1.34,6.25,0.5774,7.9,42.9,18.5,-2.96,0,0
1649.3,21.76,6.6,-0.00243,Sedimentary/Alluvium,0.49,7.88,7.88,0.0619,19.6,66.8,38.4,-0.26,0,0
367.6,14.84,337.4,0.7089,MCT zone,1.21,1.21,1.84,1.0,23.9,43.7,40.2,-2.72,1,0
3652.3,18.06,11.2,0.03446,LHS Daling,0.41,0.44,1.26,0.9266,6.3,71.5,31.3,-1.84,0,0
326.8,11.79,314.0,-0.86136,MCT zone,0.07,3.62,21.43,0.0186,27.4,48.8,31.8,-1.35,0,0
1041.9,31.76,168.8,-0.47383,LHS,23.61,136.69,495.51,0.1727,16.4,95.8,93.3,-3.43,0,1
834.5,33.28,174.8,-4.23002,LHS Daling,13.36,172.99,425.82,0.0772,15.7,90.9,86.3,-20.62,1,1
4399.4,39.42,246.3,2.11399,GHS paro,0.0,2.94,22.42,0.001,3.0,64.5,19.5,-0.43,0,0
724.2,32.49,236.1,-0.45072,LHS Daling,0.26,5.67,6.43,0.0457,17.9,67.3,37.0,-2.43,0,0
1005.5,36.8,190.3,-2.16362,LHS Daling,0.05,8.75,8.75,0.0057,19.9,50.9,41.7,-0.89,0,0
1658.0,7.04,50.4,0.05669,Sedimentary/Alluvium,10.55,40.4,82.65,0.2612,6.4,86.4,47.2,-3.32,0,0
1138.9,46.46,208.0,-2.54674,LHS Daling,1.02,8.63,58.45,0.1188,23.3,58.5,25.2,-0.45,0,0
1778.9,5.72,121.2,0.21744,Sedimentary/Alluvium,26.68,223.73,533.86,0.1193,7.0,86.0,93.5,-6.49,0,1
1391.5,10.19,348.8,-0.33075,LHS Daling,0.45,0.92,8.73,0.49,12.5,65.8,21.5,-0.87,0,0
722.0,12.33,68.6,-0.27716,LHS Daling,23.65,74.87,224.41,0.3159,17.3,88.6,47.0,-11.71,1,0
1953.0,19.66,297.3,0.60538,LHS Daling,22.89,236.22,536.49,0.0969,8.3,91.9,93.8,-17.31,1,1
2640.0,18.86,149.3,-0.17176,Lingtse,0.44,7.01,7.01,0.063,14.3,47.3,22.4,-3.9,0,0
1011.3,20.91,250.1,0.37373,GHS paro,68.29,269.24,639.12,0.2536,16.2,96.4,73.7,-15.67,1,1
4308.0,40.3,194.1,-0.28439,GHS paro,10.85,45.67,95.41,0.2375,-3.8,82.1,63.5,-3.63,0,0
2748.5,35.8,306.9,-2.6087,GHS paro,0.94,3.72,4.79,0.2525,3.5,42.8,35.9,-7.02,1,0
738.8,18.97,38.2,-2.5722,LHS Daling,0.15,6.22,26.8,0.0248,23.0,46.9,21.0,-2.0,0,0
2124.5,25.04,273.0,0.36543,Lingtse,53.86,265.97,631.59,0.2025,9.6,86.8,72.9,-14.13,1,1
1663.2,15.53,98.0,0.9972,MCT zone,20.77,112.73,283.78,0.1842,12.5,96.0,78.2,-5.29,0,1
2166.9,22.56,11.2,0.6123,GHS paro,0.48,6.12,10.87,0.0779,16.8,74.6,25.2,-2.29,0,0
1309.4,24.18,189.2,-0.86116,Lingtse,1.17,29.66,91.77,0.0394,15.9,79.4,61.1,-1.13,0,0
1590.5,18.02,301.3,0.38212,MCT zone,0.09,4.97,14.06,0.0178,18.8,57.3,20.5,-2.08,0,0
1566.5,23.82,195.4,-0.49104,MCT zone,0.83,1.29,15.17,0.6396,12.9,69.0,44.3,-1.39,0,0
4021.8,30.54,224.5,-0.02952,GHS paro,0.63,44.94,95.44,0.014,-3.7,80.5,66.7,-4.81,0,0
647.6,31.41,203.5,-1.42257,LHS Daling,7.08,63.96,115.55,0.1108,16.7,89.5,68.4,-1.01,0,0
1756.2,30.99,106.3,-1.53719,GHS paro,2.03,11.46,11.46,0.1773,14.3,65.9,32.3,0.48,0,0
2011.1,18.08,59.9,0.00414,GHS paro,8.75,134.48,354.11,0.0651,9.9,91.0,74.3,-1.57,0,0
1992.7,33.13,199.9,-0.25611,LHS Daling,0.37,6.24,6.24,0.0601,15.9,59.8,28.3,-2.17,0,0
2503.5,6.78,20.8,0.30134,GHS paro,1.15,2.23,4.82,0.5168,16.9,42.7,38.4,-3.92,0,0
800.2,27.94,223.6,0.2088,LHS Daling,5.87,39.21,127.45,0.1496,21.4,70.1,56.4,-5.79,0,0
1316.8,14.95,154.9,-0.62528,LHS Daling,1.48,63.59,144.62,0.0232,15.7,83.7,70.6,-1.5,0,0
1704.5,29.77,186.6,1.09413,LHS Daling,31.68,147.04,374.83,0.2154,10.7,89.8,83.6,-26.98,1,1
1592.3,32.8,219.0,-0.74065,LHS Daling,0.7,2.04,28.98,0.3444,14.6,46.2,26.1,-1.63,0,0
2541.7,14.42,154.0,0.32629,GHS paro,35.93,155.69,431.54,0.2308,7.8,91.2,91.0,-3.81,0,0
1268.6,39.29,122.2,-0.30767,LHS Daling,0.13,1.48,3.51,0.0869,24.0,62.4,15.1,-11.89,1,0
2582.8,21.97,143.0,0.1315,LHS Daling,18.02,158.2,364.63,0.1139,6.1,97.4,79.4,-5.35,0,1
1613.7,10.2,294.9,-0.59396,LHS Daling,3.12,44.63,128.2,0.0698,13.8,70.2,54.3,-2.56,0,0
2233.8,17.98,218.8,0.49531,MCT zone,1.48,63.73,109.46,0.0232,12.8,83.9,72.0,-0.07,0,0
2025.0,6.18,108.3,-0.24088,LHS Daling,0.31,0.31,40.66,1.0,19.1,48.2,33.5,-0.91,0,0
3112.2,24.01,127.7,-0.41792,GHS paro,0.58,38.55,115.44,0.0151,-2.2,79.0,51.6,-3.31,0,0
522.7,20.32,138.2,0.83535,Sedimentary/Alluvium,2.74,32.93,72.04,0.0832,20.2,87.1,57.6,-3.12,0,0
1966.0,45.01,228.6,-1.93893,GHS paro,38.66,238.3,498.28,0.1622,11.3,86.7,84.3,-15.59,1,1
1146.6,12.49,266.8,0.34009,GHS paro,0.03,4.61,45.74,0.0064,14.0,44.0,42.3,-1.87,0,0
2006.7,21.87,221.7,0.21466,Lingtse,1.04,3.15,11.99,0.3319,11.6,74.8,27.6,-0.44,0,0
519.4,6.75,55.4,0.23543,MCT zone,9.72,143.15,429.84,0.0679,14.2,93.9,75.4,-18.14,1,1
2538.9,47.58,193.2,2.5344,GHS paro,5.32,30.83,69.02,0.1726,11.4,86.7,47.2,-5.25,0,0
869.4,20.65,294.2,0.21869,MCT zone,0.39,1.41,16.44,0.2732,21.4,55.9,44.4,-4.47,1,0
2196.0,12.1,199.5,-0.11611,MCT zone,12.51,119.89,281.36,0.1043,10.0,85.9,88.5,-4.99,0,1
4308.0,40.3,194.1,-0.28439,GHS paro,1.91,10.22,68.75,0.1868,-0.6,70.4,65.0,-2.35,0,0
4649.9,37.91,192.7,0.59396,GHS paro,16.53,55.56,111.65,0.2975,-11.1,74.7,54.8,-0.9,0,0
2659.5,18.46,173.3,0.64987,GHS paro,12.7,61.67,109.81,0.206,5.6,91.9,59.2,-4.07,0,0
3664.0,15.74,61.8,0.15543,GHS paro,1.23,4.3,4.3,0.2866,-0.2,56.3,43.7,-3.28,0,0
2035.1,38.14,191.8,-2.00134,Lingtse,5.28,26.01,62.56,0.203,13.2,87.9,51.6,-1.44,0,0
2339.8,11.95,269.1,0.36653,GHS paro,0.32,1.26,2.71,0.2502,16.0,61.8,24.9,-1.34,0,0
1409.3,5.53,321.8,0.06017,LHS Daling,9.11,33.67,96.15,0.2705,8.3,71.1,63.4,-2.06,0,0
815.6,8.55,96.8,0.1195,Lingtse,1.25,21.87,68.73,0.0572,19.0,85.0,72.8,-3.42,0,0
2503.5,6.78,20.8,0.30134,GHS paro,1.5,14.91,62.26,0.1004,2.2,76.4,50.2,-3.05,0,0
3652.8,14.68,26.1,-0.57531,MCT zone,0.22,5.79,17.02,0.0374,4.1,55.0,37.3,-1.4,0,0
2194.9,19.74,42.4,0.03273,GHS paro,9.51,90.4,150.66,0.1052,9.1,79.2,59.9,-12.71,1,0
2633.1,17.32,197.1,0.33625,MCT zone,0.48,2.06,3.53,0.2349,10.8,47.2,37.4,-1.75,0,0
2981.2,15.8,100.8,-0.0154,LHS Daling,14.74,77.49,143.87,0.1902,3.9,87.4,69.0,-3.47,0,0
2723.9,13.15,251.1,-0.26763,GHS paro,19.99,132.55,338.57,0.1508,1.6,98.2,75.7,-13.6,1,1
2503.5,6.78,20.8,0.30134,GHS paro,0.63,0.63,8.98,1.0,9.9,60.3,24.5,-0.88,0,0
1601.1,16.78,286.1,-0.21162,MCT zone,16.34,261.49,826.92,0.0625,6.1,90.3,89.4,-5.45,0,1
1949.5,8.28,36.6,0.20913,LHS Daling,12.18,58.81,121.19,0.2071,5.4,91.1,46.2,-10.91,1,0
1011.3,20.91,250.1,0.37373,GHS paro,0.04,3.73,4.51,0.0107,12.0,48.6,21.9,-1.35,0,0
1283.5,5.23,39.8,-0.33568,LHS Daling,5.33,61.35,131.29,0.0868,15.8,82.5,45.3,-3.79,0,0
3410.3,21.58,32.2,0.64294,LHS Daling,56.13,202.68,554.62,0.2769,1.3,90.8,79.6,-4.97,0,1
3626.9,18.3,287.0,0.12854,MCT zone,26.47,162.79,557.47,0.1626,2.2,91.7,91.9,-15.14,1,1
3115.5,24.77,339.9,0.27117,LHS Daling,0.17,3.31,3.31,0.0499,4.6,60.0,42.7,-0.79,0,0
3511.2,23.83,246.8,-0.11672,Lingtse,11.08,45.04,94.87,0.2461,-3.6,90.7,55.1,-3.83,0,0
1479.6,45.45,174.2,-3.29674,LHS Daling,0.26,2.18,3.23,0.118,12.6,52.1,40.7,-2.56,0,0
2377.8,16.12,180.8,0.01954,MCT zone,0.28,0.46,11.46,0.6082,14.7,64.4,16.5,-1.31,0,0
1116.2,55.23,178.3,-1.58256,LHS Daling,25.08,167.82,468.42,0.1495,17.2,90.2,86.8,-19.27,1,1
1958.3,21.46,82.8,-0.14681,Sedimentary/Alluvium,0.01,8.27,8.27,0.0017,9.9,70.3,40.2,-2.25,0,0
3013.7,19.72,63.6,0.68089,GHS paro,1.41,10.02,32.31,0.1409,1.8,82.6,62.4,-1.02,0,0
2371.6,45.03,300.6,0.28231,GHS paro,8.24,52.26,112.89,0.1577,7.0,71.9,49.9,-6.18,0,0
932.5,38.04,242.0,-1.27259,LHS Daling,0.01,0.28,18.71,0.0494,20.4,73.8,43.6,-2.24,0,0
1229.5,19.1,160.5,0.35362,LHS Daling,0.05,0.97,12.63,0.0477,11.4,67.4,24.7,-0.06,0,0
4530.4,34.8,115.1,1.6033,GHS paro,11.14,95.49,438.89,0.1167,-8.2,93.4,94.3,-17.02,1,1
986.3,15.73,341.0,0.00623,Sedimentary/Alluvium,0.79,2.49,9.73,0.3168,23.1,42.0,29.8,-4.02,1,0
363.0,24.73,169.8,-0.18708,Sedimentary/Alluvium,1.65,9.34,67.19,0.1766,23.6,82.5,62.5,-4.01,0,0
4601.6,30.77,310.8,0.89942,GHS paro,0.19,2.08,4.48,0.0896,-9.6,51.4,28.3,0.12,0,0
2011.1,18.08,59.9,0.00414,GHS paro,0.42,17.92,37.46,0.0234,8.4,68.9,43.5,-1.74,0,0
778.1,24.13,299.6,-0.09059,Lingtse,0.35,1.68,17.28,0.2065,23.6,45.7,16.7,-3.15,0,0
1864.9,44.53,135.3,-1.82738,LHS Daling,15.93,132.63,264.92,0.1201,3.9,93.6,79.1,-6.19,0,1
2438.0,47.43,179.1,-2.39757,GHS paro,28.78,158.0,436.99,0.1821,7.9,96.6,86.3,-21.41,1,1
888.4,36.44,143.1,-0.9755,LHS,0.52,4.72,12.68,0.1094,19.7,43.5,18.1,-2.66,0,0
730.2,21.62,283.1,-0.09948,LHS Daling,4.0,21.43,60.02,0.1865,14.0,84.5,70.9,-3.33,0,0
3183.3,6.9,193.5,0.07196,LHS Daling,2.53,21.0,67.04,0.1207,2.5,70.5,63.5,-1.18,0,0
1994.3,12.31,147.4,0.27724,MCT zone,0.82,10.6,10.6,0.0774,7.1,70.3,18.8,-2.27,0,0
1632.0,31.68,77.7,-0.56513,LHS Daling,20.71,123.16,352.59,0.1682,9.3,86.3,73.0,-19.89,1,1
2350.5,6.21,340.1,0.26515,MCT zone,18.44,149.42,500.79,0.1234,9.8,96.4,80.1,-23.67,1,0
1249.9,6.53,79.4,0.0963,MCT zone,8.04,55.7,110.03,0.1443,10.1,90.9,58.9,-2.24,0,0
1509.9,26.47,162.4,-1.85124,LHS Daling,0.52,3.4,4.44,0.1519,22.1,70.9,43.7,-2.75,0,0
531.1,24.61,162.1,-1.8968,LHS Daling,9.54,36.08,104.66,0.2643,22.8,75.6,57.4,-1.7,0,0
1768.1,45.85,169.1,0.6931,MCT zone,0.29,2.24,11.89,0.1292,17.3,57.9,40.9,-1.21,0,0
1179.2,42.4,198.5,-0.0306,LHS Daling,8.69,47.59,144.53,0.1827,17.3,76.8,51.8,-10.13,1,1
1777.1,6.77,163.2,0.1116,LHS Daling,1.79,8.17,8.17,0.2189,19.9,47.0,18.6,-2.22,0,0
3672.2,21.15,16.5,-0.04006,GHS paro,0.07,0.36,3.56,0.1891,-2.5,61.5,29.6,-0.39,0,0
1994.3,12.31,147.4,0.27724,MCT zone,0.44,0.87,1.56,0.504,15.7,53.5,16.0,-2.41,0,0
3626.9,18.3,287.0,0.12854,MCT zone,9.46,36.26,97.0,0.2609,0.5,75.9,66.3,-2.36,0,0
1549.6,16.99,21.7,-0.12893,LHS Daling,29.54,264.61,739.17,0.1116,7.8,98.3,91.4,-26.16,1,1
3720.6,23.7,313.5,-0.04723,MCT zone,24.57,146.94,405.76,0.1672,-1.8,85.2,77.7,-24.36,1,1
3674.3,12.87,198.3,-0.14913,GHS paro,0.22,11.2,12.55,0.02,-3.9,53.1,44.2,-1.36,0,0
2535.9,42.5,210.6,0.10313,GHS paro,0.73,5.41,5.41,0.1356,8.6,47.2,31.4,-1.76,0,0
2154.2,40.57,97.5,-2.28106,GHS paro,9.89,136.68,351.33,0.0724,2.9,91.9,78.8,-14.11,1,1
723.6,24.67,209.0,-0.6372,LHS Daling,1.41,12.64,44.83,0.1113,23.2,83.2,57.8,-9.97,1,0
1908.8,6.72,14.3,0.34111,LHS Daling,8.66,33.5,91.83,0.2585,11.9,91.1,54.8,-8.04,1,0
3662.2,14.71,31.6,-0.03186,Lingtse,6.05,29.71,98.15,0.2037,-5.6,89.4,62.6,-15.31,1,0
1459.7,23.08,144.3,0.05023,LHS Daling,0.75,0.75,0.75,1.0,12.7,65.3,26.8,-0.31,0,0
1316.8,14.95,154.9,-0.62528,LHS Daling,12.9,66.95,130.65,0.1926,9.3,79.9,56.0,-5.28,1,0
1300.2,12.48,287.8,-1.02157,MCT zone,0.65,11.01,11.01,0.0592,22.0,74.7,34.8,-1.5,0,0
3080.8,7.17,314.5,0.02281,LHS Daling,31.6,159.79,413.93,0.1978,-3.7,89.9,97.5,-4.96,0,0
857.1,39.59,151.5,-1.7256,LHS,18.73,141.54,470.48,0.1323,11.4,88.6,96.4,-14.47,1,1
443.9,17.37,166.5,-0.74408,LHS Daling,1.29,3.12,3.34,0.4122,19.6,56.0,33.0,-1.26,0,0
2769.6,23.73,35.8,-0.25971,LHS Daling,0.28,9.26,9.26,0.0297,13.8,63.7,27.3,-0.5,0,0
2966.3,5.3,98.0,-0.54675,MCT zone,0.09,1.36,23.46,0.0676,0.7,49.2,21.4,0.02,0,0
3326.0,7.05,209.2,0.10427,GHS paro,10.03,125.88,387.41,0.0797,-0.2,94.7,80.8,-6.52,0,0
517.7,5.86,209.5,1.27724,GHS paro,2.89,20.9,51.06,0.1384,23.3,81.4,67.7,-13.17,1,0
4582.8,34.65,334.3,0.99249,GHS paro,0.22,9.46,9.46,0.023,3.4,71.9,15.7,-0.26,0,0
3193.5,22.01,300.6,0.2032,Sedimentary/Alluvium,0.28,9.47,9.47,0.0291,-0.7,64.9,17.8,-1.2,0,0
3423.1,21.2,141.3,0.29105,LHS Daling,3.89,37.77,75.33,0.1029,1.3,80.3,55.4,-5.99,0,0
1908.8,6.72,14.3,0.34111,LHS Daling,0.42,3.38,3.38,0.1248,8.1,67.1,30.8,-1.1,0,0
839.5,21.71,207.5,-0.03956,LHS Daling,2.13,17.25,51.94,0.1234,20.7,88.2,66.5,-3.87,0,0
4440.7,36.45,151.9,1.18059,GHS paro,10.47,34.27,88.81,0.3054,-0.0,90.6,48.1,-3.17,0,0
432.4,42.23,155.3,1.54192,LHS Daling,0.59,4.83,4.83,0.1217,21.2,40.9,41.6,-1.53,0,0
1726.5,7.05,160.6,-1.03642,LHS Daling,3.57,70.61,140.3,0.0505,9.9,83.1,49.3,-3.48,0,0
2060.8,6.92,150.3,0.19639,LHS Daling,1.7,1.7,14.49,1.0,17.6,45.3,18.8,-7.8,1,0
932.5,38.04,242.0,-1.27259,LHS Daling,18.47,178.38,405.54,0.1036,13.7,96.7,80.7,-12.88,1,1
3080.8,7.17,314.5,0.02281,LHS Daling,0.07,5.21,15.3,0.0128,1.1,65.2,19.2,0.02,0,0
741.9,23.19,57.8,0.85691,GHS paro,6.72,29.59,66.67,0.227,14.9,75.9,66.5,-1.78,0,0
1179.2,42.4,198.5,-0.0306,LHS Daling,4.02,21.31,69.3,0.1884,10.7,75.5,59.7,-12.33,1,0
459.8,7.31,124.5,0.28047,MCT zone,1.47,1.47,8.73,1.0,17.1,65.4,44.8,-1.63,0,0
1391.5,10.19,348.8,-0.33075,LHS Daling,12.61,135.42,392.26,0.0931,10.7,86.5,90.0,-12.98,1,1
438.1,11.78,107.0,0.1946,GHS paro,34.36,170.12,366.09,0.202,20.4,94.4,77.6,-2.44,1,0
1953.7,11.68,90.6,0.23896,LHS Daling,3.56,32.97,87.2,0.1079,10.4,91.0,46.7,-7.32,1,0
1768.1,45.85,169.1,0.6931,MCT zone,5.47,15.91,53.93,0.3436,11.9,85.9,60.6,-4.77,0,0
3324.0,25.22,215.6,1.95691,GHS paro,10.4,26.92,73.02,0.3865,-3.4,76.9,59.5,-11.02,1,0
839.5,21.71,207.5,-0.03956,LHS Daling,0.61,1.08,3.5,0.5653,14.8,58.4,18.6,-1.32,0,0
564.6,10.42,66.8,-0.40389,LHS Daling,0.13,0.13,0.69,1.0,21.5,73.1,39.0,-1.61,0,0
1837.8,46.39,216.9,-2.92516,LHS Daling,0.47,0.89,7.21,0.5319,9.8,69.5,28.4,0.16,0,0
3450.3,20.56,8.1,-0.06099,MCT zone,0.05,3.23,19.48,0.0159,1.8,52.0,19.5,-2.09,0,0
501.8,11.02,314.6,0.2146,LHS Daling,2.54,11.32,11.32,0.224,24.9,74.3,34.5,-1.03,0,0
1482.4,52.64,196.0,-2.07792,MCT zone,2.86,21.27,54.3,0.1345,18.6,87.1,70.3,-3.36,0,0
1521.2,49.46,194.5,-3.28752,LHS Daling,0.12,2.96,20.36,0.0422,21.7,67.9,31.4,-3.4,0,0
389.1,5.51,322.7,0.14962,GHS paro,6.73,35.59,95.15,0.1891,24.3,87.0,62.6,-3.03,0,0
425.2,28.56,166.6,-2.9424,LHS Daling,0.12,4.16,8.77,0.0279,19.6,46.2,22.0,-1.78,0,0
1404.7,20.24,103.3,0.4355,MCT zone,7.46,58.43,112.99,0.1277,9.9,83.4,65.8,0.69,0,0
1847.3,50.31,113.0,-0.18639,GHS paro,0.75,1.02,12.61,0.7303,7.1,73.6,43.5,-0.04,0,0
1446.3,43.19,143.6,-0.28008,LHS Daling,0.29,0.29,0.29,1.0,11.0,54.7,29.3,-1.01,0,0
3260.7,18.21,114.8,0.48017,GHS paro,10.05,37.68,75.03,0.2668,3.5,74.3,54.8,-10.93,1,0
3567.4,32.17,208.3,0.1915,GHS paro,3.85,50.42,98.49,0.0763,5.9,88.3,50.4,-2.23,0,0
1333.5,23.81,265.5,0.429,Sedimentary/Alluvium,0.15,2.08,24.2,0.0699,12.7,67.1,21.9,-2.07,0,0
3646.2,14.11,263.6,0.07334,LHS Daling,8.65,64.59,148.0,0.1339,-4.1,74.2,73.8,-8.07,1,0
2046.1,10.96,189.5,-0.1567,Sedimentary/Alluvium,8.82,55.61,105.86,0.1585,8.6,75.4,69.5,-3.92,0,0
2125.0,46.05,191.0,-2.60639,MCT zone,0.11,1.37,1.37,0.0777,5.3,63.8,29.9,-0.73,0,0
1046.2,48.46,75.2,-4.24367,LHS Daling,32.27,245.0,479.23,0.1317,9.5,89.2,94.1,-6.75,0,1
1615.1,46.21,144.4,-1.08702,MCT zone,0.35,0.35,0.73,1.0,18.4,46.7,39.5,-6.3,1,0
1327.2,11.32,218.4,-0.12993,Sedimentary/Alluvium,17.99,127.35,367.54,0.1413,6.9,85.4,82.0,-5.31,0,0
529.9,13.24,143.1,-0.40633,GHS paro,19.8,141.14,447.94,0.1403,12.3,92.6,89.8,-17.76,1,1
1004.6,25.49,128.0,0.21188,MCT zone,1.16,1.25,4.86,0.9281,18.5,73.8,29.9,-0.29,0,0
2991.2,10.92,113.5,0.07387,LHS Daling,0.22,1.95,1.95,0.1116,7.1,45.0,23.3,-1.31,0,0
3252.8,9.4,252.9,0.16944,LHS Daling,72.25,282.61,629.57,0.2557,-1.4,85.2,92.5,-17.02,1,1
2940.5,35.12,296.9,0.51653,GHS paro,0.18,0.28,13.86,0.6493,3.0,65.2,42.4,-1.36,0,0
1592.3,32.8,219.0,-0.74065,LHS Daling,0.5,4.88,6.55,0.1027,9.6,63.7,30.7,-1.08,0,0
1530.9,36.28,226.3,-0.2088,LHS Daling,1.87,1.87,4.38,1.0,14.7,62.7,32.1,0.72,0,0
548.3,16.33,230.8,0.38563,GHS paro,0.16,5.48,14.32,0.029,19.0,61.0,15.4,-0.75,0,0
2758.9,15.99,213.3,0.80244,Lingtse,0.5,10.47,10.47,0.0479,5.5,48.8,42.7,-0.12,0,0
1899.7,41.84,108.5,-2.08298,GHS paro,8.77,55.84,129.36,0.1571,12.9,71.7,56.5,-2.62,0,0
2758.9,15.99,213.3,0.80244,Lingtse,11.01,59.63,106.55,0.1847,7.2,71.0,50.8,-3.05,0,0
4148.4,43.01,118.0,0.08587,GHS paro,6.61,19.46,66.89,0.3399,-0.5,91.7,73.6,-4.05,0,0
2094.3,11.12,311.6,0.62959,LHS Daling,0.45,0.92,6.79,0.4883,14.9,72.6,43.8,-1.36,0,0
3301.5,16.93,241.9,-0.22144,Sedimentary/Alluvium,0.63,1.01,2.89,0.6249,-1.5,46.4,38.6,-0.86,0,0
3720.6,23.7,313.5,-0.04723,MCT zone,0.0,5.85,15.78,0.0,9.1,45.8,34.5,-1.39,0,0
730.2,21.62,283.1,-0.09948,LHS Daling,16.08,55.73,105.04,0.2886,13.5,88.4,58.6,-2.21,0,0
3326.8,34.33,101.0,1.14927,GHS paro,0.39,3.71,30.4,0.1041,1.6,71.7,43.3,-1.1,0,0
2902.6,21.88,82.5,0.64548,Lingtse,18.99,165.9,480.15,0.1145,2.3,98.4,75.6,-15.96,1,1
4148.4,43.01,118.0,0.08587,GHS paro,32.4,186.27,496.15,0.1739,-1.2,87.6,86.8,-5.46,1,1
1349.7,25.72,58.9,0.17202,Lingtse,28.08,200.99,524.71,0.1397,7.7,98.8,88.1,-6.29,0,1
1814.6,24.96,306.2,-0.06807,LHS Daling,8.81,34.31,75.14,0.2568,16.7,80.0,67.4,-2.09,0,0
3415.5,8.62,177.0,-0.03113,MCT zone,0.7,3.47,3.47,0.202,9.2,45.8,21.5,-1.79,0,0
3599.5,23.11,234.6,-0.42886,Sedimentary/Alluvium,0.39,1.15,1.6,0.3364,8.6,44.9,32.2,-1.33,0,0
2049.6,57.86,121.7,-0.47711,GHS paro,0.25,1.96,6.08,0.1263,8.1,42.7,35.5,-1.62,0,0
1645.0,28.7,48.4,-0.4122,Lingtse,1.07,4.95,4.95,0.2157,12.4,40.4,27.6,0.32,0,0
305.5,8.92,124.9,-0.6282,LHS Daling,21.84,238.59,557.32,0.0915,16.8,85.1,76.3,-5.51,0,0
1508.3,10.85,40.8,0.9759,LHS Daling,12.37,144.16,346.09,0.0858,12.0,92.7,75.8,-22.68,1,1
2759.2,20.87,315.6,-0.4572,Sedimentary/Alluvium,0.01,12.78,36.47,0.0009,5.2,57.2,45.0,-1.24,0,0
1092.3,41.68,175.5,-0.35756,LHS Daling,17.85,200.44,561.02,0.0891,7.7,98.1,84.6,-9.07,0,1
1229.5,19.1,160.5,0.35362,LHS Daling,1.07,33.36,66.99,0.0321,14.0,77.9,68.6,-3.94,0,0
1841.5,17.14,74.3,-0.26724,LHS Daling,14.0,179.53,424.73,0.078,9.6,85.5,91.9,-23.26,1,1
1190.4,21.96,249.8,0.47579,LHS Daling,0.55,49.24,114.04,0.0111,18.8,72.9,70.9,0.23,0,0
2413.3,15.75,50.7,0.22002,LHS Daling,22.32,243.06,610.96,0.0918,5.9,97.7,75.6,-4.44,0,1
688.5,25.28,41.3,-0.25023,GHS paro,0.47,37.11,89.47,0.0126,18.5,75.2,73.2,-4.02,0,0
4590.8,40.4,222.4,1.50857,GHS paro,0.06,3.71,3.71,0.0157,3.4,45.4,38.2,-2.78,0,0
3202.9,6.86,299.0,0.03073,LHS Daling,0.25,1.49,11.29,0.1689,2.6,60.8,36.4,-1.94,0,0
4148.4,43.01,118.0,0.08587,GHS paro,1.98,14.34,14.34,0.1384,2.7,54.0,44.3,-1.69,0,0
1794.3,22.18,179.0,-0.18514,GHS paro,22.52,130.01,296.82,0.1733,10.1,91.2,78.9,-1.29,0,0
2350.5,6.21,340.1,0.26515,MCT zone,41.23,210.97,658.36,0.1954,2.0,98.9,89.8,-20.48,1,1
1766.9,35.09,149.5,-0.2324,LHS Daling,0.1,12.52,12.52,0.0078,10.9,63.0,39.1,-1.75,0,0
610.1,20.44,319.0,-0.41876,MCT zone,6.63,30.33,108.36,0.2187,21.3,76.5,68.7,-11.28,1,1
2583.0,16.52,134.4,0.01752,GHS paro,0.28,5.46,5.46,0.0514,11.3,58.3,39.5,-0.5,0,0
4512.6,39.73,232.3,0.14858,GHS paro,0.15,4.73,9.48,0.0317,-8.0,60.8,17.1,-1.46,0,0
682.4,17.93,237.2,0.23172,LHS Daling,2.52,46.39,140.32,0.0544,21.5,84.6,66.6,-1.26,0,0
3369.8,20.01,277.5,-0.12099,Sedimentary/Alluvium,0.48,1.35,9.22,0.3559,1.1,49.5,44.8,-0.12,0,0
1062.6,25.3,123.1,-0.36827,Sedimentary/Alluvium,11.58,71.34,116.78,0.1623,14.3,82.3,69.0,-1.95,0,0
3604.1,18.86,38.4,-0.15527,LHS Daling,2.27,43.04,101.51,0.0528,4.5,81.6,53.0,-12.02,1,0
1591.7,13.12,130.5,0.12791,LHS Daling,9.4,44.52,88.34,0.2112,7.7,83.2,68.6,-2.58,0,0
2748.5,35.8,306.9,-2.6087,GHS paro,0.13,1.34,5.25,0.1001,10.5,71.6,28.2,-1.8,0,0
2196.0,12.1,199.5,-0.11611,MCT zone,0.55,4.75,7.07,0.1167,7.1,44.6,38.7,-1.07,0,0
1821.1,7.27,283.9,0.14598,LHS Daling,0.57,2.97,2.97,0.191,15.4,52.7,27.2,-1.2,0,0
1704.5,29.77,186.6,1.09413,LHS Daling,0.37,1.68,1.68,0.2194,11.8,71.0,41.5,-0.34,0,0
1814.6,24.96,306.2,-0.06807,LHS Daling,2.79,50.15,100.87,0.0556,14.6,81.9,49.0,-2.5,0,0
532.6,23.84,169.9,0.35797,LHS Daling,15.63,125.3,365.46,0.1247,13.6,97.5,97.5,-4.65,0,1
3487.7,8.88,245.3,-0.44787,LHS Daling,23.01,262.27,594.05,0.0877,-1.7,93.3,81.9,-2.8,0,1
3209.8,18.39,195.7,-0.05584,GHS paro,2.67,55.95,146.05,0.0478,-1.7,89.0,61.1,-2.26,0,0
2255.2,18.93,65.5,0.16552,MCT zone,18.81,130.4,354.54,0.1442,8.4,86.1,73.8,-16.24,1,1
300.5,22.07,358.2,-0.05538,Lingtse,0.12,3.18,11.49,0.0381,24.7,47.6,23.8,-2.14,0,0
3288.2,17.98,117.5,0.00969,Sedimentary/Alluvium,0.38,2.09,21.58,0.1824,2.4,62.8,28.9,-0.64,0,0
3600.1,42.45,163.5,2.90804,Lingtse,0.37,3.82,18.82,0.0971,5.6,64.8,34.5,-1.08,0,0
2671.4,22.84,350.5,-0.35119,MCT zone,23.94,188.81,392.08,0.1268,1.1,93.1,79.3,-10.33,1,1
2027.4,47.79,96.3,1.9299,GHS paro,5.56,74.45,137.12,0.0747,8.7,83.8,68.6,-0.98,0,1
2179.8,33.62,100.7,-2.82777,GHS paro,5.13,44.16,135.85,0.1161,8.0,85.3,50.0,-5.38,0,0
2075.9,24.07,354.5,0.55371,LHS Daling,1.68,3.98,17.81,0.4211,6.7,49.9,26.2,-7.46,1,0
2160.2,49.25,326.6,-0.3787,Lingtse,0.02,4.32,4.32,0.004,17.4,61.1,36.8,1.44,0,0
4582.8,34.65,334.3,0.99249,GHS paro,4.18,30.62,123.49,0.1364,-1.9,72.6,54.5,-1.86,0,0
2464.5,51.74,157.8,-1.33198,GHS paro,22.58,144.31,592.08,0.1564,1.4,98.9,77.1,-9.99,0,1
3513.3,18.91,356.4,-1.13942,LHS Daling,5.24,38.13,112.64,0.1375,4.2,82.1,61.9,-2.07,0,0
3596.0,10.42,53.5,0.05009,LHS Daling,3.84,31.32,80.23,0.1226,1.0,80.6,70.6,0.07,0,0
1566.5,23.82,195.4,-0.49104,MCT zone,12.16,109.51,317.55,0.1111,13.7,88.4,97.1,-19.97,1,1
3369.8,20.01,277.5,-0.12099,Sedimentary/Alluvium,8.38,51.74,101.51,0.162,2.6,90.6,67.4,-3.47,0,0
2141.5,41.36,203.4,-0.19798,GHS paro,2.36,24.89,72.5,0.095,3.7,77.9,51.1,-11.43,1,0
2038.1,44.47,259.7,2.3606,GHS paro,16.94,178.86,402.16,0.0947,2.8,97.3,95.8,-8.09,0,1
1199.4,41.33,95.5,-1.01232,GHS paro,5.69,25.29,76.76,0.2249,10.9,70.8,73.3,-2.75,0,0
1146.9,12.75,186.4,0.56489,MCT zone,8.12,42.62,97.93,0.1906,17.2,91.3,65.5,-3.75,0,0
408.3,16.97,274.9,0.48524,GHS paro,4.18,40.94,98.67,0.1021,15.7,85.4,49.1,-1.68,0,0
989.2,20.7,126.2,0.18095,MCT zone,5.74,23.82,65.84,0.2409,18.0,71.4,72.9,-7.61,1,1
3349.2,9.19,205.8,0.43147,Lingtse,0.66,2.71,10.8,0.242,4.7,70.3,38.1,-10.84,1,0
2560.4,18.55,4.7,0.49107,GHS paro,1.35,36.86,136.0,0.0366,3.5,85.9,67.1,-3.14,0,0
2798.8,7.46,83.4,-0.26054,MCT zone,0.67,0.67,9.11,1.0,10.8,66.5,23.0,-0.56,0,0
2891.7,22.74,122.4,0.80535,Sedimentary/Alluvium,24.64,139.61,469.0,0.1765,1.4,93.9,83.3,-19.65,1,1
857.1,39.59,151.5,-1.7256,LHS,4.66,21.4,76.85,0.2178,18.2,74.5,63.7,-2.54,0,0
4499.6,40.3,286.2,0.7962,GHS paro,1.76,39.59,94.19,0.0445,-8.9,87.0,58.8,-4.83,0,0
4512.6,39.73,232.3,0.14858,GHS paro,0.41,0.41,0.95,1.0,-1.2,57.1,43.1,-2.29,0,0
778.1,24.13,299.6,-0.09059,Lingtse,7.26,41.59,141.51,0.1746,19.4,72.3,68.7,-4.88,0,0
1207.7,14.78,49.3,-0.06998,MCT zone,26.9,111.7,406.34,0.2408,13.8,96.0,81.7,-20.81,1,1
2013.5,49.99,135.7,0.11894,Lingtse,0.05,1.53,8.01,0.0323,15.0,68.5,40.5,-1.54,0,0
2550.1,16.02,143.2,0.25888,GHS paro,0.36,4.19,4.19,0.087,12.5,70.4,40.0,-2.38,0,0
1991.5,34.08,125.7,-0.29519,GHS paro,0.46,9.45,9.45,0.049,7.4,68.3,20.5,-0.53,0,0
2192.4,10.7,65.2,-0.17125,Sedimentary/Alluvium,0.23,13.12,13.72,0.0172,11.3,67.1,17.6,-4.12,1,0
2946.7,7.94,322.0,0.07682,GHS paro,47.09,218.45,506.29,0.2155,-2.7,89.0,95.3,-20.97,1,1
3041.2,9.47,54.4,0.4659,LHS Daling,0.21,8.31,8.31,0.0252,1.1,73.6,15.3,0.21,0,0
1562.4,47.91,131.9,1.22189,GHS paro,0.43,0.43,46.05,1.0,15.5,52.1,15.1,-1.64,0,0
1497.7,49.54,200.5,-0.696,GHS paro,4.55,25.97,69.35,0.1754,16.5,81.7,72.5,-0.42,0,0
331.6,18.56,29.4,0.64615,LHS Daling,0.28,3.67,5.48,0.0753,28.5,66.2,16.3,-2.19,0,0
3415.3,9.1,240.5,0.13235,MCT zone,2.97,26.27,70.37,0.1132,-0.4,91.0,60.9,-3.47,0,0
3008.6,5.66,54.6,0.96137,LHS Daling,0.79,2.51,9.54,0.3145,8.8,66.8,41.6,-1.35,0,0
1592.3,32.8,219.0,-0.74065,LHS Daling,41.76,180.82,560.48,0.2309,11.7,93.0,79.8,-27.3,1,1
2672.3,22.09,267.7,0.74164,LHS Daling,1.57,33.51,57.73,0.0468,1.2,91.3,71.0,-14.99,1,1
969.9,42.54,180.8,-0.39642,Lingtse,0.62,3.87,28.35,0.1608,15.3,64.7,24.1,0.23,0,0
1778.9,5.72,121.2,0.21744,Sedimentary/Alluvium,0.06,1.57,16.15,0.0373,15.4,54.8,35.9,-1.46,0,0
2554.5,18.18,203.7,0.23701,LHS Daling,0.04,1.53,12.95,0.0232,3.3,61.1,22.8,-1.14,0,0
730.5,7.13,55.9,0.25351,Sedimentary/Alluvium,24.94,316.92,817.23,0.0787,14.0,95.6,75.1,-20.69,1,1
3732.6,14.96,342.1,-0.2306,Lingtse,3.23,3.23,12.17,1.0,7.6,68.8,40.3,-1.76,0,0
468.7,17.27,96.1,0.31134,GHS paro,3.94,31.83,81.24,0.1237,17.4,81.6,67.3,-2.03,0,0
1472.0,54.78,182.9,0.28802,LHS Daling,1.33,1.64,26.24,0.813,20.7,51.8,31.6,-1.91,0,0
2040.2,43.41,171.1,-0.70626,MCT zone,0.25,5.91,5.91,0.043,13.2,74.3,43.1,-1.57,0,0
660.7,39.26,115.7,-1.5672,LHS,47.78,248.75,680.09,0.1921,13.8,94.9,95.4,-20.05,1,1
1268.6,39.29,122.2,-0.30767,LHS Daling,9.21,41.42,82.67,0.2223,17.3,91.2,62.9,-5.79,0,0
1138.9,46.46,208.0,-2.54674,LHS Daling,14.61,80.36,364.02,0.1819,10.6,96.9,83.7,-1.07,0,1
3458.6,20.25,13.2,-0.28736,MCT zone,1.76,1.76,1.76,1.0,3.8,43.4,28.8,-3.34,0,0
3733.5,20.5,178.4,0.00122,LHS Daling,10.88,32.17,83.51,0.3383,5.1,76.7,54.2,-3.37,0,0
1790.0,23.0,168.5,-0.75059,GHS paro,2.19,22.29,83.48,0.0982,10.9,79.4,62.6,-5.89,0,0
2266.1,41.78,145.4,-0.22321,LHS Daling,0.48,1.07,8.73,0.4491,17.0,61.9,23.8,-0.21,0,0
4642.6,33.21,302.0,2.89059,GHS paro,15.24,189.12,465.82,0.0806,-13.2,87.1,76.3,-14.14,1,1
299.2,38.62,188.6,-1.9356,LHS Daling,6.72,37.88,103.58,0.1775,20.9,74.2,59.2,-5.93,0,0
334.7,25.93,124.5,0.30643,Sedimentary/Alluvium,0.15,0.37,1.58,0.41,24.9,48.6,23.3,-2.51,0,0
2596.5,49.8,148.5,1.2339,GHS paro,0.6,0.6,2.03,1.0,15.8,53.7,30.7,-0.82,0,0
2006.7,21.87,221.7,0.21466,Lingtse,0.19,6.81,6.81,0.0283,19.9,64.8,27.0,-2.08,0,0
3415.5,8.62,177.0,-0.03113,MCT zone,0.56,61.77,114.49,0.009,-0.3,91.8,73.3,-3.1,0,0
1333.5,23.81,265.5,0.429,Sedimentary/Alluvium,1.45,7.23,32.93,0.2005,10.6,83.2,70.9,-12.37,1,0
2473.2,24.97,355.1,-0.19355,GHS paro,38.07,198.4,490.17,0.1919,7.0,86.2,88.7,-17.19,1,1
2902.6,21.88,82.5,0.64548,Lingtse,24.82,167.63,440.18,0.1481,1.8,97.2,94.7,-6.89,0,1
3718.8,7.56,191.7,-0.01022,Sedimentary/Alluvium,0.08,8.28,20.45,0.0095,8.0,71.0,39.1,-1.36,0,0
1846.5,23.5,127.5,-1.19452,GHS paro,1.02,1.02,1.18,1.0,18.9,40.1,26.0,-1.05,0,0
3851.6,42.12,327.1,0.21686,GHS paro,16.25,93.86,377.47,0.1732,-0.7,86.3,72.0,-23.55,1,0
3219.5,11.7,250.7,-0.27109,LHS Daling,3.67,14.48,52.03,0.2532,3.3,78.6,70.8,-1.57,0,0
503.3,22.02,38.5,-0.05904,Lingtse,16.74,108.75,334.34,0.1539,20.3,87.6,95.5,-10.83,1,1
1051.0,33.65,159.3,-0.39957,LHS Daling,37.06,176.64,452.95,0.2098,17.2,96.4,74.2,-23.49,1,1
2420.2,24.49,321.4,0.0304,LHS Daling,0.69,4.08,4.08,0.1699,8.0,53.8,30.6,-0.9,0,0
932.5,38.04,242.0,-1.27259,LHS Daling,11.49,42.83,79.66,0.2682,12.1,76.5,74.9,-3.84,0,0
3810.3,43.15,188.7,0.28721,GHS paro,4.05,75.94,161.42,0.0533,-6.6,79.0,72.4,-2.72,0,0
3081.0,23.13,166.6,0.03145,GHS paro,1.57,29.69,63.54,0.0529,5.9,89.1,72.9,-4.82,0,0
1614.0,34.31,151.7,-2.86202,MCT zone,1.05,4.71,4.71,0.222,9.8,48.3,42.9,-2.52,0,0
3059.6,17.44,277.0,-0.06905,LHS Daling,0.61,1.21,3.46,0.5076,1.0,40.9,40.6,-1.28,0,0
2473.2,24.97,355.1,-0.19355,GHS paro,5.03,39.3,91.09,0.1279,8.9,87.9,48.8,-2.03,0,0
4594.7,28.52,325.7,1.47376,GHS paro,0.73,2.48,2.48,0.296,-0.1,52.7,35.8,-2.12,0,0
382.6,18.03,98.4,-0.01426,MCT zone,1.59,11.09,11.09,0.1431,21.1,45.8,42.0,-9.29,1,0
531.0,21.94,7.7,-0.30272,MCT zone,0.46,0.52,16.87,0.8939,21.7,64.2,38.6,-0.79,0,0
1245.9,5.64,216.2,0.01127,MCT zone,9.94,167.25,513.66,0.0595,6.6,89.9,81.1,-4.74,0,1
1011.3,20.91,250.1,0.37373,GHS paro,5.73,29.35,70.51,0.1953,11.7,83.6,58.1,-14.9,1,0
1011.3,20.91,250.1,0.37373,GHS paro,0.56,13.0,73.01,0.0431,13.0,91.6,60.0,-3.75,0,0
3672.2,21.15,16.5,-0.04006,GHS paro,36.87,222.79,489.23,0.1655,-4.8,94.8,73.5,-17.88,1,1
1837.0,5.95,305.7,-0.38923,GHS paro,0.75,1.66,4.19,0.452,15.7,40.9,42.2,-3.16,0,0
3381.1,16.16,217.1,-0.12209,GHS paro,0.51,3.63,9.33,0.1417,-2.2,58.8,23.3,-2.69,0,0
1562.4,47.91,131.9,1.22189,GHS paro,20.58,70.12,131.01,0.2936,6.7,81.2,74.4,-1.07,0,0
1207.7,14.78,49.3,-0.06998,MCT zone,3.64,32.23,91.42,0.113,15.4,74.6,54.0,-3.9,0,0
1872.7,15.38,316.5,0.29395,MCT zone,3.06,18.58,31.04,0.1646,12.3,72.5,70.5,-9.36,1,0
3304.2,15.92,291.6,-0.69589,Lingtse,0.31,2.82,2.92,0.1082,7.5,46.4,41.9,-2.38,0,0
2071.9,8.92,260.0,0.18141,LHS Daling,4.8,32.72,98.52,0.1467,14.3,91.3,51.6,-1.65,0,0
2266.1,41.78,145.4,-0.22321,LHS Daling,0.04,2.78,2.78,0.0152,5.9,41.3,16.7,-1.65,0,0
1986.9,28.24,139.0,0.91919,LHS Daling,4.82,23.13,87.71,0.2084,15.5,75.2,53.1,-1.91,0,0
692.8,55.94,142.8,-1.60128,LHS Daling,23.94,72.79,164.18,0.3288,16.5,91.3,71.8,-2.96,0,1
2194.9,19.74,42.4,0.03273,GHS paro,11.8,171.19,486.03,0.0689,3.9,98.0,76.8,-3.52,0,1
2973.8,27.73,281.9,0.40624,GHS paro,2.39,61.11,111.15,0.0391,-0.7,80.9,60.5,-2.81,0,0
2669.9,5.32,151.7,0.22333,MCT zone,19.79,159.65,348.26,0.124,7.4,95.2,86.3,-25.72,1,0
331.0,9.11,114.9,0.29684,Lingtse,7.97,43.03,97.0,0.1852,20.1,80.3,48.4,-1.67,0,0
997.3,23.19,93.5,-0.44785,GHS paro,9.28,47.62,267.43,0.195,14.3,87.7,86.3,-6.02,0,0
3648.4,37.26,237.6,-0.18173,GHS paro,9.71,34.23,91.38,0.2838,0.1,70.7,73.6,-2.16,0,0
2769.6,23.73,35.8,-0.25971,LHS Daling,17.68,130.07,335.28,0.1359,1.2,90.7,86.4,-18.73,1,1
1781.5,29.2,56.9,-1.41839,Lingtse,0.09,1.28,7.23,0.0714,19.9,44.7,23.1,-1.07,0,0
2567.4,20.8,342.0,0.11303,LHS Daling,6.32,27.42,53.84,0.2305,8.2,83.0,60.9,-8.6,1,0
2339.8,11.95,269.1,0.36653,GHS paro,0.05,1.56,3.2,0.0342,17.7,53.7,29.8,-2.0,0,0
3326.8,34.33,101.0,1.14927,GHS paro,0.04,1.09,4.27,0.041,6.8,64.3,25.3,-1.64,0,0
3288.2,17.98,117.5,0.00969,Sedimentary/Alluvium,13.55,68.34,154.66,0.1982,-2.2,82.6,60.4,-4.17,0,0
1964.4,21.7,203.9,0.02579,Sedimentary/Alluvium,30.17,175.79,442.76,0.1716,6.8,97.9,94.9,-7.74,0,1
1333.5,23.81,265.5,0.429,Sedimentary/Alluvium,2.08,68.61,122.9,0.0303,17.0,91.8,70.9,-3.84,0,0
1024.5,7.52,182.1,0.6378,MCT zone,0.47,8.02,10.83,0.058,14.0,66.6,17.1,-2.14,0,0
2567.4,20.8,342.0,0.11303,LHS Daling,26.17,128.01,207.97,0.2044,5.3,76.1,59.1,-0.54,0,0
2637.3,19.84,129.2,-0.02864,GHS paro,24.89,132.85,345.91,0.1874,0.2,98.7,80.5,-16.93,1,1
4499.6,40.3,286.2,0.7962,GHS paro,2.57,22.41,61.92,0.1146,-0.6,84.6,63.4,-1.2,0,0
331.0,9.11,114.9,0.29684,Lingtse,3.27,35.76,73.15,0.0913,24.4,71.3,72.0,-3.03,0,0
1508.3,10.85,40.8,0.9759,LHS Daling,18.43,107.55,321.49,0.1714,7.0,87.0,75.7,-18.45,1,0
2105.5,8.16,194.9,-0.63788,MCT zone,1.52,6.12,6.12,0.2478,17.4,46.3,39.6,-2.42,0,0
3034.6,10.04,225.4,0.54995,Lingtse,0.25,2.33,2.33,0.1083,5.4,58.9,45.0,-2.15,0,0
4363.8,44.32,318.6,0.64903,GHS paro,0.34,0.43,3.51,0.7986,0.9,45.3,41.5,-1.14,0,0
2252.0,22.27,63.1,0.43436,MCT zone,12.46,84.84,183.72,0.1469,14.1,76.1,74.0,-2.0,0,0
1098.8,14.19,98.7,0.02467,LHS Daling,0.51,2.01,2.01,0.2527,15.3,53.0,35.5,-2.67,0,0
1560.2,23.92,316.3,-0.22047,LHS Daling,0.08,2.96,12.62,0.026,18.1,62.8,27.5,-0.64,0,0
1995.2,57.09,128.7,-0.48373,GHS paro,10.73,32.99,104.53,0.3254,11.4,70.9,46.2,-4.23,0,0
3444.1,39.43,119.9,0.03141,GHS paro,0.43,12.11,24.12,0.0352,9.1,71.9,43.4,1.47,0,0
484.2,40.05,322.3,-0.20604,LHS Daling,35.05,216.04,494.49,0.1622,19.3,88.7,77.8,-16.73,1,1
688.5,25.28,41.3,-0.25023,GHS paro,21.39,146.22,528.74,0.1463,13.9,96.9,88.8,-18.59,1,0
3652.8,14.68,26.1,-0.57531,MCT zone,0.11,4.08,5.98,0.0267,-3.2,58.6,24.8,-3.11,0,0
1395.2,25.56,131.9,0.47969,LHS Daling,0.12,2.17,34.67,0.0539,21.8,44.0,41.6,-8.06,1,0
2192.4,10.7,65.2,-0.17125,Sedimentary/Alluvium,29.94,223.47,647.52,0.134,5.2,86.2,97.6,-14.11,1,1
2856.0,42.06,153.4,1.5748,GHS paro,27.34,192.39,422.69,0.1421,2.1,96.1,81.3,-1.3,0,1
3599.7,31.12,198.7,1.10566,GHS paro,0.14,4.75,8.21,0.0293,1.1,65.7,34.4,-11.27,1,0
1405.0,38.68,130.5,-3.6744,GHS paro,9.16,42.69,91.32,0.2147,15.4,85.2,65.0,-3.27,0,0
1222.6,22.76,268.0,-1.72628,LHS Daling,0.16,3.37,11.91,0.0474,23.5,64.9,16.3,-1.8,0,0
2071.9,8.92,260.0,0.18141,LHS Daling,3.12,37.19,81.02,0.0838,5.6,74.4,58.9,-5.53,0,0
2310.8,27.02,246.1,0.25513,GHS paro,0.02,12.32,23.03,0.0018,4.5,47.7,45.0,-1.53,0,0
2981.2,15.8,100.8,-0.0154,LHS Daling,2.05,18.16,62.73,0.1128,4.4,77.6,71.9,-1.9,0,0
1656.8,25.23,93.5,0.37304,GHS paro,0.29,1.66,18.55,0.1751,12.7,68.7,27.3,-2.29,0,0
2154.7,38.75,235.8,-1.26287,GHS paro,11.99,182.32,385.28,0.0657,2.5,95.2,95.9,-11.0,1,1
3558.3,28.65,168.7,0.55387,GHS paro,0.42,11.76,11.76,0.0358,1.6,56.6,31.4,-1.01,0,0
2192.4,10.7,65.2,-0.17125,Sedimentary/Alluvium,0.25,0.25,0.78,1.0,6.2,43.0,25.3,-1.95,0,0
1693.0,12.36,151.1,0.08023,GHS paro,2.06,26.61,89.32,0.0774,6.0,84.4,67.4,-3.43,0,0
2704.6,23.24,147.0,-0.15985,Lingtse,0.49,1.3,7.87,0.3781,2.8,56.2,40.8,-0.07,0,0
3675.1,25.7,196.0,-0.79408,GHS paro,32.41,226.11,560.36,0.1433,0.7,98.7,82.6,-28.63,1,1
664.8,11.08,39.8,0.12105,LHS Daling,8.91,29.88,88.95,0.2981,23.3,73.8,61.3,-3.22,0,0
3202.5,16.79,120.6,0.76561,Sedimentary/Alluvium,0.8,3.86,19.85,0.2083,7.9,60.2,43.0,-1.02,0,0
778.1,24.13,299.6,-0.09059,Lingtse,11.9,167.78,440.53,0.0709,11.6,91.7,76.0,-6.0,0,1
363.0,15.24,51.8,-2.0988,LHS Daling,6.89,50.76,113.18,0.1358,14.3,73.4,53.7,-2.83,0,0
2420.2,24.49,321.4,0.0304,LHS Daling,2.38,26.15,57.81,0.0911,11.3,70.1,45.4,-11.85,1,0
2885.1,24.95,2.3,-0.14888,GHS paro,21.34,132.53,355.47,0.161,0.1,90.9,76.9,-17.51,1,1
687.5,15.4,18.7,0.46909,LHS Daling,0.09,1.81,9.0,0.0483,25.1,62.1,42.1,-1.45,0,0
1949.5,8.28,36.6,0.20913,LHS Daling,1.2,1.2,1.71,1.0,17.5,71.2,16.5,-2.83,0,0
2774.8,23.95,354.3,0.10744,GHS paro,4.85,24.44,83.05,0.1986,2.6,74.0,55.8,-7.71,1,0
602.6,6.61,156.9,1.39894,LHS Daling,0.08,13.41,19.8,0.0056,16.4,52.3,18.5,-1.16,0,0
430.5,30.96,128.3,-0.42371,LHS Daling,0.52,1.01,10.28,0.5143,28.5,47.0,38.3,-1.46,0,0
1188.3,43.25,151.2,0.33433,LHS,4.05,68.97,123.97,0.0587,11.2,84.8,70.8,-3.33,0,0
3943.1,33.32,184.0,0.10064,GHS paro,23.22,194.08,447.32,0.1197,-8.3,90.5,92.6,-11.25,1,1
2125.0,46.05,191.0,-2.60639,MCT zone,0.21,1.97,3.1,0.1087,17.3,49.5,36.7,-0.41,0,0
559.2,32.66,164.1,-1.14481,LHS,0.37,7.15,7.15,0.0524,25.3,58.1,38.3,-1.63,0,0
1744.7,29.32,200.9,-1.27967,MCT zone,6.93,36.16,89.54,0.1916,9.2,87.4,70.4,-4.05,0,0
2902.6,21.88,82.5,0.64548,Lingtse,0.1,1.48,1.48,0.0645,4.1,45.4,38.6,-0.29,0,0
531.1,24.61,162.1,-1.8968,LHS Daling,22.78,148.24,385.3,0.1537,18.1,94.9,74.0,-11.91,1,1
1275.7,13.11,170.7,-0.19516,LHS Daling,3.77,32.16,72.52,0.1173,18.1,71.4,65.6,-1.75,0,0
443.9,17.37,166.5,-0.74408,LHS Daling,0.05,10.57,10.57,0.0048,20.1,60.8,26.5,-0.65,0,0
3113.9,20.99,233.9,0.23455,GHS paro,14.03,42.6,110.48,0.3294,5.3,88.1,63.3,-1.96,0,0
1894.5,38.57,137.5,-0.23858,LHS Daling,1.01,20.0,34.16,0.0504,10.8,65.0,29.5,-1.26,0,0
815.6,8.55,96.8,0.1195,Lingtse,2.58,19.93,74.52,0.1293,12.1,78.5,70.9,-4.72,0,0
4419.5,44.36,24.9,-1.97332,GHS paro,2.0,4.95,18.84,0.4044,-7.6,44.5,38.9,-0.81,0,0
2437.7,13.77,55.2,-0.43851,Lingtse,2.76,2.76,2.76,1.0,16.5,72.3,42.3,-1.8,0,0
1464.1,35.14,199.6,-0.4741,LHS Daling,6.92,31.9,83.92,0.2169,14.6,71.3,60.2,-5.11,0,1
1295.0,19.83,280.7,0.2262,LHS Daling,0.21,2.93,5.6,0.0717,24.0,69.8,30.9,-0.04,0,0
3652.3,18.06,11.2,0.03446,LHS Daling,25.2,211.38,534.95,0.1192,-3.4,98.5,76.1,-17.26,1,1
2560.4,18.55,4.7,0.49107,GHS paro,1.59,18.66,58.6,0.0855,3.7,80.2,54.6,-2.81,0,0
2702.1,5.43,62.4,0.0152,LHS Daling,0.08,7.83,7.83,0.0103,12.1,47.4,21.5,-1.33,0,0
3778.5,6.09,29.8,-0.42605,LHS Daling,45.68,183.53,471.38,0.2489,0.5,92.5,88.7,-23.3,1,1
3651.1,24.01,304.0,-0.24229,LHS Daling,18.74,113.83,359.55,0.1646,-0.8,92.4,77.3,-17.3,1,1
3008.6,5.66,54.6,0.96137,LHS Daling,0.23,15.46,17.37,0.015,5.8,40.6,20.9,-1.6,0,0
3477.6,11.76,337.0,0.52704,GHS paro,0.1,11.58,18.89,0.0088,6.8,57.6,18.4,-0.43,0,0
2527.4,5.86,265.5,-0.39585,MCT zone,0.43,6.88,16.14,0.0632,11.0,45.0,28.0,-0.64,0,0
1562.4,47.91,131.9,1.22189,GHS paro,17.52,151.28,426.17,0.1158,4.9,95.9,94.9,-6.61,0,1
1730.2,39.98,116.0,-0.79668,Lingtse,0.14,8.87,43.87,0.0159,15.0,53.9,25.9,-2.25,0,0
2075.9,24.07,354.5,0.55371,LHS Daling,1.32,10.68,46.54,0.124,7.9,81.3,46.5,-3.76,0,0
2324.0,6.59,47.2,-0.25839,Sedimentary/Alluvium,8.36,102.99,264.39,0.0812,8.1,96.5,97.6,-8.26,0,0
1924.3,16.66,223.5,0.49077,LHS Daling,0.16,4.72,4.72,0.0342,12.0,61.4,35.3,-0.37,0,0
453.1,5.19,201.5,0.12393,LHS Daling,0.19,0.38,9.98,0.5158,19.5,70.4,35.1,-0.44,0,0
4512.6,39.73,232.3,0.14858,GHS paro,5.85,29.3,63.4,0.1998,-5.0,75.5,50.0,-3.18,0,0
2213.3,19.37,55.6,-0.22012,GHS paro,0.25,0.51,2.1,0.4917,5.2,72.3,43.4,-1.99,0,0
1420.2,41.49,147.2,-0.96479,LHS Daling,6.66,38.55,77.81,0.1727,10.0,79.9,52.0,-1.09,0,0
1658.6,7.92,286.8,0.04907,LHS Daling,2.6,2.6,6.95,1.0,9.7,61.6,42.8,-4.16,0,0
1246.4,14.84,315.9,0.00588,LHS Daling,0.92,3.03,15.61,0.3033,20.5,67.3,34.5,-3.76,1,0
2877.0,39.45,153.3,3.34671,GHS paro,0.05,5.56,30.68,0.0096,8.5,47.3,42.4,-2.03,0,0
800.1,6.77,83.0,0.12353,LHS Daling,40.55,198.66,470.92,0.2041,16.4,95.0,91.4,-7.52,0,1
3381.1,16.16,217.1,-0.12209,GHS paro,8.66,26.32,74.35,0.329,7.2,84.5,55.7,-5.27,0,0
2108.0,12.09,220.1,-0.33878,LHS Daling,9.78,37.14,63.1,0.2634,9.0,75.6,54.8,-3.52,0,0
548.3,16.33,230.8,0.38563,GHS paro,27.62,162.27,514.78,0.1702,17.8,96.0,95.7,-5.03,0,0
1207.7,14.78,49.3,-0.06998,MCT zone,30.98,178.71,581.06,0.1733,15.2,88.5,86.1,-13.03,1,1
566.8,5.83,250.2,-0.17893,LHS Daling,0.16,0.22,1.77,0.7247,23.0,45.5,25.0,-1.07,0,0
3649.6,29.28,332.0,0.89263,GHS paro,0.3,0.63,6.78,0.4839,-0.3,67.5,33.3,-1.86,0,0
1619.6,41.04,151.0,-0.22871,Lingtse,0.28,3.61,6.96,0.0774,10.6,56.3,30.4,-2.04,0,0
969.9,42.54,180.8,-0.39642,Lingtse,1.36,1.36,3.66,1.0,19.9,40.4,43.9,-0.76,0,0
366.9,5.56,65.0,-0.54876,MCT zone,9.55,30.22,79.15,0.3162,17.0,71.2,70.4,-5.37,0,0
396.4,11.66,147.4,0.49444,LHS Daling,0.7,31.05,72.49,0.0225,17.6,87.1,54.2,-0.03,0,0
965.4,12.92,254.3,-0.11816,MCT zone,56.16,301.11,683.89,0.1865,13.3,91.8,72.4,-18.2,1,1
2112.9,22.9,162.5,0.20638,LHS Daling,0.31,0.74,22.89,0.4174,10.4,70.3,30.1,-1.38,0,0
4541.2,37.09,227.8,-0.65604,GHS paro,0.02,0.09,3.54,0.1967,-0.8,71.9,27.2,-1.82,0,0
351.4,25.37,227.7,-0.46797,MCT zone,0.75,3.91,11.61,0.1921,24.2,66.7,44.5,-1.19,0,0
3758.1,25.24,93.4,0.06774,LHS Daling,0.48,6.7,6.7,0.0714,7.4,69.7,20.8,-1.96,0,0
2194.9,19.74,42.4,0.03273,GHS paro,1.24,3.77,3.77,0.3278,13.3,66.1,15.8,-1.27,0,0
2427.1,19.38,57.9,0.48841,Lingtse,0.44,1.98,2.91,0.2235,14.9,64.1,41.8,-6.4,1,0
2540.8,29.68,152.5,-1.31359,GHS paro,0.15,9.37,9.37,0.0155,6.8,64.4,35.9,-1.2,0,0
3716.0,17.73,8.9,-0.32127,LHS Daling,31.53,261.95,687.96,0.1204,-6.1,94.5,84.5,0.22,0,1
410.6,43.92,192.2,-0.7893,LHS Daling,5.67,18.94,80.11,0.2995,23.8,79.4,58.1,-2.04,0,0
3484.8,17.25,291.4,-0.17498,Sedimentary/Alluvium,1.66,37.34,121.68,0.0446,-3.1,79.8,65.1,-4.74,1,0
1268.6,39.29,122.2,-0.30767,LHS Daling,0.2,5.12,17.42,0.0386,15.6,63.8,41.5,-1.12,0,0
1855.0,57.32,205.3,3.78481,GHS paro,21.74,143.02,347.58,0.152,12.3,85.4,97.1,-7.4,0,1
4521.2,38.66,226.7,0.80585,GHS paro,19.19,120.77,341.13,0.1589,-11.7,92.9,81.6,-14.83,1,1
738.8,18.97,38.2,-2.5722,LHS Daling,0.57,9.95,9.95,0.0577,18.5,62.6,29.3,-9.67,1,1
2541.7,14.42,154.0,0.32629,GHS paro,7.88,35.29,91.13,0.2232,7.5,82.2,46.4,-16.0,1,0
880.1,10.81,355.2,0.41198,LHS Daling,9.62,56.35,136.7,0.1707,15.9,89.3,59.5,-5.17,0,0
1508.2,12.26,45.1,-0.10094,LHS Daling,1.1,1.1,30.93,1.0,22.5,61.0,39.3,-1.45,0,0
4511.9,25.93,229.5,0.87586,GHS paro,11.28,148.79,522.03,0.0758,-5.7,94.9,79.8,-2.92,0,0
1626.8,22.68,335.5,-1.1489,GHS paro,8.46,109.02,365.55,0.0776,12.4,93.2,92.5,-12.7,1,1
1389.3,12.77,209.9,-0.02231,MCT zone,33.64,148.56,408.19,0.2264,10.5,90.0,72.8,-7.57,1,1
624.9,19.38,294.2,-0.16151,LHS Daling,0.52,7.81,11.28,0.0663,27.1,65.6,36.7,-1.97,0,0
2112.9,22.9,162.5,0.20638,LHS Daling,0.37,1.26,5.06,0.2913,14.8,44.2,37.1,-1.39,0,0
1690.0,27.87,149.8,-4.31281,GHS paro,0.03,0.77,4.15,0.0373,15.1,47.7,35.0,-0.92,0,0
2774.4,12.9,250.6,-0.23221,MCT zone,0.14,13.8,19.85,0.0104,5.2,56.7,18.8,-2.41,0,0
484.2,40.05,322.3,-0.20604,LHS Daling,30.27,209.55,461.19,0.1445,14.0,95.7,85.2,-18.27,1,1
2723.7,18.69,231.8,0.38555,Lingtse,11.03,69.1,134.52,0.1596,8.3,84.2,74.4,-10.66,1,0
932.5,38.04,242.0,-1.27259,LHS Daling,1.66,27.39,53.55,0.0607,16.2,77.0,50.6,-3.2,0,0
2111.1,15.98,223.2,0.34803,MCT zone,2.33,12.69,39.99,0.1838,15.3,80.6,48.2,-5.3,0,0
408.3,16.97,274.9,0.48524,GHS paro,0.08,0.57,14.72,0.1379,22.5,62.9,43.4,-1.17,0,0
3511.2,23.83,246.8,-0.11672,Lingtse,0.84,0.98,0.98,0.8637,3.9,59.7,37.2,-2.3,0,0
4077.5,41.88,151.5,-0.12041,GHS paro,0.09,1.57,6.33,0.0542,3.7,56.1,32.9,-6.32,1,0
459.8,7.31,124.5,0.28047,MCT zone,0.3,0.41,2.56,0.7321,21.8,59.9,29.8,-2.33,0,0
865.9,19.26,288.6,-0.24313,MCT zone,0.48,10.64,10.64,0.0451,24.6,58.0,28.1,-2.59,0,0
2252.0,22.27,63.1,0.43436,MCT zone,0.54,1.02,16.6,0.5319,11.9,57.9,22.7,-1.8,0,0
1398.9,12.55,228.1,-0.3144,LHS Daling,6.68,105.8,291.18,0.0631,11.8,95.7,77.1,-5.54,0,0
2005.5,50.54,108.2,2.66679,GHS paro,18.51,112.07,364.16,0.1652,11.5,89.5,83.1,-22.85,1,1
3326.8,34.33,101.0,1.14927,GHS paro,0.26,2.69,4.62,0.0983,11.1,41.1,21.2,0.01,0,0
1712.4,47.63,212.2,-1.87086,MCT zone,0.02,3.13,3.13,0.0054,21.4,42.2,21.9,-1.82,0,0
717.9,43.3,191.4,-0.63443,LHS,3.99,35.77,76.81,0.1115,20.6,88.2,62.7,2.11,0,0
624.9,19.38,294.2,-0.16151,LHS Daling,38.76,155.18,425.33,0.2497,19.3,95.9,81.5,-11.1,1,1
990.0,58.25,149.9,-0.23042,LHS Daling,18.17,156.76,490.22,0.1159,14.0,92.3,86.7,-17.65,1,1
2086.5,8.42,14.2,-0.35392,GHS paro,0.36,1.01,2.19,0.3605,16.9,48.7,41.0,-2.59,0,0
3354.6,5.95,44.7,0.39851,LHS Daling,2.24,2.24,13.34,1.0,-1.6,73.2,31.6,-1.08,0,0
2542.2,16.28,322.1,-0.20191,Lingtse,1.91,6.82,7.05,0.2805,8.2,40.1,39.0,-3.09,0,0
1044.3,7.93,92.8,-0.58575,Lingtse,3.24,22.58,42.74,0.1433,10.7,80.1,66.8,-3.87,0,0
3178.5,18.81,83.2,0.67108,GHS paro,16.01,191.33,434.28,0.0837,-3.6,92.8,94.7,-14.91,1,1
2833.9,12.12,73.9,-0.49755,MCT zone,0.31,2.53,6.75,0.1229,5.5,48.3,22.0,-2.91,0,0
3758.1,25.24,93.4,0.06774,LHS Daling,37.33,184.53,451.34,0.2023,-7.5,96.6,75.4,-6.89,0,1
907.5,44.38,179.0,-0.57958,LHS Daling,0.55,0.55,7.84,1.0,25.3,60.8,28.4,-0.9,0,0
818.9,43.59,159.2,-0.94059,LHS Daling,0.12,0.5,7.75,0.2486,26.8,40.2,21.2,-2.6,0,0
334.7,25.93,124.5,0.30643,Sedimentary/Alluvium,6.32,21.29,88.41,0.297,22.0,78.1,63.5,-10.62,1,0
1275.2,20.02,87.0,-0.7092,LHS Daling,2.69,12.19,58.17,0.2204,20.0,82.1,55.5,-1.94,0,0
1316.8,14.95,154.9,-0.62528,LHS Daling,8.18,31.86,114.79,0.2568,18.2,81.3,57.9,-8.51,1,0
2060.8,6.92,150.3,0.19639,LHS Daling,0.22,1.07,3.11,0.2069,13.8,54.8,40.6,-0.61,0,0
969.9,42.54,180.8,-0.39642,Lingtse,1.86,27.39,73.87,0.0678,15.2,79.1,55.3,-9.47,1,0
3199.6,5.38,214.7,0.6246,Sedimentary/Alluvium,4.35,35.41,86.78,0.1228,-2.4,78.7,54.9,-2.62,0,0
1940.7,16.4,303.1,-0.1397,Sedimentary/Alluvium,3.1,23.67,130.73,0.1308,11.8,79.0,49.5,-2.35,0,0
2266.1,41.78,145.4,-0.22321,LHS Daling,1.05,3.1,9.66,0.3379,17.0,42.6,22.8,-0.64,0,0
1646.2,36.67,82.4,-0.82978,GHS paro,21.72,171.53,394.46,0.1266,4.2,86.9,88.4,-8.25,0,0
656.6,15.35,208.8,-0.24391,Lingtse,0.74,0.74,1.18,1.0,24.6,50.1,35.6,-5.12,1,0
2192.4,10.7,65.2,-0.17125,Sedimentary/Alluvium,12.46,56.55,111.42,0.2202,7.8,71.3,46.3,-3.71,0,0
1521.2,49.46,194.5,-3.28752,LHS Daling,0.84,2.05,2.09,0.4105,19.2,74.4,24.6,-1.9,0,0
1899.7,41.84,108.5,-2.08298,GHS paro,10.28,97.45,188.57,0.1055,7.9,86.3,54.0,-5.79,0,1
656.6,15.35,208.8,-0.24391,Lingtse,31.45,146.14,458.77,0.2152,12.9,89.5,91.6,-9.49,0,1
2075.9,24.07,354.5,0.55371,LHS Daling,4.57,25.09,58.45,0.1823,15.3,73.9,54.3,-5.19,0,0
2579.0,12.87,128.2,-0.26057,Sedimentary/Alluvium,14.36,83.57,245.43,0.1719,-0.2,93.3,75.9,-25.08,1,0
410.2,34.47,166.5,-0.766,LHS,4.08,24.51,48.52,0.1664,19.0,70.0,62.6,-0.42,0,0
1967.7,30.88,229.9,-0.71852,LHS Daling,1.33,1.33,17.32,1.0,7.6,43.2,18.2,-1.52,0,0
2196.5,33.42,61.2,-3.38042,GHS paro,0.76,2.14,4.19,0.3543,18.4,43.5,33.0,0.01,0,0
740.5,26.66,106.3,1.23245,LHS Daling,12.9,42.8,110.57,0.3015,13.0,86.1,60.8,-14.82,1,1
799.1,15.34,143.0,-0.62236,LHS Daling,0.25,0.6,0.61,0.4096,21.3,40.4,22.6,-4.02,0,0
532.6,23.84,169.9,0.35797,LHS Daling,10.39,39.14,89.38,0.2654,21.7,91.6,48.2,-2.15,0,0
2473.2,24.97,355.1,-0.19355,GHS paro,29.65,166.08,389.69,0.1785,2.4,88.2,97.1,-7.71,0,0
3646.2,14.11,263.6,0.07334,LHS Daling,0.53,0.53,5.25,1.0,-0.0,60.4,36.3,-1.48,0,0
3444.9,37.05,164.1,0.98655,GHS paro,0.14,6.56,6.56,0.021,0.8,59.9,22.8,0.03,0,0
1648.0,35.14,168.2,-2.03151,GHS paro,33.67,338.9,702.27,0.0993,9.4,87.6,89.3,-3.12,0,1
559.2,32.66,164.1,-1.14481,LHS,1.61,34.76,88.82,0.0463,18.8,73.4,64.7,-10.39,1,1
2709.4,18.25,87.5,-0.48958,LHS Daling,9.71,35.11,114.29,0.2765,10.4,86.1,71.0,-0.6,0,0
1681.0,20.99,143.6,-0.02504,GHS paro,5.36,60.96,139.52,0.088,9.5,76.3,66.1,-4.21,0,0
548.3,16.33,230.8,0.38563,GHS paro,0.16,1.16,35.17,0.1408,18.8,58.6,36.5,-0.61,0,0
3178.9,8.0,339.4,-0.21145,LHS Daling,0.54,3.02,3.02,0.1772,6.1,49.5,43.0,-2.14,0,0
2051.4,10.9,237.0,-0.00135,GHS paro,4.89,23.24,63.16,0.2103,13.4,75.8,56.2,-2.14,0,0
313.4,16.73,80.8,0.15787,GHS paro,0.11,4.59,29.48,0.0241,25.7,73.9,33.4,-0.24,0,0
2877.0,39.45,153.3,3.34671,GHS paro,2.39,16.73,68.43,0.1429,10.4,80.1,55.9,-2.16,0,0
1163.1,23.99,354.2,0.17153,GHS paro,0.29,11.97,11.97,0.0242,15.0,57.5,34.9,0.35,0,0
724.2,32.49,236.1,-0.45072,LHS Daling,3.0,15.95,48.64,0.1878,14.8,91.1,45.0,-12.27,1,0
2666.6,17.62,67.2,0.69102,LHS Daling,1.19,23.7,49.82,0.0503,9.2,74.4,60.5,-4.81,0,0
2071.9,8.92,260.0,0.18141,LHS Daling,0.27,2.62,34.38,0.1024,11.4,62.0,25.8,-2.28,0,0
907.5,44.38,179.0,-0.57958,LHS Daling,0.2,9.47,9.47,0.0209,13.7,64.1,31.2,-1.68,0,0
4543.8,34.68,272.8,2.8904,GHS paro,36.65,187.88,522.11,0.1951,-11.9,87.2,84.9,-27.91,1,1
1576.1,13.99,294.3,0.2155,GHS paro,1.66,48.36,120.79,0.0344,8.8,70.7,48.3,-3.24,0,0
4468.7,25.01,162.9,-0.27643,GHS paro,10.99,145.87,467.99,0.0753,-4.9,95.2,82.1,-10.71,1,0
1041.9,31.76,168.8,-0.47383,LHS,3.15,16.81,70.71,0.1876,14.1,73.6,57.9,1.05,0,0
1979.2,57.72,111.8,3.02618,GHS paro,0.01,0.58,21.99,0.0162,7.4,54.4,43.6,-2.84,0,0
770.5,18.51,107.0,0.41596,LHS Daling,2.61,23.19,73.63,0.1127,14.8,81.8,47.3,-3.48,1,0
1208.4,16.17,248.2,1.03583,LHS Daling,2.57,13.05,25.94,0.1967,16.8,86.5,47.6,-4.19,0,0
518.6,15.57,79.6,-0.01092,MCT zone,0.25,2.61,2.61,0.0975,21.4,73.3,28.7,-1.94,0,0
4543.8,34.68,272.8,2.8904,GHS paro,0.4,0.79,9.35,0.5053,-9.0,41.6,16.6,-0.97,0,0
1866.9,6.86,163.9,0.45938,GHS paro,9.19,50.38,137.83,0.1824,16.0,88.6,60.0,-8.71,1,0
3642.9,24.55,126.3,0.22249,GHS paro,1.77,17.85,56.31,0.0992,4.2,74.9,54.7,-2.59,0,0
4534.4,36.56,198.3,0.20137,GHS paro,4.87,34.41,127.09,0.1415,-7.3,84.4,71.4,-1.94,0,0
2707.0,24.74,329.6,0.58847,Lingtse,12.69,141.05,395.77,0.09,2.5,91.1,80.7,-15.55,1,1
1092.3,41.68,175.5,-0.35756,LHS Daling,0.05,0.28,8.43,0.1689,15.4,53.3,38.2,-1.32,0,0
1847.3,50.31,113.0,-0.18639,GHS paro,1.01,3.13,6.06,0.3219,19.4,70.6,25.1,-0.17,0,0
331.0,9.11,114.9,0.29684,Lingtse,6.09,23.88,58.52,0.2548,20.2,76.5,62.6,-12.43,1,0
2707.0,24.74,329.6,0.58847,Lingtse,5.37,22.31,45.17,0.2407,5.7,70.9,47.5,-5.47,0,0
2413.3,15.75,50.7,0.22002,LHS Daling,0.97,0.97,12.95,1.0,9.6,70.9,15.6,-0.11,0,0
1706.2,6.79,265.7,-0.52473,GHS paro,15.13,125.01,335.54,0.1211,6.2,90.2,95.9,-2.28,0,0
1196.3,44.52,182.3,-0.23283,LHS Daling,47.32,219.23,564.2,0.2158,10.1,93.1,88.8,-14.36,1,1
3648.8,5.95,287.1,-0.32728,LHS Daling,12.12,130.85,293.51,0.0926,1.0,86.3,80.0,-3.72,0,1
514.0,26.94,132.2,-1.02869,LHS Daling,0.74,2.5,5.41,0.2974,15.8,50.6,44.7,-0.26,0,0
2925.0,45.82,188.1,1.92397,GHS paro,7.36,91.39,199.06,0.0806,2.4,77.8,73.6,-5.06,0,0
1131.0,9.8,123.1,0.65337,Lingtse,0.35,11.0,11.0,0.0317,13.8,50.5,34.1,-1.59,0,0
2307.4,8.64,314.3,-0.59156,LHS Daling,8.64,32.99,92.76,0.2618,5.1,70.1,53.2,-2.45,0,0
4521.2,38.66,226.7,0.80585,GHS paro,1.17,3.28,3.28,0.3557,1.1,50.0,30.4,-2.37,0,0
960.7,44.81,330.4,1.55507,LHS Daling,15.09,161.01,455.01,0.0937,14.5,86.9,75.8,-24.03,1,1
3645.7,19.75,195.0,0.38268,GHS paro,7.45,41.66,70.86,0.1787,0.1,79.5,70.6,1.95,0,0
2424.8,24.06,12.1,0.44221,LHS Daling,1.13,6.62,6.95,0.1706,6.3,59.4,22.7,-2.4,0,0
1592.3,32.8,219.0,-0.74065,LHS Daling,0.48,12.1,48.04,0.0394,16.8,81.0,52.6,-0.2,0,0
970.8,55.82,177.1,-1.0098,LHS Daling,0.79,8.66,17.97,0.0909,25.5,73.9,35.5,-0.92,0,0
508.3,5.35,162.9,-0.08985,Lingtse,44.28,188.37,476.25,0.2351,13.7,93.8,82.3,-22.33,1,1
723.6,24.67,209.0,-0.6372,LHS Daling,6.24,27.18,88.2,0.2296,20.6,73.5,61.9,-3.96,0,0
1024.5,7.52,182.1,0.6378,MCT zone,0.81,0.81,5.88,1.0,14.4,63.7,34.2,-1.84,0,0
694.0,11.83,263.1,-0.1975,GHS paro,7.81,38.1,107.26,0.205,18.5,75.3,49.2,-14.46,1,0
3784.0,6.33,181.0,0.1386,LHS Daling,0.04,0.69,11.96,0.0556,-3.6,53.1,37.0,-3.73,0,0
3264.7,20.86,235.6,0.18657,GHS paro,11.56,32.27,65.06,0.3581,2.2,71.7,48.7,-5.22,0,0
1448.0,39.24,225.0,-0.89461,LHS Daling,0.98,1.11,4.56,0.8887,11.9,72.7,19.6,-1.45,0,0
2596.5,49.8,148.5,1.2339,GHS paro,0.13,2.09,17.38,0.0626,6.7,48.8,36.6,-1.16,0,0
1549.6,16.99,21.7,-0.12893,LHS Daling,0.2,0.2,9.77,0.9743,16.3,51.5,26.8,-3.73,0,0
1404.7,20.24,103.3,0.4355,MCT zone,0.16,0.47,12.73,0.3456,19.8,62.1,42.0,-1.9,0,0
2672.3,22.09,267.7,0.74164,LHS Daling,0.68,2.77,13.4,0.2446,8.7,61.6,22.0,-7.68,1,0
4363.8,44.32,318.6,0.64903,GHS paro,10.18,128.66,373.28,0.0792,-6.5,88.8,94.2,-18.05,1,1
2901.2,21.22,59.1,0.41211,LHS Daling,0.32,2.66,10.77,0.119,8.2,57.3,43.8,-2.22,0,0
3484.8,17.25,291.4,-0.17498,Sedimentary/Alluvium,0.09,1.32,2.9,0.0678,8.3,72.0,38.4,-1.76,0,0
880.1,10.81,355.2,0.41198,LHS Daling,0.01,1.67,6.16,0.0052,21.0,69.4,37.8,-0.49,0,0
677.3,40.47,148.8,-0.46498,LHS Daling,8.92,83.44,142.17,0.1069,16.9,77.7,48.9,-11.71,1,1
4434.3,34.58,201.2,1.01787,GHS paro,0.26,2.99,17.67,0.0863,3.0,61.7,29.4,-0.08,0,0
913.6,43.27,181.3,1.51673,Lingtse,3.27,34.66,65.94,0.0943,11.1,91.1,60.0,-6.96,1,0
706.5,19.64,96.7,0.28324,LHS Daling,4.79,25.85,83.75,0.1852,18.4,79.1,73.8,-4.83,0,0
3458.6,20.25,13.2,-0.28736,MCT zone,13.96,47.77,160.67,0.2923,3.5,89.3,64.6,-3.23,0,0
1896.8,19.51,329.3,-0.24055,GHS paro,5.68,24.67,102.11,0.2302,11.6,82.1,61.0,-3.03,0,0
2582.8,21.97,143.0,0.1315,LHS Daling,2.01,2.01,4.32,1.0,14.6,44.5,15.1,-1.91,0,0
3758.1,25.24,93.4,0.06774,LHS Daling,13.69,135.59,470.12,0.101,-6.4,95.4,89.3,-13.79,1,1
1733.7,24.21,65.3,-0.282,LHS Daling,0.13,7.79,9.86,0.0162,14.2,68.6,42.0,-1.49,0,0
2120.6,7.12,184.6,0.00851,GHS paro,23.64,114.05,462.65,0.2072,8.0,93.8,79.1,-15.58,1,1
410.2,34.47,166.5,-0.766,LHS,16.25,162.74,343.26,0.0998,11.5,94.3,75.8,-14.01,1,1
1501.1,5.11,310.2,-0.07412,MCT zone,2.66,43.36,106.25,0.0613,15.9,84.3,50.6,-8.92,1,0
421.3,18.09,108.5,-0.79928,Lingtse,7.37,24.54,85.01,0.3004,15.6,71.2,71.7,-2.5,0,0
3076.0,15.17,3.5,-0.42701,Sedimentary/Alluvium,6.55,42.76,130.73,0.1532,8.4,82.7,63.9,-4.47,0,0
1958.3,21.46,82.8,-0.14681,Sedimentary/Alluvium,2.09,3.14,3.68,0.6655,16.8,73.0,28.3,-0.8,0,0
1370.2,30.81,207.5,0.10393,LHS Daling,0.88,5.43,32.1,0.1615,22.8,48.7,21.4,-0.21,0,0
2010.9,31.86,153.4,-0.62111,MCT zone,6.41,40.89,90.64,0.1568,9.4,78.8,65.3,-3.41,0,0
1924.3,16.66,223.5,0.49077,LHS Daling,0.13,4.7,4.7,0.0277,10.7,42.2,25.8,-1.53,0,0
2396.0,42.12,182.1,-0.13427,GHS paro,0.26,5.06,21.84,0.0506,10.3,45.1,35.1,-0.97,0,0
4600.4,28.89,267.9,3.68008,GHS paro,2.38,2.38,24.98,1.0,-2.1,61.3,41.8,-2.57,0,0
396.4,11.66,147.4,0.49444,LHS Daling,11.09,149.89,467.08,0.074,16.9,85.9,96.1,-6.4,0,1
1371.8,32.76,97.9,-0.21167,GHS paro,29.78,143.35,461.39,0.2077,14.0,93.0,87.2,-5.25,1,1
1899.7,41.84,108.5,-2.08298,GHS paro,0.77,11.83,11.83,0.0655,11.5,56.6,22.7,-1.19,0,0
1940.7,16.4,303.1,-0.1397,Sedimentary/Alluvium,30.83,159.66,407.68,0.1931,12.2,91.0,76.8,-13.52,1,1
3838.4,44.36,20.6,1.27298,GHS paro,0.09,6.54,6.54,0.0141,0.0,65.2,43.3,0.11,0,0
1372.1,11.83,257.8,-0.03531,LHS Daling,4.71,27.33,65.73,0.1724,17.4,87.3,63.6,-1.64,0,0
2633.1,17.32,197.1,0.33625,MCT zone,0.39,1.03,18.71,0.3755,11.9,66.9,28.7,-0.16,0,0
4504.1,38.3,297.0,1.32715,GHS paro,0.2,2.66,2.66,0.0768,0.3,66.6,27.3,-6.33,1,0
1541.7,23.42,346.0,0.54566,MCT zone,5.94,32.28,110.98,0.184,14.1,75.5,59.3,-3.02,0,1
1990.9,31.95,132.0,1.15464,GHS paro,3.36,15.07,52.93,0.2232,10.0,86.2,65.9,-13.7,1,0
3626.9,18.3,287.0,0.12854,MCT zone,0.16,19.29,19.29,0.0082,-2.8,44.3,19.5,-1.65,0,0
1555.5,16.46,349.6,0.7304,GHS paro,15.92,149.42,417.54,0.1065,7.8,91.1,79.0,-29.86,1,0
2950.6,17.47,257.1,-0.84874,LHS Daling,1.96,13.13,13.13,0.1495,0.7,61.8,15.2,-0.3,0,0
2307.4,8.64,314.3,-0.59156,LHS Daling,8.29,143.11,349.56,0.0579,5.8,94.6,74.6,-16.07,1,1
1614.0,34.31,151.7,-2.86202,MCT zone,1.02,1.93,12.99,0.5288,14.0,51.7,29.6,-1.85,0,0
1620.6,25.21,235.9,0.28895,LHS Daling,22.61,128.27,317.61,0.1763,7.6,92.5,93.3,-6.49,0,1
3682.5,5.78,239.4,-0.00365,GHS paro,0.43,7.5,7.5,0.0573,5.3,70.7,43.2,-2.5,0,0
1420.2,41.49,147.2,-0.96479,LHS Daling,0.14,0.77,4.17,0.1817,15.8,45.7,39.9,-1.88,0,0
1620.6,25.21,235.9,0.28895,LHS Daling,15.26,56.32,120.06,0.271,16.5,73.4,56.1,-6.07,0,0
2052.2,20.85,225.9,0.37114,MCT zone,0.71,4.03,14.66,0.1766,17.6,56.4,39.6,-2.73,0,0
775.7,35.73,164.5,-1.12607,LHS Daling,0.06,0.14,15.39,0.422,20.8,64.1,15.4,-1.3,0,0
2582.8,21.97,143.0,0.1315,LHS Daling,4.07,23.7,72.06,0.1717,8.8,88.7,47.1,-2.54,0,0
912.1,22.48,28.9,0.24541,GHS paro,0.51,1.95,1.95,0.2606,26.3,45.4,29.9,-2.03,0,0
2011.1,18.08,59.9,0.00414,GHS paro,35.83,216.63,539.03,0.1654,8.4,87.3,88.0,-4.82,0,1
2196.0,12.1,199.5,-0.11611,MCT zone,0.63,3.0,3.27,0.2095,7.8,69.3,43.1,-1.81,0,0
1491.4,18.65,329.1,0.3354,GHS paro,0.76,48.01,116.53,0.0158,8.1,82.4,51.6,-8.61,1,0
731.8,28.4,176.9,-0.54656,LHS Daling,9.12,44.7,77.06,0.2041,16.5,70.2,59.0,-2.75,0,0
1044.3,7.93,92.8,-0.58575,Lingtse,4.37,18.8,81.47,0.2326,10.8,74.5,61.4,-4.22,0,0
1587.3,12.91,280.7,0.12927,Sedimentary/Alluvium,2.94,17.25,52.81,0.1706,14.5,70.7,63.8,-9.64,1,0
2089.5,5.97,130.0,-0.46805,LHS Daling,0.03,3.73,3.73,0.0073,8.8,44.5,23.3,-2.86,0,0
612.5,11.0,31.3,0.69079,LHS Daling,28.92,177.92,572.39,0.1626,19.3,94.8,82.3,-4.22,0,1
3087.6,44.99,215.2,2.39679,GHS paro,0.42,4.75,14.23,0.0884,11.6,44.0,36.1,-1.52,0,0
1985.4,54.87,128.5,-1.27634,GHS paro,11.59,73.92,147.17,0.1567,8.4,82.2,69.6,-3.42,0,0
343.4,10.9,206.8,-0.13946,GHS paro,3.18,39.77,115.99,0.0801,25.8,78.4,56.4,-3.44,0,0
1366.6,24.36,334.6,0.19082,LHS Daling,11.91,213.04,441.89,0.0559,10.8,93.7,80.8,-13.0,1,1
2703.1,9.76,63.5,-0.38734,LHS Daling,0.92,2.02,18.54,0.4565,8.6,73.0,23.8,-2.42,0,0
1775.3,49.84,114.2,-1.22783,GHS paro,11.66,46.74,101.84,0.2495,12.3,74.4,59.9,-8.12,1,1
2086.5,8.42,14.2,-0.35392,GHS paro,54.49,293.67,667.12,0.1855,10.0,89.4,94.3,-25.85,1,1
1967.7,30.88,229.9,-0.71852,LHS Daling,6.73,72.43,356.52,0.0929,10.1,96.1,77.7,-6.8,0,1
2158.3,22.07,24.2,-0.39935,GHS paro,0.2,8.5,8.5,0.023,5.5,59.6,20.8,-1.32,0,0
2940.5,35.12,296.9,0.51653,GHS paro,52.49,263.26,638.0,0.1994,-1.9,91.1,78.5,0.55,0,0
3376.4,21.19,50.1,-0.07627,GHS paro,5.91,30.92,99.54,0.1911,4.8,75.6,63.2,-4.62,0,0
1404.7,20.24,103.3,0.4355,MCT zone,16.87,94.18,306.13,0.1791,14.1,86.1,83.4,-9.52,1,1
1327.2,11.32,218.4,-0.12993,Sedimentary/Alluvium,8.11,103.76,293.72,0.0782,13.4,95.9,95.5,-13.78,1,0
1268.9,13.97,327.0,0.55028,GHS paro,0.51,1.12,25.47,0.4598,16.0,57.4,21.4,-3.59,0,0
1146.8,12.37,356.8,0.15988,Sedimentary/Alluvium,2.48,20.37,126.6,0.1215,21.0,82.2,52.8,-4.0,0,0
2048.9,29.48,161.3,0.3555,LHS Daling,4.9,26.79,107.56,0.1828,9.6,79.8,47.3,-1.82,0,0
2038.1,44.47,259.7,2.3606,GHS paro,0.35,4.6,26.87,0.0755,15.6,46.9,31.8,-0.28,0,0
1868.8,56.15,145.2,1.91233,GHS paro,4.42,26.02,66.26,0.1699,10.3,79.2,69.3,-12.62,1,1
1179.2,42.4,198.5,-0.0306,LHS Daling,0.09,1.6,16.18,0.0582,24.5,43.1,39.6,-4.74,0,0
1146.6,12.65,172.8,-0.26726,MCT zone,21.55,156.68,504.08,0.1375,14.7,87.3,89.3,-2.43,0,1
514.0,26.94,132.2,-1.02869,LHS Daling,11.97,132.85,431.84,0.0901,15.0,95.4,92.6,-6.02,0,1
1190.4,21.96,249.8,0.47579,LHS Daling,0.61,44.25,123.06,0.0138,14.2,87.4,59.6,-11.03,1,0
2285.7,37.34,138.3,3.16493,LHS Daling,1.34,22.61,91.03,0.0593,12.1,90.4,73.2,-2.81,0,0
4415.4,32.31,241.6,1.99083,GHS paro,0.35,6.43,14.76,0.0538,2.2,74.7,38.6,-1.27,0,0
3733.5,20.5,178.4,0.00122,LHS Daling,6.62,45.3,95.31,0.1461,1.0,88.4,58.8,-3.91,0,0
3423.8,11.6,89.5,0.08044,Lingtse,12.05,146.89,420.28,0.0821,-1.6,97.5,93.0,-5.89,1,1
3359.8,10.03,302.0,0.22556,GHS paro,16.11,78.55,278.39,0.205,-0.1,98.0,75.6,-17.11,1,0
4038.5,46.59,145.2,1.20862,GHS paro,26.12,134.56,337.33,0.1941,-8.5,97.7,91.2,-13.57,1,1
466.3,42.07,133.8,0.21731,LHS Daling,0.72,2.24,2.47,0.3201,23.6,60.5,18.8,0.09,0,0
1991.9,16.64,247.8,0.17478,Sedimentary/Alluvium,2.92,19.24,94.71,0.152,5.4,81.9,68.0,-4.09,0,0
2937.0,22.1,23.5,-0.14613,GHS paro,27.22,181.34,491.66,0.1501,4.5,86.3,72.3,-18.39,1,1
1349.3,13.47,79.5,-0.50172,Lingtse,2.65,6.06,6.06,0.437,10.4,61.0,26.1,-1.45,0,0
1002.8,36.56,206.9,-0.306,LHS Daling,0.34,5.7,14.64,0.0602,14.5,55.1,18.8,-1.9,0,0
1864.9,44.53,135.3,-1.82738,LHS Daling,0.64,6.41,15.79,0.0996,8.8,54.2,37.4,-1.17,0,0
3048.2,24.94,132.7,-1.16854,Sedimentary/Alluvium,19.98,121.59,460.12,0.1643,-3.3,87.4,91.8,-16.58,1,1
3138.9,7.69,331.5,-0.1931,GHS paro,13.95,66.51,185.16,0.2098,0.4,84.6,72.6,-4.84,0,0
2194.9,19.74,42.4,0.03273,GHS paro,0.24,3.87,31.44,0.0624,16.4,56.2,35.1,-2.61,0,0
3264.7,20.86,235.6,0.18657,GHS paro,0.49,0.49,13.25,1.0,5.2,63.2,36.6,-1.68,0,0
1196.3,44.52,182.3,-0.23283,LHS Daling,0.37,4.32,10.35,0.0847,13.7,42.7,27.7,-2.15,0,0
2902.6,21.88,82.5,0.64548,Lingtse,0.2,0.24,3.9,0.8215,12.8,57.5,40.5,-5.91,1,0
3458.6,20.25,13.2,-0.28736,MCT zone,10.23,41.02,129.69,0.2494,4.8,81.4,67.5,-1.3,0,0
1588.9,54.01,167.9,-0.09,LHS,0.49,5.81,6.72,0.0835,10.6,43.0,29.7,-3.08,0,0
2006.7,21.87,221.7,0.21466,Lingtse,25.7,103.42,477.5,0.2485,9.8,92.9,96.3,-23.1,1,1
1268.9,13.97,327.0,0.55028,GHS paro,1.26,8.87,8.87,0.1422,16.9,55.5,27.4,-0.2,0,0
936.4,44.18,175.8,-1.40828,LHS Daling,32.11,166.59,535.3,0.1928,14.1,96.2,75.2,-5.87,0,1
2187.3,27.79,106.0,-0.62155,GHS paro,0.09,3.48,13.09,0.0253,15.3,62.3,38.7,-1.34,0,0
2814.2,15.47,293.3,-0.00915,GHS paro,8.67,28.87,66.74,0.3004,-0.5,81.2,53.0,-4.61,0,0
3288.9,18.34,249.2,0.04783,Sedimentary/Alluvium,0.83,2.32,8.24,0.3583,10.3,64.9,32.6,-0.76,0,0
2260.4,32.41,154.6,-1.15349,MCT zone,11.69,55.14,127.64,0.212,10.0,73.3,63.0,-5.96,0,0
4077.5,41.88,151.5,-0.12041,GHS paro,4.94,26.9,80.47,0.1837,-6.0,79.3,51.4,-3.54,0,0
1322.8,16.48,91.7,-0.14498,LHS Daling,29.43,185.71,496.35,0.1584,14.0,98.2,95.2,-8.07,0,1
1332.6,8.39,188.8,-0.33414,MCT zone,0.5,6.8,6.8,0.0731,18.4,74.8,18.4,-1.96,0,0
2124.5,25.04,273.0,0.36543,Lingtse,0.72,6.38,25.91,0.113,14.1,45.1,25.7,-3.06,0,0
1097.1,14.22,238.9,-0.37573,Lingtse,0.1,2.6,12.81,0.0382,21.4,70.0,41.4,-0.49,0,0
3603.0,9.44,18.7,-0.40262,MCT zone,2.22,34.22,98.38,0.0648,3.4,90.7,69.1,-17.6,1,1
1846.5,23.5,127.5,-1.19452,GHS paro,6.9,37.26,106.97,0.1851,16.7,78.7,67.5,-1.71,0,0
949.2,39.32,182.6,-1.91231,LHS Daling,0.02,1.29,16.07,0.0119,20.9,61.7,41.7,-1.98,0,0
2023.1,5.86,33.0,-0.72079,MCT zone,0.76,0.94,5.64,0.8109,19.6,51.0,39.8,-1.84,0,0
1854.2,21.17,186.8,0.55608,MCT zone,4.8,26.64,78.0,0.18,14.5,70.7,73.9,-7.66,0,0
860.1,17.92,312.6,0.92773,MCT zone,4.4,34.73,84.63,0.1266,17.8,89.3,61.0,-1.44,0,0
4624.7,34.99,200.9,-0.00597,GHS paro,10.84,67.6,116.92,0.1604,-0.7,75.2,55.9,-3.14,0,0
3423.1,21.2,141.3,0.29105,LHS Daling,2.71,32.18,105.81,0.0842,5.1,73.6,49.9,-2.17,0,0
2402.3,23.3,54.0,0.16877,GHS paro,0.1,10.02,24.84,0.0095,7.1,43.0,15.9,-2.3,0,0
1910.7,32.14,34.7,-1.09438,LHS Daling,2.99,3.07,3.07,0.9725,9.9,45.5,35.2,-1.93,0,0
1533.9,49.24,151.4,0.93384,GHS paro,13.77,65.97,156.52,0.2087,10.1,91.4,71.1,-3.42,0,0
2051.4,10.9,237.0,-0.00135,GHS paro,2.81,48.14,114.35,0.0583,3.9,84.3,68.6,-3.49,0,0
3609.3,24.43,253.5,-0.52109,GHS paro,13.36,51.7,112.6,0.2583,-0.8,80.3,53.0,-3.25,0,0
1037.5,25.19,310.3,0.86292,LHS Daling,21.83,170.31,397.67,0.1282,9.1,94.9,75.0,-17.58,1,1
2280.5,40.07,201.8,-4.03133,GHS paro,0.37,2.33,15.08,0.1567,10.6,68.8,27.8,-0.78,0,0
3245.1,17.57,85.4,0.16967,GHS paro,14.08,197.41,524.08,0.0713,-2.4,88.2,87.3,-8.61,1,0
532.6,23.84,169.9,0.35797,LHS Daling,0.21,5.41,13.96,0.0385,28.4,66.2,44.6,-2.03,0,0
1712.4,47.63,212.2,-1.87086,MCT zone,3.75,40.32,102.59,0.0931,15.5,82.1,56.8,-2.37,0,0
1704.5,29.77,186.6,1.09413,LHS Daling,12.31,110.52,285.94,0.1114,8.9,94.4,73.0,-18.74,1,1
677.3,40.47,148.8,-0.46498,LHS Daling,1.05,6.81,37.32,0.1543,27.4,60.6,32.6,-1.16,0,0
2049.6,57.86,121.7,-0.47711,GHS paro,5.88,34.21,98.78,0.1718,14.5,73.8,65.9,-0.88,0,0
3444.1,39.43,119.9,0.03141,GHS paro,0.25,8.18,8.18,0.0301,-2.0,72.7,40.9,-2.73,0,0
3460.1,5.12,239.5,-0.10362,Lingtse,1.32,3.42,8.25,0.3855,10.2,45.0,44.7,-0.64,0,0
1658.0,7.04,50.4,0.05669,Sedimentary/Alluvium,6.55,26.62,73.4,0.2462,7.8,85.8,50.9,-15.55,1,0
3568.3,29.36,174.5,0.3584,GHS paro,8.0,40.21,81.23,0.199,-4.9,87.9,47.0,-5.26,0,0
2729.5,14.07,349.0,-0.19327,Lingtse,7.64,59.08,136.63,0.1293,5.7,71.0,50.9,-0.92,0,0
735.3,13.71,247.6,0.6645,LHS Daling,19.22,102.28,405.47,0.1879,11.3,92.5,83.5,-26.15,1,1
1199.4,41.33,95.5,-1.01232,GHS paro,8.07,36.66,70.69,0.2202,12.9,73.0,71.6,-2.93,0,0
2280.5,40.07,201.8,-4.03133,GHS paro,8.51,42.83,93.12,0.1986,8.9,85.3,71.0,-9.62,1,0
960.7,44.81,330.4,1.55507,LHS Daling,0.25,4.3,18.68,0.0579,17.5,65.2,43.8,-3.43,0,0
3196.3,15.32,66.6,-0.2185,LHS Daling,0.09,0.3,5.78,0.2951,10.2,59.4,34.0,-2.64,0,0
2369.9,31.17,146.9,1.2542,GHS paro,0.75,1.49,7.87,0.507,12.7,50.9,31.4,-1.67,0,0
2437.7,13.77,55.2,-0.43851,Lingtse,0.41,4.38,8.78,0.0925,15.6,42.1,20.5,-1.58,0,0
2158.3,22.07,24.2,-0.39935,GHS paro,12.83,84.53,300.35,0.1518,10.0,97.7,85.0,-22.33,1,1
1658.0,7.04,50.4,0.05669,Sedimentary/Alluvium,1.01,22.6,70.17,0.0448,13.5,76.9,51.5,-4.45,0,0
3669.7,15.33,348.5,-0.94517,GHS paro,25.31,154.12,453.72,0.1642,-5.9,93.1,73.4,-5.46,0,0
3061.4,20.68,237.2,1.03188,Sedimentary/Alluvium,0.91,3.05,3.05,0.2971,10.9,73.1,16.7,-3.17,0,0
4356.8,35.52,274.2,2.66859,GHS paro,17.7,117.68,334.45,0.1504,-5.2,87.6,72.6,-19.35,1,1
2350.5,6.21,340.1,0.26515,MCT zone,15.22,46.79,118.42,0.3254,5.9,88.1,63.2,-1.88,0,0
2420.2,24.49,321.4,0.0304,LHS Daling,1.2,3.65,8.02,0.3297,7.0,66.8,25.4,-1.0,0,0
2090.5,45.44,120.8,-3.32635,GHS paro,0.37,5.43,5.43,0.0684,12.7,43.7,21.2,-2.41,0,0
1532.8,51.78,159.0,-2.6892,LHS Daling,0.65,5.02,5.02,0.1299,15.2,52.9,36.0,-1.08,0,0
2582.8,21.97,143.0,0.1315,LHS Daling,28.02,160.87,420.54,0.1742,7.5,92.7,95.5,-6.4,0,1
1491.4,18.65,329.1,0.3354,GHS paro,0.11,0.11,3.06,1.0,11.7,54.5,18.5,-1.35,0,0
1781.5,29.2,56.9,-1.41839,Lingtse,7.75,58.7,125.41,0.1321,12.1,80.5,69.2,-1.54,0,0
1448.0,39.24,225.0,-0.89461,LHS Daling,0.01,9.78,10.49,0.0007,16.1,59.6,44.3,-0.73,0,0
315.3,5.91,29.2,-0.61026,LHS Daling,1.14,1.93,17.03,0.5926,27.5,74.8,21.2,-2.17,0,0
568.0,26.27,106.1,-2.45376,LHS Daling,5.65,40.34,91.82,0.1401,22.3,88.0,74.8,-2.36,0,0
2541.7,14.42,154.0,0.32629,GHS paro,26.81,244.38,607.57,0.1097,7.4,92.0,73.3,-16.62,1,1
1919.5,28.94,138.8,-0.85848,GHS paro,3.99,31.68,131.33,0.1261,10.6,90.2,56.1,-10.01,1,0
4577.2,33.45,209.4,0.71176,GHS paro,3.35,26.04,103.46,0.1286,-7.8,88.8,48.4,-3.3,0,0
694.0,11.83,263.1,-0.1975,GHS paro,0.05,3.37,4.75,0.0163,16.1,61.6,30.4,-0.92,0,0
1986.9,28.24,139.0,0.91919,LHS Daling,19.78,228.18,570.95,0.0867,5.8,96.4,72.6,-22.61,1,1
4138.7,23.02,329.4,0.95295,GHS paro,14.15,106.68,295.32,0.1326,-10.0,98.6,78.7,-7.65,0,0
1930.3,44.79,106.3,-1.31599,LHS Daling,0.07,6.48,12.53,0.0102,14.9,50.8,34.7,1.14,0,0
1368.6,17.85,294.1,-0.49031,LHS Daling,0.63,0.63,0.85,1.0,15.5,46.7,23.9,-0.64,0,0
1814.6,24.96,306.2,-0.06807,LHS Daling,0.26,3.48,8.8,0.0737,9.7,64.7,29.4,-0.23,0,0
3600.1,42.45,163.5,2.90804,Lingtse,5.96,34.84,79.79,0.1711,4.2,82.3,58.3,-1.76,0,0
2442.5,42.96,162.8,0.7309,MCT zone,0.23,5.27,5.27,0.0443,4.1,43.9,26.0,-2.77,0,0
839.5,21.71,207.5,-0.03956,LHS Daling,1.27,25.94,70.73,0.0488,22.5,82.7,67.9,-4.87,0,0
2396.4,23.63,326.3,0.44327,LHS Daling,0.82,8.05,46.91,0.1015,8.1,66.9,42.9,-1.48,0,0
1868.8,56.15,145.2,1.91233,GHS paro,0.47,0.47,0.75,1.0,9.7,41.9,24.6,-2.24,0,0
531.0,21.94,7.7,-0.30272,MCT zone,0.49,3.62,13.59,0.1347,21.5,54.3,20.6,-2.59,0,0
3219.5,11.7,250.7,-0.27109,LHS Daling,4.17,18.98,65.79,0.2195,4.4,72.0,73.7,-3.46,0,0
787.0,36.35,198.1,2.7504,LHS Daling,3.97,47.71,176.19,0.0831,18.5,82.6,56.6,-2.67,0,0
1382.8,16.25,143.3,-0.44144,Lingtse,3.81,27.52,88.3,0.1385,16.2,91.8,58.4,-3.52,0,0
4356.8,35.52,274.2,2.66859,GHS paro,0.35,0.58,1.28,0.6051,-6.6,69.1,36.2,0.07,0,0
4594.7,28.52,325.7,1.47376,GHS paro,4.94,19.14,56.33,0.258,-4.7,78.0,47.0,-3.21,0,0
564.6,10.42,66.8,-0.40389,LHS Daling,9.79,35.71,99.46,0.274,18.3,74.6,58.0,-12.23,1,0
2307.4,8.64,314.3,-0.59156,LHS Daling,0.07,0.96,20.63,0.0722,7.6,40.7,40.6,-2.78,0,0
2580.7,22.27,182.7,-0.38378,LHS Daling,2.34,36.39,122.82,0.0644,11.1,89.8,68.9,-9.71,1,0
1482.4,52.64,196.0,-2.07792,MCT zone,5.78,47.13,103.57,0.1226,8.7,85.6,46.1,-1.54,0,0
800.2,27.94,223.6,0.2088,LHS Daling,62.77,278.48,567.79,0.2254,10.0,91.4,95.8,-21.7,1,1
3703.2,46.05,322.5,3.31722,GHS paro,18.85,113.66,414.66,0.1659,-4.2,93.5,74.9,-21.8,1,1
2260.4,32.41,154.6,-1.15349,MCT zone,6.16,26.67,73.06,0.2309,13.5,87.7,53.6,-1.08,0,0
698.4,6.08,162.3,0.40903,Sedimentary/Alluvium,0.18,5.81,16.1,0.0305,24.6,52.4,42.7,-0.59,0,0
1617.3,48.14,175.6,-0.52482,GHS paro,1.14,10.97,10.97,0.1037,19.6,64.4,41.0,-2.54,0,0
3115.5,24.77,339.9,0.27117,LHS Daling,9.75,33.33,88.1,0.2926,9.1,72.5,49.7,-2.23,0,0
410.6,43.92,192.2,-0.7893,LHS Daling,10.15,31.42,62.0,0.323,19.7,71.0,54.4,-2.66,0,0
3646.2,14.11,263.6,0.07334,LHS Daling,7.19,75.58,134.94,0.0951,2.3,80.6,70.0,-11.4,1,1
997.3,23.19,93.5,-0.44785,GHS paro,8.96,55.06,109.88,0.1627,18.3,87.8,53.0,-3.15,0,0
1088.8,25.58,279.6,0.823,GHS paro,15.39,171.51,427.24,0.0897,11.2,92.0,81.4,-2.94,0,1
1472.0,54.78,182.9,0.28802,LHS Daling,0.19,0.19,3.91,1.0,16.1,45.4,22.1,-2.8,0,0
4130.5,42.43,137.9,-4.28858,GHS paro,0.07,9.03,9.03,0.0077,-1.9,50.2,17.6,-1.65,0,0
502.5,13.33,76.7,-0.33104,Sedimentary/Alluvium,6.38,96.18,414.75,0.0663,15.3,86.5,95.9,-13.6,1,1
3036.4,14.55,244.1,0.40963,LHS Daling,0.4,2.87,5.93,0.1407,0.0,41.4,38.7,-1.63,0,0
3642.9,24.55,126.3,0.22249,GHS paro,1.75,34.89,80.35,0.05,3.1,89.1,70.1,-6.51,0,0
702.3,14.92,224.7,-0.41596,LHS Daling,0.0,0.37,5.47,0.0005,18.2,50.6,28.0,-2.51,0,0
4512.6,39.73,232.3,0.14858,GHS paro,5.76,38.91,82.54,0.148,-10.5,78.0,64.1,-12.25,1,1
2829.5,17.08,12.2,-0.08373,MCT zone,7.03,33.89,103.86,0.2075,0.9,88.3,52.6,-3.26,0,0
396.4,11.66,147.4,0.49444,LHS Daling,0.24,2.12,2.12,0.115,16.0,67.4,44.3,-0.0,0,0
808.0,34.53,204.0,-1.20384,LHS Daling,0.29,1.5,2.01,0.1921,24.8,43.6,17.8,-1.83,0,0
2166.9,22.56,11.2,0.6123,GHS paro,41.97,227.07,543.96,0.1848,5.6,98.4,79.4,-31.18,1,1
1945.0,19.02,72.2,0.35324,LHS Daling,4.46,30.9,66.48,0.1443,13.8,72.3,49.9,-4.74,0,0
3031.3,7.86,155.6,-0.29384,GHS paro,0.88,2.0,4.24,0.4409,3.3,62.9,17.2,-1.55,0,0
1995.2,57.09,128.7,-0.48373,GHS paro,0.09,4.86,6.8,0.0186,11.0,73.6,30.5,-1.8,0,1
1562.4,47.91,131.9,1.22189,GHS paro,0.06,9.01,41.5,0.0068,14.2,65.9,36.3,-2.92,0,0
757.3,13.59,214.2,-0.08538,MCT zone,6.54,34.94,77.59,0.1871,13.3,73.1,55.9,-3.45,0,0
3237.7,21.32,293.7,0.66796,LHS Daling,3.05,18.74,73.46,0.1628,6.1,73.5,58.7,-13.86,1,1
2538.9,47.58,193.2,2.5344,GHS paro,8.16,27.14,116.21,0.3007,10.2,72.4,63.0,-6.23,0,0
1730.2,39.98,116.0,-0.79668,Lingtse,1.37,2.7,2.7,0.5081,14.6,48.5,23.8,-1.44,0,0
1778.9,5.72,121.2,0.21744,Sedimentary/Alluvium,0.71,27.01,82.77,0.0262,7.1,91.9,49.4,-2.75,0,0
1416.0,10.57,288.0,-0.15165,MCT zone,0.01,3.21,22.28,0.0043,9.7,53.8,32.8,-1.45,0,0
4356.8,35.52,274.2,2.66859,GHS paro,0.05,0.05,13.66,0.4984,-6.5,67.3,17.2,-1.01,0,0
3792.9,40.62,161.1,-1.09272,GHS paro,3.71,38.17,78.67,0.0973,3.3,89.0,53.7,-1.66,0,0
1964.4,21.7,203.9,0.02579,Sedimentary/Alluvium,29.39,157.43,376.63,0.1867,8.8,96.1,95.9,-4.82,0,0
2231.8,38.92,86.0,1.41511,GHS paro,11.86,179.69,420.8,0.066,5.0,92.5,85.6,-1.83,0,1
1717.9,11.71,106.7,0.82248,LHS Daling,0.71,0.71,8.98,1.0,16.3,58.9,41.6,-2.53,0,0
3351.9,40.35,139.8,1.00227,GHS paro,49.37,313.43,700.03,0.1575,-0.6,95.7,74.9,-13.05,1,1
1363.8,12.69,240.7,0.41884,Sedimentary/Alluvium,0.1,2.56,10.96,0.0401,22.5,73.3,31.3,-2.42,0,0
858.9,41.34,148.2,-2.0832,LHS Daling,0.11,2.17,3.83,0.0487,14.1,64.8,18.8,-1.12,0,0
4516.8,34.37,230.8,0.41175,GHS paro,0.92,1.5,18.44,0.6089,-1.5,58.5,15.7,-2.4,0,0
730.2,21.62,283.1,-0.09948,LHS Daling,0.09,0.22,31.18,0.3974,15.6,46.8,25.3,-0.89,0,0
1544.1,31.43,195.8,1.23486,LHS Daling,0.69,12.63,12.63,0.0544,17.3,55.1,39.3,-2.06,0,0
787.2,15.97,137.9,0.32711,Sedimentary/Alluvium,4.07,40.15,136.12,0.1013,21.9,74.5,67.3,-0.87,0,0
4577.2,33.45,209.4,0.71176,GHS paro,0.54,5.74,22.88,0.0943,2.8,46.1,40.5,-0.35,0,0
4148.4,43.01,118.0,0.08587,GHS paro,0.12,3.17,3.17,0.0385,3.0,47.8,15.4,-1.23,0,0
1376.7,45.55,189.5,-0.78,LHS Daling,5.21,243.34,570.2,0.0214,14.6,88.6,73.5,-13.81,1,1
3494.1,25.17,327.3,1.22347,GHS paro,9.51,40.3,76.45,0.236,-2.9,74.5,59.0,-2.06,0,0
1285.5,41.75,174.6,-0.06698,LHS,14.31,58.57,107.44,0.2443,18.2,85.4,46.2,-3.65,0,0
1854.2,21.17,186.8,0.55608,MCT zone,0.87,30.08,78.41,0.0289,14.4,83.8,47.7,-4.96,0,0
2627.4,5.98,67.3,0.35346,LHS Daling,0.79,1.55,7.97,0.5101,15.6,54.0,29.2,-1.78,0,0
624.8,29.3,83.2,0.70271,LHS Daling,0.44,4.41,4.41,0.1003,18.0,55.0,17.4,-2.02,0,0
717.9,43.3,191.4,-0.63443,LHS,0.08,0.99,13.88,0.0828,22.2,72.4,34.1,0.08,0,0
2377.8,16.12,180.8,0.01954,MCT zone,0.36,2.59,2.59,0.1392,8.5,61.0,15.7,-2.02,0,0
3642.7,22.54,331.1,0.5568,Sedimentary/Alluvium,0.21,10.37,10.37,0.0205,8.0,63.3,19.2,-1.7,0,0
1146.8,12.37,356.8,0.15988,Sedimentary/Alluvium,7.48,126.32,365.79,0.0592,10.3,95.2,82.7,-11.8,1,1
3180.8,49.28,139.6,0.11153,GHS paro,4.85,33.19,76.97,0.1462,-0.3,81.5,54.5,-3.14,0,0
2187.3,27.79,106.0,-0.62155,GHS paro,28.09,225.29,592.31,0.1247,9.1,85.1,88.2,-16.84,1,1
1394.3,31.85,180.6,-0.48858,GHS paro,0.87,4.6,4.6,0.1884,22.1,59.5,41.6,-3.06,0,0
1594.3,10.83,251.1,0.03536,MCT zone,37.75,158.34,439.85,0.2384,9.5,93.9,73.4,-0.72,0,0
860.1,17.92,312.6,0.92773,MCT zone,6.66,45.09,101.5,0.1477,21.2,72.2,45.1,-2.21,0,0
1919.4,25.05,262.1,0.06423,LHS Daling,2.37,18.66,51.9,0.127,8.3,75.9,60.0,-0.79,0,0
1163.1,23.99,354.2,0.17153,GHS paro,0.49,0.66,1.29,0.7499,19.8,43.3,34.0,-2.04,0,0
2129.0,23.03,276.2,0.18236,GHS paro,18.4,104.25,287.8,0.1765,9.2,98.6,83.1,-5.94,0,0
4499.6,40.3,286.2,0.7962,GHS paro,4.06,31.71,92.09,0.1279,-3.5,82.6,56.4,0.83,0,0
1847.3,50.31,113.0,-0.18639,GHS paro,27.81,244.87,558.63,0.1136,9.7,93.0,89.7,-3.72,0,1
1790.0,23.0,168.5,-0.75059,GHS paro,0.01,5.0,14.33,0.0011,15.6,58.8,42.8,-1.29,0,0
692.8,55.94,142.8,-1.60128,LHS Daling,1.03,3.3,15.27,0.3113,19.1,54.2,22.7,-7.81,1,1
1498.6,17.41,215.1,-0.35939,MCT zone,0.25,4.56,12.36,0.0542,14.7,54.9,21.4,-1.26,0,0
2125.0,46.05,191.0,-2.60639,MCT zone,0.17,1.82,6.54,0.0935,11.5,67.8,39.3,-2.92,0,0
1859.4,21.93,51.3,-0.13391,Sedimentary/Alluvium,4.09,90.08,150.95,0.0454,7.6,77.3,56.0,-5.39,0,0
1658.0,7.04,50.4,0.05669,Sedimentary/Alluvium,0.08,2.47,5.89,0.0323,17.4,45.6,32.1,-2.7,0,0
3357.9,18.3,323.3,0.69983,LHS Daling,0.61,2.63,3.46,0.2342,-1.9,75.0,17.0,-2.02,0,0
648.0,51.3,158.3,1.07911,LHS Daling,4.41,33.82,99.16,0.1304,19.8,74.7,48.7,-4.9,0,0
1766.9,35.09,149.5,-0.2324,LHS Daling,18.21,191.58,488.22,0.095,9.3,97.4,76.2,-7.45,0,1
2491.8,9.53,16.9,0.22312,GHS paro,0.13,6.89,17.01,0.0194,4.4,58.6,30.6,-0.86,0,0
892.4,22.48,84.4,-0.80846,LHS Daling,6.74,29.34,66.28,0.2296,20.3,88.7,67.7,-4.13,0,0
3113.9,20.99,233.9,0.23455,GHS paro,11.51,34.46,95.98,0.334,-1.9,82.1,72.1,-4.0,0,0
1032.1,20.71,179.6,-0.16146,Sedimentary/Alluvium,4.53,23.79,74.75,0.1902,10.2,90.6,66.0,-2.07,0,0
2213.0,23.35,173.0,0.19389,MCT zone,0.36,3.34,19.13,0.109,18.5,46.4,24.7,-0.06,0,0
1619.6,41.04,151.0,-0.22871,Lingtse,6.95,63.22,140.38,0.11,14.3,89.8,67.9,-3.19,0,1
1249.9,6.53,79.4,0.0963,MCT zone,4.86,26.5,68.83,0.1834,12.5,82.0,51.7,-8.87,1,0
2938.9,25.36,273.7,-0.51787,Sedimentary/Alluvium,8.47,56.21,125.41,0.1507,4.0,84.0,46.3,-11.13,1,0
2584.9,32.75,149.0,-0.03509,GHS paro,0.51,4.73,6.89,0.1074,14.1,44.4,44.9,-1.05,0,0
2758.9,15.99,213.3,0.80244,Lingtse,0.27,1.27,5.41,0.2094,5.5,69.5,21.2,-0.71,1,0
3087.6,44.99,215.2,2.39679,GHS paro,3.03,47.94,117.01,0.0632,4.4,82.4,74.2,0.12,0,0
2757.9,15.28,331.5,0.34137,MCT zone,17.12,149.01,416.19,0.1149,0.8,85.7,78.9,-15.78,1,1
2503.5,6.78,20.8,0.30134,GHS paro,4.59,36.01,96.16,0.1275,1.4,83.6,74.3,-7.9,1,0
2129.0,23.03,276.2,0.18236,GHS paro,19.91,136.67,375.11,0.1457,7.7,94.0,95.3,-6.77,1,0
1249.9,6.53,79.4,0.0963,MCT zone,0.1,0.24,30.65,0.4058,12.2,45.5,25.6,-1.26,0,0
1710.1,11.72,151.7,0.21532,GHS paro,6.6,53.93,109.03,0.1223,11.7,74.9,53.9,-12.65,1,0
1704.5,29.77,186.6,1.09413,LHS Daling,0.23,17.83,64.06,0.0131,16.6,88.1,50.3,-4.12,0,0
3112.2,24.01,127.7,-0.41792,GHS paro,3.3,29.46,78.02,0.112,3.0,84.8,75.0,-4.27,0,0
2642.2,20.98,226.0,-0.24951,MCT zone,2.01,36.72,97.76,0.0548,0.2,87.3,55.1,-4.22,0,0
4533.1,32.94,158.0,0.37955,GHS paro,0.29,0.82,5.16,0.3489,-2.9,45.1,22.4,-1.28,0,0
990.0,58.25,149.9,-0.23042,LHS Daling,9.07,38.01,107.53,0.2387,19.5,89.3,64.4,-4.12,0,1
3552.3,6.92,103.4,-0.78654,GHS paro,0.2,0.92,0.92,0.2138,2.7,50.1,27.7,-0.79,0,0
2094.3,11.12,311.6,0.62959,LHS Daling,12.89,39.48,122.41,0.3264,11.6,89.3,65.7,-3.24,0,0
3059.6,17.44,277.0,-0.06905,LHS Daling,23.6,256.15,580.81,0.0921,3.1,87.0,76.7,-5.57,0,1
907.5,44.38,179.0,-0.57958,LHS Daling,0.92,21.21,66.22,0.0436,17.0,86.6,54.4,-5.66,1,0
3125.0,12.52,277.3,-0.29888,MCT zone,0.49,1.09,14.9,0.4513,2.1,68.0,20.4,-0.08,0,0
960.7,44.58,156.5,-0.68398,LHS Daling,11.69,76.58,146.35,0.1527,22.0,80.2,68.8,-14.55,1,1
1806.5,13.98,192.0,0.19827,Lingtse,0.99,21.43,62.17,0.0461,8.0,70.2,50.7,-14.92,1,0
2692.2,41.71,231.6,-0.66555,GHS paro,16.95,82.39,271.88,0.2057,7.2,86.8,94.1,-3.68,0,1
2231.8,38.92,86.0,1.41511,GHS paro,4.48,48.2,106.54,0.0928,4.2,79.3,56.5,-1.77,0,0
3264.7,20.86,235.6,0.18657,GHS paro,0.07,3.64,14.16,0.0202,4.1,66.1,44.1,-3.16,0,0
1967.7,30.88,229.9,-0.71852,LHS Daling,3.81,21.2,87.39,0.1797,12.4,87.6,48.7,-8.7,1,0
3769.6,8.09,311.2,0.17462,Lingtse,6.52,33.0,97.53,0.1975,4.6,87.6,60.2,-3.72,0,0
4295.5,41.07,199.4,0.62488,GHS paro,0.46,0.76,13.27,0.6128,-3.1,69.2,16.8,-0.28,0,0
2843.3,17.56,125.6,-0.01877,Lingtse,5.28,35.5,117.66,0.1487,3.1,90.8,65.7,-4.12,0,0
760.2,10.08,186.8,0.11248,GHS paro,0.12,6.86,7.76,0.0173,18.8,42.7,27.5,-1.22,0,0
776.0,29.29,216.0,-0.65548,LHS Daling,0.7,3.05,10.23,0.23,25.4,74.7,42.4,-1.84,0,0
2262.3,44.22,156.8,-1.88807,GHS paro,0.09,1.36,2.53,0.0633,9.6,61.2,36.3,-9.55,1,0
4468.7,25.01,162.9,-0.27643,GHS paro,6.28,56.81,149.29,0.1106,-8.8,84.2,73.3,-5.32,0,0
2324.0,6.59,47.2,-0.25839,Sedimentary/Alluvium,1.22,4.7,4.7,0.2589,6.4,43.2,20.2,-1.36,0,0
474.9,8.87,222.5,-0.38205,LHS Daling,50.57,214.65,464.96,0.2356,14.7,97.7,74.5,-7.38,0,1
3642.7,22.54,331.1,0.5568,Sedimentary/Alluvium,1.12,1.12,27.73,1.0,1.7,64.3,40.2,-1.55,0,0
2320.5,22.96,330.2,0.21659,Sedimentary/Alluvium,3.84,65.91,120.92,0.0583,7.6,88.6,64.1,-3.13,0,0
1808.4,12.72,37.5,0.65136,LHS Daling,0.0,0.58,24.17,0.0076,15.5,62.4,32.6,-0.2,0,0
3445.0,19.79,342.3,-0.64605,LHS Daling,0.42,1.23,10.03,0.3446,3.9,69.5,19.8,-2.61,0,0
2814.2,15.47,293.3,-0.00915,GHS paro,2.16,22.39,42.72,0.0963,1.6,87.6,56.1,-1.96,0,0
989.2,20.7,126.2,0.18095,MCT zone,2.73,31.55,61.31,0.0865,21.2,81.9,60.8,-6.08,0,0
1504.2,32.88,193.9,-3.38289,GHS paro,3.93,23.17,73.23,0.1698,7.0,90.6,68.8,-17.09,1,0
1991.5,34.08,125.7,-0.29519,GHS paro,30.72,146.54,522.66,0.2097,4.1,85.8,86.6,-15.21,1,1
4543.8,34.68,272.8,2.8904,GHS paro,0.85,6.96,6.96,0.1217,1.2,65.2,31.8,-2.65,0,0
1766.9,35.09,149.5,-0.2324,LHS Daling,15.23,127.86,438.78,0.1191,7.4,98.6,92.4,-7.54,0,1
3202.5,16.79,120.6,0.76561,Sedimentary/Alluvium,0.35,6.5,11.44,0.0545,1.1,66.2,34.9,-3.28,0,0
690.3,25.73,274.0,-0.18641,LHS Daling,21.93,131.98,432.48,0.1662,15.6,91.2,74.2,-9.92,1,1
2540.8,29.68,152.5,-1.31359,GHS paro,2.28,2.28,2.28,1.0,14.6,57.8,25.7,-1.98,0,0
997.3,23.19,93.5,-0.44785,GHS paro,0.12,1.1,2.12,0.1082,15.4,74.6,21.0,-3.9,0,0
2991.2,10.92,113.5,0.07387,LHS Daling,13.15,44.71,81.74,0.294,6.5,91.4,48.7,-11.24,1,1
2146.3,23.45,223.7,-1.47618,GHS paro,0.38,1.01,4.62,0.3752,10.5,50.4,32.0,-2.08,0,0
3264.7,20.86,235.6,0.18657,GHS paro,6.42,34.03,97.8,0.1886,3.5,80.1,50.4,-6.76,1,0
2556.9,17.88,222.1,0.75383,MCT zone,16.24,250.75,612.92,0.0648,6.5,85.7,82.7,-25.2,1,1
1864.7,21.98,219.8,0.15832,LHS Daling,1.83,14.45,78.36,0.127,11.9,73.5,66.2,-1.27,0,0
724.2,32.49,236.1,-0.45072,LHS Daling,12.52,138.03,328.0,0.0907,17.2,91.7,80.1,-21.51,1,1
559.0,23.47,144.8,-1.07831,LHS Daling,30.67,189.53,516.01,0.1618,15.9,97.5,74.8,-21.73,1,1
2938.9,25.36,273.7,-0.51787,Sedimentary/Alluvium,2.52,8.45,44.35,0.2984,3.7,74.3,69.2,-2.08,0,0
1420.2,41.49,147.2,-0.96479,LHS Daling,8.46,29.96,58.28,0.2823,9.4,73.6,57.4,-5.72,0,0
2527.4,5.86,265.5,-0.39585,MCT zone,1.78,17.05,47.82,0.1042,4.2,85.3,64.7,-2.5,0,0
2882.5,6.49,27.7,0.18399,LHS Daling,16.25,198.38,615.66,0.0819,3.4,96.0,72.6,-17.09,1,1
2154.2,40.57,97.5,-2.28106,GHS paro,6.62,23.27,86.55,0.2844,12.9,81.2,58.8,-2.91,0,0
1781.5,29.2,56.9,-1.41839,Lingtse,0.06,8.46,26.41,0.0071,9.1,43.1,40.7,-0.95,0,0
1199.4,41.33,95.5,-1.01232,GHS paro,1.81,2.42,10.86,0.7464,20.8,43.6,43.2,-0.8,0,0
351.4,25.37,227.7,-0.46797,MCT zone,0.06,7.95,7.95,0.0072,29.0,52.8,42.9,-0.22,0,0
3335.1,36.93,314.9,2.47774,GHS paro,1.01,24.43,24.43,0.0414,6.9,71.7,19.0,-1.2,0,0
430.5,30.96,128.3,-0.42371,LHS Daling,0.54,3.2,5.58,0.1673,27.9,65.9,31.3,-0.53,0,0
1750.1,50.67,178.5,1.12321,GHS paro,0.34,9.04,9.04,0.0379,12.3,65.4,28.4,0.44,0,0
1710.1,11.72,151.7,0.21532,GHS paro,2.71,2.71,22.58,1.0,14.4,40.7,43.5,-2.05,0,0
1794.3,22.18,179.0,-0.18514,GHS paro,3.99,46.08,165.87,0.0865,8.6,82.8,46.1,-16.18,1,0
3041.2,9.47,54.4,0.4659,LHS Daling,35.21,217.53,457.64,0.1619,-2.8,98.3,74.7,-28.98,1,1
913.6,43.27,181.3,1.51673,Lingtse,0.95,5.14,19.13,0.1853,15.6,52.6,35.5,-2.79,0,0
3681.2,6.55,306.4,-0.2257,MCT zone,0.77,0.77,24.76,1.0,7.2,51.4,42.1,-1.75,0,0
2796.2,24.59,227.5,-0.19554,GHS paro,0.11,0.96,19.99,0.1175,4.9,68.9,23.5,-1.4,0,0
3838.4,44.36,20.6,1.27298,GHS paro,4.24,41.52,144.92,0.1022,4.4,87.6,62.3,-9.65,1,1
1066.7,15.89,335.6,-0.25558,MCT zone,2.27,31.95,97.49,0.0712,12.2,77.1,51.5,-1.66,0,0
2105.5,8.16,194.9,-0.63788,MCT zone,9.73,47.81,95.56,0.2034,8.3,87.4,66.1,-1.5,0,0
2757.9,15.28,331.5,0.34137,MCT zone,0.58,1.61,15.78,0.3596,10.6,54.6,36.6,-3.98,0,0
2168.9,23.63,203.3,-0.11798,GHS paro,0.68,1.06,11.39,0.6442,5.7,54.8,31.3,-1.07,0,0
2420.2,24.49,321.4,0.0304,LHS Daling,25.78,189.56,373.31,0.136,2.1,88.4,97.0,-13.92,1,1
2600.7,25.71,10.5,-0.0487,Lingtse,0.28,4.25,8.67,0.0667,6.1,64.0,38.8,-0.8,0,0
2583.0,16.52,134.4,0.01752,GHS paro,3.38,42.76,116.2,0.079,9.4,83.0,61.8,-2.81,0,0
1717.9,11.71,106.7,0.82248,LHS Daling,14.66,52.55,149.58,0.2789,15.7,70.8,51.8,-4.7,0,0
3943.1,33.32,184.0,0.10064,GHS paro,0.47,2.55,5.4,0.1824,-2.4,72.6,22.0,-1.81,0,0
2200.6,10.69,171.4,-0.79019,Lingtse,0.66,10.59,10.59,0.0622,9.2,55.5,25.9,-7.46,1,0
813.4,29.75,222.7,0.46685,LHS Daling,1.71,29.78,95.01,0.0574,13.2,84.0,46.5,-5.49,0,0
865.9,19.26,288.6,-0.24313,MCT zone,0.58,3.02,5.41,0.1923,12.8,67.7,21.1,-1.67,0,0
1644.7,24.66,106.0,-0.43693,Sedimentary/Alluvium,11.49,52.59,116.66,0.2184,11.6,87.2,50.5,-2.02,0,0
1411.6,12.78,334.0,0.26927,GHS paro,1.02,1.02,2.19,1.0,13.0,74.1,33.9,-2.4,0,0
2094.3,15.44,207.5,0.39271,LHS Daling,0.43,0.46,0.74,0.9346,7.0,44.9,17.6,-0.96,0,0
3202.5,16.79,120.6,0.76561,Sedimentary/Alluvium,6.7,116.1,419.42,0.0577,-2.7,97.8,94.8,-20.8,1,1
4021.8,30.54,224.5,-0.02952,GHS paro,16.6,122.98,363.52,0.135,-2.7,97.9,82.1,-5.97,0,0
3415.8,5.95,228.2,0.05635,Sedimentary/Alluvium,2.8,27.38,114.81,0.1024,-2.6,84.9,67.2,-4.38,0,0
1579.9,14.64,312.7,0.24766,GHS paro,1.44,12.53,12.53,0.1153,14.1,46.3,43.6,-2.78,0,0
3484.8,17.25,291.4,-0.17498,Sedimentary/Alluvium,0.05,0.12,9.62,0.4567,8.0,53.1,21.3,-1.32,0,0
3621.3,31.17,248.7,0.98753,GHS paro,0.1,2.32,2.32,0.0426,-1.7,69.9,32.4,-2.56,0,0
2877.0,39.45,153.3,3.34671,GHS paro,18.62,73.2,169.51,0.2544,-0.2,72.4,62.6,-2.21,0,0
3359.8,10.03,302.0,0.22556,GHS paro,8.25,151.0,432.82,0.0546,0.7,95.1,89.9,-27.68,1,1
327.4,10.85,287.1,-0.30072,MCT zone,3.43,40.81,105.45,0.0842,19.9,77.8,74.3,-5.43,0,0
1236.6,17.48,346.7,0.20544,Sedimentary/Alluvium,0.25,2.13,24.48,0.1177,18.5,52.6,41.0,-2.19,0,0
2410.3,22.0,50.2,-0.73448,LHS Daling,0.45,0.51,1.21,0.8767,9.3,57.9,34.7,-1.43,0,0
3651.1,24.01,304.0,-0.24229,LHS Daling,0.15,6.45,6.45,0.0236,0.8,74.2,15.3,-1.67,0,0
1343.2,18.22,296.9,0.8246,LHS Daling,16.87,199.76,485.77,0.0844,9.0,95.9,82.0,-30.17,1,1
2981.4,19.63,284.7,-0.38865,LHS Daling,0.4,2.53,2.53,0.1584,0.5,53.9,35.5,-1.84,0,0
3260.7,18.21,114.8,0.48017,GHS paro,15.12,124.73,391.62,0.1212,3.4,91.8,82.3,-19.02,1,0
2048.9,29.48,161.3,0.3555,LHS Daling,0.11,3.8,4.98,0.0284,6.4,73.5,43.8,-1.78,0,0
1104.2,34.7,192.2,0.35774,LHS Daling,2.53,31.9,69.01,0.0793,15.7,70.5,56.3,-4.32,0,0
1411.2,39.36,203.1,-0.46974,LHS Daling,0.21,0.75,77.05,0.2836,18.6,51.8,21.0,-1.47,0,0
3652.8,14.68,26.1,-0.57531,MCT zone,0.05,4.61,4.61,0.0119,9.4,54.2,29.6,-2.11,0,0
884.0,15.56,308.1,-0.30799,LHS Daling,2.36,58.14,165.23,0.0406,18.0,84.1,67.9,-3.44,0,0
1896.8,19.51,329.3,-0.24055,GHS paro,7.47,42.03,80.39,0.1778,8.9,85.2,60.6,-5.21,1,0
4294.8,42.42,184.8,1.42986,GHS paro,13.32,50.7,103.29,0.2627,-0.9,70.0,56.2,-2.41,0,0
1114.6,22.75,100.8,-2.30502,LHS Daling,1.87,2.17,3.62,0.8647,11.4,71.9,26.0,-3.32,0,0
3774.9,25.7,313.2,0.30357,LHS Daling,25.14,170.24,372.98,0.1477,-6.1,96.4,80.6,-7.29,1,1
1693.0,33.34,148.0,0.05024,LHS Daling,17.51,221.75,566.78,0.079,4.9,91.6,88.3,-18.73,1,1
468.7,17.27,96.1,0.31134,GHS paro,0.12,5.43,8.07,0.0217,19.3,73.4,15.3,-1.22,0,0
4415.4,32.31,241.6,1.99083,GHS paro,4.57,58.84,118.8,0.0777,-9.6,89.4,70.8,-0.68,0,0
2901.2,21.22,59.1,0.41211,LHS Daling,0.23,8.05,13.95,0.0291,3.1,66.6,28.3,-2.39,0,0
2036.9,27.17,190.9,-3.27498,GHS paro,0.87,8.94,8.94,0.0976,10.1,54.9,43.3,-2.62,0,0
2759.2,20.87,315.6,-0.4572,Sedimentary/Alluvium,0.01,9.85,9.85,0.0014,5.9,61.7,24.1,0.42,0,0
2637.3,19.84,129.2,-0.02864,GHS paro,0.21,3.35,32.95,0.0635,2.6,41.3,31.4,-0.74,0,0
2709.0,11.18,212.5,-0.04449,MCT zone,15.32,64.2,118.6,0.2386,3.1,87.6,66.8,-3.66,0,0
1615.1,46.21,144.4,-1.08702,MCT zone,0.65,2.44,35.0,0.2681,10.9,50.8,37.3,-3.34,0,0
2946.7,7.94,322.0,0.07682,GHS paro,5.56,43.21,116.01,0.1286,0.7,82.0,65.3,-2.15,0,0
792.8,11.9,304.1,-0.2912,LHS Daling,0.11,3.44,4.07,0.0329,22.1,46.1,36.3,-1.29,0,0
972.8,36.27,237.2,-1.02817,LHS Daling,10.64,38.74,110.42,0.2745,17.9,89.1,67.7,-2.2,0,0
580.6,24.42,64.1,0.08957,LHS Daling,0.04,10.45,21.02,0.0042,18.8,73.4,32.2,-1.47,0,0
1566.5,23.82,195.4,-0.49104,MCT zone,5.56,52.33,110.97,0.1062,9.5,80.0,58.1,-3.55,0,0
1490.9,31.68,152.4,-0.43025,Lingtse,3.72,3.72,8.45,1.0,10.7,68.5,19.9,-1.17,0,0
1163.1,23.99,354.2,0.17153,GHS paro,0.02,4.89,4.89,0.0049,21.6,61.8,25.2,-1.36,0,0
2023.1,5.86,33.0,-0.72079,MCT zone,45.86,252.69,644.72,0.1815,2.6,98.9,85.3,-15.1,1,1
787.2,15.97,137.9,0.32711,Sedimentary/Alluvium,0.86,1.5,17.0,0.5743,19.0,64.4,18.1,-1.77,0,0
3471.4,24.95,84.1,-0.44128,MCT zone,3.75,48.14,115.58,0.0779,2.0,78.5,55.3,-4.94,0,0
3781.9,10.3,28.3,0.17132,GHS paro,10.56,33.85,102.76,0.312,-6.2,89.3,45.9,0.04,0,0
2668.9,7.12,13.3,0.5207,LHS Daling,0.23,0.23,33.53,1.0,15.4,50.4,24.7,-0.43,0,0
3041.2,9.47,54.4,0.4659,LHS Daling,0.04,1.04,9.79,0.0424,-0.0,41.9,42.9,0.18,0,0
1811.2,33.38,204.6,-0.13125,LHS Daling,17.96,73.92,160.89,0.2429,12.9,77.1,47.5,-3.66,0,1
2514.5,5.26,260.4,-0.56735,GHS paro,24.33,170.25,441.91,0.1429,-1.0,94.6,72.8,-17.55,1,1
315.3,5.91,29.2,-0.61026,LHS Daling,8.47,77.37,148.99,0.1094,16.2,89.5,55.7,-5.13,0,0
2938.9,25.36,273.7,-0.51787,Sedimentary/Alluvium,0.22,4.18,8.94,0.053,8.8,47.3,21.2,-1.62,0,0
1037.5,25.19,310.3,0.86292,LHS Daling,0.16,3.1,19.72,0.051,20.0,52.4,30.7,-0.97,0,0
3734.0,23.8,47.8,0.39429,MCT zone,5.55,42.78,101.71,0.1296,3.1,89.2,73.5,-3.32,0,0
3199.6,5.38,214.7,0.6246,Sedimentary/Alluvium,19.09,130.14,305.77,0.1467,-1.8,88.4,74.1,-7.13,0,0
1080.9,40.38,341.6,0.80084,LHS Daling,0.05,4.17,6.68,0.0114,25.5,56.8,17.0,-1.78,0,0
551.2,14.27,220.8,0.07241,LHS Daling,10.82,50.24,130.82,0.2153,17.5,83.3,45.1,-2.81,0,0
464.0,25.71,142.6,-0.08361,LHS Daling,0.14,3.23,30.03,0.0439,20.4,66.7,35.9,-1.52,0,0
880.1,10.81,355.2,0.41198,LHS Daling,0.37,4.29,4.29,0.0873,17.2,58.0,35.6,-1.88,0,0
1985.4,54.87,128.5,-1.27634,GHS paro,9.53,126.66,433.79,0.0752,7.1,87.4,86.8,-15.83,1,1
3496.5,23.84,270.0,-0.26516,LHS Daling,11.02,196.49,503.15,0.0561,-6.5,89.4,81.2,-9.47,1,1
2262.3,44.22,156.8,-1.88807,GHS paro,28.06,430.31,977.56,0.0652,6.7,88.2,89.2,-7.43,0,1
2260.4,32.41,154.6,-1.15349,MCT zone,0.19,1.97,14.39,0.0951,15.5,41.0,43.6,0.81,0,0
2640.0,18.86,149.3,-0.17176,Lingtse,11.75,46.55,116.17,0.2525,2.0,72.4,67.5,-0.61,0,0
3369.8,20.01,277.5,-0.12099,Sedimentary/Alluvium,14.23,141.54,343.45,0.1005,0.7,88.8,92.8,-20.75,1,1
1904.8,15.88,287.9,-0.12365,LHS Daling,0.0,10.43,10.43,0.0003,8.8,43.4,28.7,-1.86,0,0
1975.5,40.9,92.2,-0.98842,GHS paro,0.11,4.14,33.54,0.027,13.7,45.8,36.9,-1.39,0,0
3344.9,19.62,94.4,0.4875,MCT zone,0.06,0.79,11.47,0.0788,8.7,69.1,26.3,-1.62,0,0
331.6,18.56,29.4,0.64615,LHS Daling,4.78,23.77,69.17,0.201,20.3,74.0,69.2,-4.21,0,0
1889.0,22.91,136.7,-0.56549,MCT zone,11.56,116.35,402.03,0.0994,3.4,88.3,81.8,-18.24,1,1
3778.5,6.09,29.8,-0.42605,LHS Daling,0.56,0.56,8.82,1.0,7.5,64.2,35.9,-0.98,0,0
3193.5,22.01,300.6,0.2032,Sedimentary/Alluvium,0.23,4.5,4.5,0.0514,3.4,40.4,43.7,-0.88,0,0
872.5,49.33,118.4,1.34065,LHS Daling,13.7,124.4,414.54,0.1101,16.1,92.7,88.3,-23.86,1,1
4468.7,25.01,162.9,-0.27643,GHS paro,0.56,1.12,4.51,0.4992,-7.9,50.0,23.6,-0.55,0,0
4295.5,41.07,199.4,0.62488,GHS paro,0.1,5.3,15.39,0.0196,0.3,50.9,24.8,-1.47,0,0
2056.1,46.61,136.0,0.35041,GHS paro,35.7,153.98,434.1,0.2319,8.3,91.4,97.1,-18.76,1,0
3072.1,41.45,164.4,-1.56573,GHS paro,34.39,270.03,626.63,0.1274,-2.6,85.8,88.9,-2.73,0,1
2843.3,17.56,125.6,-0.01877,Lingtse,36.52,196.2,490.56,0.1861,2.5,94.2,82.9,-18.91,1,1
3124.4,18.19,280.7,0.02714,Lingtse,0.02,1.96,3.62,0.0082,9.9,62.7,30.8,-0.95,0,0
722.0,12.33,68.6,-0.27716,LHS Daling,49.86,219.19,757.9,0.2275,15.9,86.2,72.1,-28.09,1,1
479.0,17.41,162.8,0.37631,Sedimentary/Alluvium,27.85,139.93,387.01,0.199,11.6,88.6,83.6,-11.01,1,0
2885.1,24.95,2.3,-0.14888,GHS paro,1.89,13.18,13.18,0.1434,4.0,51.1,42.5,-2.42,0,0
2331.6,7.67,150.8,-0.01001,GHS paro,0.26,2.51,25.53,0.1023,17.5,52.4,25.8,-2.11,0,0
508.3,5.35,162.9,-0.08985,Lingtse,1.74,1.91,1.91,0.9075,27.6,50.1,37.8,-2.02,0,0
2438.0,47.43,179.1,-2.39757,GHS paro,0.11,1.76,28.76,0.0647,11.2,64.9,42.7,-1.79,0,0
817.0,26.22,210.7,0.6588,LHS Daling,24.34,207.43,527.47,0.1174,14.5,94.3,73.3,-18.33,1,0
664.8,11.08,39.8,0.12105,LHS Daling,0.14,7.88,25.75,0.0182,25.4,51.8,34.7,-2.84,0,0
1899.7,41.84,108.5,-2.08298,GHS paro,11.19,214.71,542.51,0.0521,11.8,95.5,93.2,-1.5,0,1
1587.3,12.91,280.7,0.12927,Sedimentary/Alluvium,12.72,41.58,91.52,0.3059,12.3,86.6,61.4,-2.42,0,0
2111.1,15.98,223.2,0.34803,MCT zone,8.09,166.28,492.57,0.0486,5.2,92.5,75.1,-5.53,0,0
1354.4,7.96,50.3,-0.12865,LHS Daling,16.0,105.35,309.74,0.1518,7.4,92.5,97.8,-4.97,0,1
2005.5,50.54,108.2,2.66679,GHS paro,1.03,1.03,3.72,1.0,13.0,73.4,27.4,-0.28,0,0
4130.5,42.43,137.9,-4.28858,GHS paro,4.11,18.49,77.85,0.2222,-7.5,85.7,46.0,-2.06,0,0
970.8,55.82,177.1,-1.0098,LHS Daling,4.59,19.74,69.82,0.2326,15.6,76.0,53.7,-2.55,0,0
1042.0,25.46,313.9,-0.03307,Lingtse,0.2,8.32,8.32,0.0244,18.9,65.1,21.4,-2.44,0,0
1949.5,8.28,36.6,0.20913,LHS Daling,2.96,18.41,67.92,0.161,8.9,86.1,63.6,-7.47,0,0
1095.1,8.82,147.7,-0.10295,LHS Daling,0.19,9.44,9.44,0.0203,24.6,62.5,36.9,-1.1,0,0
610.1,20.44,319.0,-0.41876,MCT zone,0.38,0.48,10.24,0.7984,18.5,45.0,28.2,-2.57,0,0
1394.3,31.85,180.6,-0.48858,GHS paro,34.76,170.65,467.35,0.2037,6.0,87.0,81.2,-6.88,0,1
1967.5,17.04,6.4,-0.11073,GHS paro,2.15,4.92,4.92,0.4364,8.7,41.7,36.7,-3.38,0,0
3193.5,22.01,300.6,0.2032,Sedimentary/Alluvium,0.26,3.1,12.47,0.084,9.0,69.5,43.3,0.76,0,0
3487.7,8.88,245.3,-0.44787,LHS Daling,0.02,7.25,11.91,0.0024,9.9,70.3,43.1,-1.66,0,0
1614.0,34.31,151.7,-2.86202,MCT zone,17.5,147.71,389.57,0.1184,13.9,95.2,83.5,-10.24,1,1
4160.1,37.03,141.5,1.7793,GHS paro,20.98,162.35,414.46,0.1292,-1.8,88.8,91.2,-6.59,0,0
3072.1,41.45,164.4,-1.56573,GHS paro,0.4,5.77,5.77,0.0696,4.9,60.5,21.4,-1.16,0,0
1396.2,51.35,200.8,-1.60423,LHS Daling,20.1,173.89,377.08,0.1156,9.7,96.7,92.2,-24.41,1,1
2829.5,17.08,12.2,-0.08373,MCT zone,0.11,2.53,2.53,0.045,13.6,44.5,26.0,-0.73,0,0
468.5,9.17,293.2,0.09552,MCT zone,28.81,144.13,389.92,0.1999,18.9,88.6,91.5,-22.11,1,1
740.5,26.66,106.3,1.23245,LHS Daling,9.04,42.14,89.7,0.2146,14.4,89.3,72.6,-0.65,0,0
1492.1,24.75,74.8,0.66903,LHS Daling,0.39,4.5,4.95,0.0858,16.2,61.9,44.0,-2.12,0,0
820.8,10.88,27.0,0.06817,LHS Daling,0.07,3.28,6.7,0.0219,26.2,71.8,18.5,-0.32,0,0
2324.0,6.59,47.2,-0.25839,Sedimentary/Alluvium,1.24,18.49,52.31,0.0669,9.8,91.6,65.7,-4.47,0,0
1851.8,15.68,267.8,0.42026,GHS paro,4.35,38.35,77.12,0.1135,7.4,83.3,48.8,-13.86,1,0
2554.5,18.18,203.7,0.23701,LHS Daling,7.29,27.65,68.06,0.2635,1.5,79.3,73.7,-11.35,1,1
1358.2,5.75,4.0,0.39682,LHS Daling,26.54,93.94,190.27,0.2825,17.4,78.4,69.1,-4.16,0,0
1566.7,16.66,358.9,0.21732,GHS paro,12.19,48.17,121.01,0.253,16.4,77.4,65.8,-2.23,0,0
677.3,40.47,148.8,-0.46498,LHS Daling,4.22,44.25,83.42,0.0954,16.8,87.3,68.7,-3.31,0,0
1808.4,12.72,37.5,0.65136,LHS Daling,2.14,14.04,63.84,0.1525,7.3,84.8,45.8,-9.05,1,0
923.7,47.76,151.0,0.2952,LHS Daling,0.16,1.03,19.04,0.1554,19.4,62.7,30.9,-1.68,0,0
2424.8,24.06,12.1,0.44221,LHS Daling,11.84,62.77,191.63,0.1887,7.7,84.9,55.4,-2.92,0,0
2975.8,14.94,195.1,0.15672,GHS paro,8.4,30.53,64.28,0.275,8.3,89.3,62.1,-2.6,0,0
524.6,35.27,135.1,3.40932,LHS Daling,14.65,49.3,158.42,0.2972,19.9,88.9,51.8,-3.67,0,0
3450.3,20.56,8.1,-0.06099,MCT zone,2.41,15.93,105.81,0.1514,7.3,75.6,73.6,-2.49,0,0
1340.3,6.57,72.6,0.15277,Lingtse,5.93,41.32,116.97,0.1435,15.9,71.0,72.7,-5.17,1,0
1945.0,19.02,72.2,0.35324,LHS Daling,1.25,6.4,20.37,0.1954,17.8,47.0,44.4,-0.64,0,0
4434.3,34.58,201.2,1.01787,GHS paro,10.03,42.92,116.54,0.2336,-1.0,75.2,55.3,-7.89,1,0
797.5,21.38,23.7,0.4991,Lingtse,8.49,48.0,87.91,0.1768,18.8,84.0,70.7,-3.53,0,0
459.8,7.31,124.5,0.28047,MCT zone,38.01,218.53,527.51,0.1739,11.6,91.1,87.5,-23.38,1,1
3036.4,14.55,244.1,0.40963,LHS Daling,5.0,49.82,218.12,0.1004,-0.3,98.9,90.5,-5.32,0,0
2307.4,8.64,314.3,-0.59156,LHS Daling,2.1,32.12,78.44,0.0655,11.0,72.4,73.6,0.27,0,0
1775.3,49.84,114.2,-1.22783,GHS paro,25.58,157.42,467.52,0.1625,5.7,91.8,91.1,-5.3,0,1
666.7,34.09,90.0,-0.90916,LHS Daling,0.19,1.65,17.08,0.1173,14.7,40.5,38.7,0.67,0,0
2827.5,25.22,77.4,0.23997,LHS Daling,4.99,25.87,65.27,0.1928,-0.2,88.7,50.9,-4.23,0,0
2791.0,19.98,142.9,-0.07486,LHS Daling,3.3,45.63,99.53,0.0724,6.1,84.0,68.0,-3.25,0,0
1349.7,25.72,58.9,0.17202,Lingtse,0.09,3.79,11.6,0.023,13.0,44.0,25.0,-4.05,0,0
813.4,29.75,222.7,0.46685,LHS Daling,0.52,1.9,1.9,0.2756,17.9,70.9,38.1,-1.06,0,0
1334.6,44.0,144.2,-0.1296,LHS Daling,2.12,2.12,17.11,1.0,19.7,60.6,31.7,-2.16,0,0
1781.5,29.2,56.9,-1.41839,Lingtse,0.08,2.15,4.73,0.0352,19.2,46.7,28.8,-2.49,0,0
313.4,16.73,80.8,0.15787,GHS paro,37.59,319.64,799.17,0.1176,16.6,97.2,73.2,-5.58,0,1
4288.8,37.5,280.0,-0.5336,GHS paro,33.79,142.16,405.05,0.2377,-9.6,97.2,93.8,-19.72,1,1
353.8,25.79,171.9,-1.7484,LHS Daling,30.01,276.31,589.64,0.1086,20.6,94.2,82.4,-8.14,0,1
1707.2,56.21,199.0,-4.51761,GHS paro,14.15,54.35,138.94,0.2603,12.9,73.1,67.3,-2.81,0,0
350.1,19.34,43.4,-0.30137,LHS Daling,1.1,31.43,111.4,0.0349,24.8,84.0,74.8,-3.65,0,0
3487.7,8.88,245.3,-0.44787,LHS Daling,10.63,151.94,371.39,0.0699,0.0,89.3,87.5,-18.36,1,1
1196.3,44.52,182.3,-0.23283,LHS Daling,0.97,2.53,2.53,0.3838,11.1,68.2,23.0,-3.99,0,0
2438.0,47.43,179.1,-2.39757,GHS paro,0.63,1.24,9.47,0.5069,16.5,67.5,22.2,-1.88,0,0
519.4,6.75,55.4,0.23543,MCT zone,30.08,236.57,532.62,0.1271,20.7,95.9,90.9,-2.97,0,1
4480.4,24.68,258.6,1.23301,GHS paro,6.0,43.04,87.71,0.1395,-3.5,86.3,55.4,-4.3,0,0
2759.2,20.87,315.6,-0.4572,Sedimentary/Alluvium,7.24,31.35,90.79,0.2309,5.0,88.8,50.2,-3.5,0,0
1566.7,16.66,358.9,0.21732,GHS paro,43.1,225.22,501.49,0.1914,5.1,93.3,78.0,-9.66,1,1
2689.2,23.64,60.1,-0.51873,LHS Daling,1.33,16.63,16.63,0.0802,12.6,73.9,17.5,-1.98,0,0
819.5,36.27,244.3,-2.97003,LHS Daling,0.98,0.98,1.36,1.0,20.2,48.8,40.2,-0.71,0,0
1710.1,11.72,151.7,0.21532,GHS paro,0.34,3.94,45.88,0.0859,11.3,46.9,18.4,-1.77,0,0
555.8,16.18,60.3,0.07775,LHS Daling,15.0,134.68,606.63,0.1114,11.3,92.3,84.0,-1.92,0,0
666.7,34.09,90.0,-0.90916,LHS Daling,0.01,4.21,4.21,0.0031,27.6,59.8,41.9,-0.87,0,0
1757.8,12.42,271.0,-0.07746,MCT zone,6.57,30.02,74.39,0.2188,6.6,91.7,66.5,-2.38,0,0
1872.7,15.38,316.5,0.29395,MCT zone,1.38,1.38,7.53,1.0,9.3,44.7,44.9,-1.23,0,0
300.5,22.07,358.2,-0.05538,Lingtse,8.36,34.77,107.36,0.2404,19.6,70.4,58.8,-1.47,0,0
3376.4,21.19,50.1,-0.07627,GHS paro,0.36,1.48,17.9,0.2411,3.9,51.5,16.5,-10.01,1,0
624.9,19.38,294.2,-0.16151,LHS Daling,1.28,5.33,6.28,0.2394,24.3,40.2,38.8,-0.68,0,0
2293.4,15.75,204.3,0.47495,MCT zone,0.76,4.47,38.87,0.1702,7.2,60.2,40.4,0.16,0,0
1316.8,14.95,154.9,-0.62528,LHS Daling,0.1,6.28,14.21,0.0166,22.2,41.2,30.9,-0.94,0,0
1756.2,30.99,106.3,-1.53719,GHS paro,9.49,74.13,331.17,0.128,4.5,88.3,91.3,-11.66,1,1
3113.9,20.99,233.9,0.23455,GHS paro,0.5,4.11,6.66,0.1209,7.5,47.9,16.1,-1.93,0,0
3851.6,42.12,327.1,0.21686,GHS paro,5.42,30.87,62.87,0.1755,-2.9,79.2,49.2,-9.21,1,0
428.5,19.76,203.4,-0.52924,Sedimentary/Alluvium,3.66,29.17,61.99,0.1254,18.8,76.8,72.7,-5.12,0,0
624.9,19.38,294.2,-0.16151,LHS Daling,0.06,5.3,5.3,0.0108,21.8,57.4,25.5,-1.96,0,0
1533.3,20.37,218.1,-0.12814,MCT zone,9.84,36.95,116.6,0.2664,7.7,82.8,73.1,-2.85,0,0
2027.4,47.79,96.3,1.9299,GHS paro,1.24,11.05,15.29,0.112,8.6,61.1,29.6,-0.81,0,0
2833.9,12.12,73.9,-0.49755,MCT zone,8.57,51.45,150.44,0.1666,8.5,86.2,59.0,-12.16,1,1
548.5,7.38,238.9,0.221,Lingtse,0.7,10.47,10.47,0.0673,25.0,53.3,36.0,-0.13,0,0
2585.1,33.5,261.6,-0.18752,GHS paro,14.09,49.3,103.56,0.2858,3.9,72.6,56.4,-2.06,0,0
2402.3,23.3,54.0,0.16877,GHS paro,0.23,0.66,2.75,0.3416,7.5,42.4,42.1,-2.63,0,0
1113.3,13.17,86.0,-0.14598,GHS paro,0.08,4.96,5.86,0.0158,18.7,63.6,17.4,-1.74,0,0
3600.1,42.45,163.5,2.90804,Lingtse,0.71,12.18,71.5,0.0581,-3.1,75.1,54.2,-4.2,0,0
736.9,8.29,178.7,0.05947,LHS Daling,0.01,3.02,3.94,0.004,13.9,55.6,34.6,-0.57,0,0
1712.4,47.63,212.2,-1.87086,MCT zone,19.5,183.02,583.18,0.1065,6.4,93.0,74.7,-17.13,1,1
3080.8,7.17,314.5,0.02281,LHS Daling,8.92,39.85,104.62,0.2238,6.3,83.2,55.1,-1.75,0,0
1146.8,12.37,356.8,0.15988,Sedimentary/Alluvium,3.03,21.46,65.35,0.1411,12.3,75.2,55.3,-10.75,1,0
568.0,26.27,106.1,-2.45376,LHS Daling,0.3,8.92,12.21,0.0333,16.9,55.1,38.4,-1.12,0,0
694.0,11.83,263.1,-0.1975,GHS paro,7.96,49.14,123.33,0.1619,16.2,74.1,69.9,-4.13,0,0
3852.1,38.6,268.6,0.98155,GHS paro,37.41,191.38,488.85,0.1955,0.0,89.3,83.1,-3.6,0,1
483.2,8.95,244.9,0.59101,GHS paro,5.95,28.35,63.68,0.2098,24.6,87.0,62.0,-0.52,0,0
799.1,15.34,143.0,-0.62236,LHS Daling,7.17,74.01,132.4,0.0969,23.1,79.9,55.3,-1.36,0,0
3199.6,5.38,214.7,0.6246,Sedimentary/Alluvium,3.53,36.96,79.57,0.0954,3.5,85.4,61.7,-4.66,0,0
4257.6,18.46,217.0,0.50554,GHS paro,3.26,29.22,84.23,0.1115,-3.4,73.7,63.6,-0.94,0,0
2320.2,17.74,144.3,-0.47504,GHS paro,0.11,1.63,4.81,0.0649,17.2,57.9,38.0,-1.92,0,0
576.4,12.53,158.1,0.29306,LHS Daling,8.2,50.65,121.94,0.162,20.6,70.8,62.0,0.91,0,0
3716.0,17.73,8.9,-0.32127,LHS Daling,0.31,23.73,23.73,0.013,2.6,71.1,15.7,0.35,0,0
2937.0,22.1,23.5,-0.14613,GHS paro,22.31,60.78,158.83,0.367,6.3,91.8,56.7,-3.33,0,0
2193.0,43.84,199.1,0.45895,LHS Daling,0.01,0.78,1.98,0.0149,11.8,66.6,40.3,-0.33,0,0
981.2,16.4,324.0,-0.3023,GHS paro,21.77,136.98,395.3,0.1589,17.3,85.6,92.5,-31.94,1,1
548.3,16.33,230.8,0.38563,GHS paro,16.48,118.45,244.58,0.1391,16.3,93.0,84.8,-13.72,1,1
1499.8,32.5,175.2,-0.97281,LHS Daling,0.1,0.51,5.0,0.2037,11.5,50.5,27.0,-0.85,0,0
1552.3,19.12,78.6,-0.06685,MCT zone,0.02,2.26,14.27,0.0094,9.9,73.0,29.5,-1.87,0,0
436.5,19.62,341.4,-0.12656,GHS paro,1.74,27.01,74.12,0.0646,19.5,84.9,61.8,-1.24,0,0
883.0,48.51,161.1,-3.8187,LHS Daling,0.05,7.78,27.32,0.0066,24.6,43.3,16.2,0.0,0,0
1953.7,11.68,90.6,0.23896,LHS Daling,24.5,213.85,454.65,0.1146,8.3,94.8,85.1,-13.33,1,1
3259.6,19.53,97.5,-0.0588,LHS Daling,0.08,1.45,10.25,0.0536,4.0,55.4,20.0,-1.88,0,0
1268.6,39.29,122.2,-0.30767,LHS Daling,0.25,8.34,8.34,0.03,14.4,47.8,33.0,-3.04,0,0
3642.9,24.55,126.3,0.22249,GHS paro,0.74,50.6,140.6,0.0147,0.8,90.8,64.8,-6.22,0,0
2600.7,25.71,10.5,-0.0487,Lingtse,2.86,2.86,21.65,1.0,10.8,72.7,28.3,0.73,0,0
1726.5,7.05,160.6,-1.03642,LHS Daling,0.36,3.08,3.08,0.117,11.0,72.0,43.9,-2.19,0,0
1360.2,17.39,229.9,0.45945,Sedimentary/Alluvium,8.52,33.25,105.21,0.2563,8.9,88.2,47.2,-9.83,1,0
1903.0,5.31,339.7,-0.3241,LHS Daling,5.84,64.23,140.4,0.0909,7.0,82.8,65.3,-10.54,1,0
3059.6,17.44,277.0,-0.06905,LHS Daling,11.03,127.68,365.65,0.0864,-4.2,93.5,78.1,-5.53,0,0
1322.8,16.48,91.7,-0.14498,LHS Daling,0.94,1.08,12.8,0.8677,22.4,63.5,36.2,-1.02,0,0
3504.6,27.35,243.0,2.37812,GHS paro,15.44,97.96,378.19,0.1577,-4.1,93.0,97.7,-14.43,1,1
4363.8,44.32,318.6,0.64903,GHS paro,0.18,9.73,14.11,0.0184,-3.4,56.9,26.5,-2.3,0,0
1738.6,20.29,120.7,-0.11227,Sedimentary/Alluvium,8.42,74.65,129.25,0.1128,7.6,89.5,51.8,-4.93,0,0
1282.4,9.66,211.0,-0.57602,MCT zone,0.57,2.32,2.32,0.2446,19.3,45.1,37.5,-2.05,0,0
2006.8,24.52,45.9,-0.02566,GHS paro,1.55,27.7,70.09,0.0559,14.0,77.3,65.0,-5.3,0,0
1472.0,54.78,182.9,0.28802,LHS Daling,0.04,7.51,7.51,0.0055,22.3,66.8,25.4,-1.43,0,0
1555.5,16.46,349.6,0.7304,GHS paro,1.08,2.46,30.91,0.4403,22.0,75.0,22.3,-2.64,0,0
2527.4,5.86,265.5,-0.39585,MCT zone,20.22,82.71,308.46,0.2445,2.6,88.7,90.0,-15.17,1,1
466.3,42.07,133.8,0.21731,LHS Daling,0.5,0.65,8.23,0.7699,18.6,54.0,26.3,-1.06,0,0
1049.5,52.65,149.3,2.29678,LHS Daling,0.09,0.85,3.69,0.1007,14.8,67.1,37.9,-1.2,0,0
4534.4,36.56,198.3,0.20137,GHS paro,22.52,138.15,406.08,0.163,-5.7,88.5,85.3,-2.94,0,1
1953.0,19.66,297.3,0.60538,LHS Daling,29.06,121.14,417.45,0.2399,10.9,96.9,96.3,-22.92,1,1
564.6,10.42,66.8,-0.40389,LHS Daling,4.42,33.02,77.88,0.1338,16.9,87.3,53.8,-5.4,0,0
4294.8,42.42,184.8,1.42986,GHS paro,10.6,45.1,102.43,0.235,0.3,87.0,48.0,-2.49,0,0
555.8,16.18,60.3,0.07775,LHS Daling,0.33,3.03,3.56,0.1103,19.2,47.6,23.9,-1.73,0,0
610.1,20.44,319.0,-0.41876,MCT zone,7.5,25.24,75.23,0.2972,21.1,89.5,60.8,-9.35,1,1
840.6,10.9,105.5,-0.79749,MCT zone,11.22,83.42,149.01,0.1345,13.5,91.7,61.9,-1.69,0,1
4132.9,14.55,101.1,1.17901,GHS paro,26.9,163.86,559.99,0.1642,-7.0,87.3,82.8,-14.61,1,1
3504.6,27.35,243.0,2.37812,GHS paro,0.17,6.47,11.46,0.0257,2.8,70.1,43.0,-0.33,0,0
3145.0,40.8,278.6,-1.05431,GHS paro,60.22,297.92,611.61,0.2021,0.9,97.1,80.1,-6.7,0,1
2371.6,45.03,300.6,0.28231,GHS paro,0.44,5.68,7.72,0.0782,5.6,56.7,29.9,-2.08,0,0
2997.2,35.6,119.0,-0.66862,GHS paro,0.17,6.11,31.73,0.0275,12.3,64.6,20.7,-1.17,0,0
1910.7,32.14,34.7,-1.09438,LHS Daling,10.81,127.77,295.73,0.0846,9.7,93.6,78.0,-14.52,1,1
787.0,36.35,198.1,2.7504,LHS Daling,1.1,3.3,3.3,0.3342,22.4,68.3,32.1,-1.03,0,0
1246.4,14.84,315.9,0.00588,LHS Daling,0.11,3.44,9.3,0.0318,17.9,47.4,23.8,-1.47,0,0
2337.7,10.12,64.3,-0.08143,MCT zone,0.7,6.31,6.31,0.1107,7.7,43.2,37.5,-1.4,0,0
1395.2,25.56,131.9,0.47969,LHS Daling,0.36,3.94,19.99,0.0912,10.9,57.3,24.9,-0.86,0,0
3792.9,40.62,161.1,-1.09272,GHS paro,1.22,4.64,4.64,0.2639,5.3,51.2,35.9,-3.39,0,0
1964.4,21.7,203.9,0.02579,Sedimentary/Alluvium,19.77,64.9,161.33,0.3046,11.7,87.2,48.1,0.29,0,0
2285.7,37.34,138.3,3.16493,LHS Daling,0.58,2.29,4.69,0.2534,6.2,47.4,15.4,-0.34,0,0
3048.2,24.94,132.7,-1.16854,Sedimentary/Alluvium,11.54,54.21,109.17,0.2129,5.1,82.8,46.4,-3.1,0,0
4077.5,41.88,151.5,-0.12041,GHS paro,10.96,46.77,128.6,0.2343,-7.6,85.0,48.1,-4.58,0,0
1229.5,19.1,160.5,0.35362,LHS Daling,6.64,31.82,65.36,0.2087,14.2,91.0,66.4,-2.57,0,0
4649.9,37.91,192.7,0.59396,GHS paro,16.3,197.16,469.83,0.0827,-8.7,85.3,86.2,-27.57,1,1
1229.5,19.1,160.5,0.35362,LHS Daling,1.65,8.52,47.69,0.193,9.4,75.7,50.3,-6.49,0,0
735.3,13.71,247.6,0.6645,LHS Daling,7.36,64.61,176.18,0.1139,15.9,81.8,62.4,-1.27,0,0
1097.1,14.22,238.9,-0.37573,Lingtse,9.63,178.68,435.47,0.0539,11.2,86.7,85.7,-5.81,0,1
791.9,13.09,96.5,-0.36156,MCT zone,6.93,24.15,86.4,0.2871,14.1,73.9,50.1,-3.84,0,0
1566.5,23.82,195.4,-0.49104,MCT zone,11.92,48.75,97.08,0.2445,11.3,90.0,56.0,-2.5,0,0
1343.2,18.22,296.9,0.8246,LHS Daling,0.32,3.89,4.61,0.0826,15.8,48.5,34.0,-1.37,0,0
907.5,44.38,179.0,-0.57958,LHS Daling,4.85,25.37,97.35,0.191,12.8,83.5,73.0,-3.53,0,1
4308.0,40.3,194.1,-0.28439,GHS paro,0.83,20.15,100.04,0.0411,-9.6,82.1,65.7,-1.84,0,0
2827.5,25.22,77.4,0.23997,LHS Daling,17.18,168.62,427.85,0.1019,-1.9,94.4,77.2,-20.26,1,1
2637.3,19.84,129.2,-0.02864,GHS paro,16.95,63.33,116.16,0.2677,1.0,89.6,56.9,-7.07,1,0
698.4,6.08,162.3,0.40903,Sedimentary/Alluvium,6.56,135.58,317.51,0.0484,10.4,89.7,94.3,-21.17,1,1
468.7,17.27,96.1,0.31134,GHS paro,3.68,16.88,81.57,0.2182,22.4,88.1,68.7,-3.57,0,0
775.7,35.73,164.5,-1.12607,LHS Daling,0.18,3.73,39.63,0.0496,25.3,74.1,37.7,-0.26,0,0
1854.2,21.17,186.8,0.55608,MCT zone,0.21,6.18,6.18,0.0344,14.6,63.9,26.9,-2.07,0,0
730.5,7.13,55.9,0.25351,Sedimentary/Alluvium,10.91,45.35,138.5,0.2407,16.4,70.6,45.2,-2.95,0,0
3115.5,24.77,339.9,0.27117,LHS Daling,0.75,5.72,21.96,0.1315,9.4,49.3,32.4,-2.09,0,0
3344.9,19.62,94.4,0.4875,MCT zone,10.31,76.25,183.89,0.1353,5.2,76.9,52.7,-4.56,0,0
3066.8,8.64,18.5,0.59629,MCT zone,5.78,35.25,116.91,0.1639,8.5,80.1,46.3,-1.23,0,0
3584.1,21.49,200.4,-0.18355,LHS Daling,0.6,2.8,4.62,0.215,7.0,52.2,31.4,-1.26,0,0
1114.6,22.75,100.8,-2.30502,LHS Daling,12.29,148.23,372.86,0.0829,12.1,97.4,74.1,-26.31,1,1
948.7,6.55,294.0,0.02078,LHS Daling,0.78,2.75,12.79,0.2834,21.9,53.0,24.7,-2.88,0,0
3542.3,18.49,333.1,0.68468,GHS paro,0.7,1.37,12.68,0.5122,0.1,43.3,30.2,-1.66,0,0
2427.1,19.38,57.9,0.48841,Lingtse,2.21,47.34,101.73,0.0466,10.4,84.9,62.8,-0.28,0,0
1869.1,18.83,339.9,-0.17731,GHS paro,5.04,23.5,81.66,0.2144,5.9,79.1,46.2,-2.46,0,0
432.4,42.23,155.3,1.54192,LHS Daling,0.26,1.87,1.97,0.1397,22.9,73.3,29.4,0.14,0,0
3326.8,34.33,101.0,1.14927,GHS paro,0.21,5.43,5.43,0.0395,8.7,69.4,37.8,-1.9,0,0
3145.0,40.8,278.6,-1.05431,GHS paro,6.12,30.85,119.42,0.1983,-0.2,71.4,73.3,-3.72,0,0
969.9,42.54,180.8,-0.39642,Lingtse,0.22,8.38,8.38,0.0268,14.3,70.7,24.3,-2.58,0,0
1999.6,22.87,224.7,-0.29421,LHS Daling,0.23,1.64,31.97,0.1372,14.3,50.1,38.5,-0.6,0,0
3006.0,15.92,153.4,0.0268,GHS paro,4.24,63.83,142.55,0.0664,7.5,91.9,63.4,-3.76,0,0
2709.0,11.18,212.5,-0.04449,MCT zone,0.19,1.41,8.52,0.1354,11.8,47.9,31.9,-3.28,0,0
513.3,26.9,89.2,-0.44084,LHS Daling,7.97,48.98,104.61,0.1626,22.0,82.1,70.7,-4.22,0,0
3642.7,22.54,331.1,0.5568,Sedimentary/Alluvium,14.18,111.4,287.45,0.1273,-0.8,89.2,88.4,-10.35,1,0
3202.5,16.79,120.6,0.76561,Sedimentary/Alluvium,0.54,2.15,2.15,0.2496,0.9,66.1,18.5,-1.61,0,0
2089.4,52.81,137.8,-0.55256,GHS paro,15.75,68.56,141.38,0.2297,10.5,71.4,73.2,-5.08,0,1
2525.8,8.19,222.0,-0.38133,GHS paro,0.28,0.45,7.52,0.6122,3.0,63.9,43.8,-1.41,0,0
1864.7,21.98,219.8,0.15832,LHS Daling,27.07,147.66,403.16,0.1833,11.0,87.1,91.0,-18.51,1,1
1610.9,21.69,260.0,0.01363,GHS paro,3.0,25.78,91.81,0.1165,7.4,85.4,48.6,-12.3,1,0
2154.7,38.75,235.8,-1.26287,GHS paro,11.32,65.25,127.47,0.1735,13.9,92.0,60.0,-2.32,0,0
1837.0,5.95,305.7,-0.38923,GHS paro,1.36,1.36,3.58,1.0,11.2,40.5,42.9,-1.87,0,0
2642.2,20.98,226.0,-0.24951,MCT zone,1.47,2.54,21.89,0.5784,6.9,50.9,40.1,-1.29,0,0
787.0,36.35,198.1,2.7504,LHS Daling,0.06,4.15,5.5,0.0156,18.4,43.9,40.3,-1.48,0,0
1518.3,16.59,58.9,-0.62502,LHS Daling,13.27,121.4,379.83,0.1093,8.2,93.2,85.0,-8.03,1,1
4649.5,21.45,162.3,2.16277,GHS paro,0.3,0.3,22.87,1.0,-6.1,46.4,24.1,-1.55,0,0
818.9,43.59,159.2,-0.94059,LHS Daling,0.66,13.53,13.53,0.0489,24.0,57.6,18.7,-1.48,0,0
4483.2,35.68,99.0,0.78781,GHS paro,22.38,148.88,401.47,0.1504,-4.7,95.2,84.4,-2.76,0,1
502.5,13.33,76.7,-0.33104,Sedimentary/Alluvium,2.89,34.82,83.89,0.083,24.9,73.7,68.7,-3.14,0,0
3178.5,18.81,83.2,0.67108,GHS paro,25.56,218.97,550.18,0.1167,4.1,88.4,96.1,-19.74,1,1
2493.1,6.48,254.0,-0.06918,GHS paro,18.43,136.27,386.62,0.1352,1.3,92.1,88.1,-15.39,1,1
2562.6,7.81,29.7,0.11742,Lingtse,0.25,0.99,11.7,0.2515,6.2,50.5,25.4,-2.67,0,0
548.5,7.38,238.9,0.221,Lingtse,8.4,220.67,460.41,0.0381,18.3,92.3,92.0,-16.61,1,1
1829.5,7.25,288.2,0.23185,Sedimentary/Alluvium,0.1,2.91,6.73,0.0351,15.0,72.7,40.2,0.65,0,0
3567.4,32.17,208.3,0.1915,GHS paro,11.01,34.26,92.21,0.3213,0.7,75.1,51.8,-2.23,0,0
1398.9,12.55,228.1,-0.3144,LHS Daling,1.54,3.84,13.4,0.401,9.8,59.0,17.0,-0.63,0,0
1777.1,6.77,163.2,0.1116,LHS Daling,0.3,3.8,13.6,0.0784,13.0,64.4,19.4,-1.51,0,0
3087.6,44.99,215.2,2.39679,GHS paro,6.34,108.67,213.29,0.0583,-1.1,81.6,59.7,-1.05,0,0
2427.7,18.3,120.1,-0.39544,MCT zone,0.51,2.83,9.38,0.1807,6.2,75.0,16.0,-1.73,0,0
2986.5,14.74,222.7,-0.45668,GHS paro,6.0,27.57,52.87,0.2176,3.4,72.9,72.6,-4.8,0,0
990.0,58.25,149.9,-0.23042,LHS Daling,2.69,18.64,96.14,0.1445,12.5,83.1,68.7,-10.52,1,1
2583.0,16.52,134.4,0.01752,GHS paro,6.36,20.71,92.86,0.3072,0.6,91.7,45.1,-7.39,1,0
3476.6,12.72,289.0,-0.67718,LHS Daling,7.61,51.65,131.91,0.1473,4.3,80.2,56.6,-12.57,1,0
326.8,11.79,314.0,-0.86136,MCT zone,0.61,0.61,0.9,1.0,28.4,69.2,15.0,-1.36,0,0
2260.4,32.41,154.6,-1.15349,MCT zone,43.4,246.0,562.05,0.1764,10.3,90.0,92.5,-6.16,0,1
1170.4,33.26,182.8,0.34764,LHS Daling,5.73,26.43,111.5,0.2168,9.4,73.9,69.5,-8.41,1,0
1406.9,7.34,213.5,0.47865,Lingtse,7.44,33.14,92.02,0.2245,16.7,88.5,71.2,-3.82,0,0
1841.5,17.14,74.3,-0.26724,LHS Daling,55.31,298.26,689.97,0.1854,6.9,94.2,93.9,-16.4,1,1
972.8,36.27,237.2,-1.02817,LHS Daling,0.29,4.22,7.35,0.0685,23.4,51.6,33.5,0.05,0,0
3326.0,7.05,209.2,0.10427,GHS paro,0.01,0.63,5.94,0.0122,-1.8,51.7,44.5,-1.72,0,0
4541.2,37.09,227.8,-0.65604,GHS paro,55.55,219.21,600.48,0.2534,-4.0,86.6,92.6,-13.45,1,1
1055.1,11.5,120.6,-0.40967,Lingtse,1.14,1.14,22.59,1.0,16.2,41.0,29.9,-2.14,0,0
3716.0,17.73,8.9,-0.32127,LHS Daling,5.53,50.28,100.3,0.11,-2.8,89.3,58.1,-4.82,0,0
1209.7,8.82,42.2,0.12923,GHS paro,8.67,46.38,106.46,0.1869,19.9,90.8,70.9,-1.89,0,0
1560.8,5.24,32.9,-0.05361,Lingtse,0.29,13.02,13.02,0.022,11.7,71.7,34.6,-0.01,0,0
1406.9,7.34,213.5,0.47865,Lingtse,3.69,25.0,68.68,0.1477,18.0,89.5,54.8,-2.25,0,0
1245.9,5.64,216.2,0.01127,MCT zone,0.75,2.59,8.48,0.2874,15.9,52.6,24.0,-0.63,0,0
724.0,37.66,233.4,-3.69,LHS Daling,0.18,0.49,1.05,0.3621,17.3,59.9,34.3,-0.9,0,0
547.9,40.23,127.6,1.08488,LHS Daling,1.47,33.68,97.96,0.0436,19.5,75.7,71.1,-13.5,1,1
3700.4,22.18,210.0,-0.06002,LHS Daling,10.65,56.02,185.46,0.1901,2.8,75.7,69.9,-2.47,0,0
607.9,28.55,145.8,-0.1264,LHS Daling,11.93,122.5,301.44,0.0974,16.8,93.9,86.6,-19.78,1,1
1211.0,17.76,116.5,0.26093,MCT zone,10.59,115.11,319.44,0.092,12.3,87.0,89.9,-4.43,0,0
1518.3,16.59,58.9,-0.62502,LHS Daling,2.95,26.17,73.4,0.1127,10.7,89.5,62.8,-9.29,1,0
1707.2,56.21,199.0,-4.51761,GHS paro,0.24,4.29,13.81,0.0564,7.9,51.2,38.0,-1.77,0,0
1011.3,20.91,250.1,0.37373,GHS paro,1.42,16.84,74.95,0.0844,16.2,86.2,52.9,-0.84,0,0
3810.3,43.15,188.7,0.28721,GHS paro,0.21,6.46,14.71,0.0332,-2.4,43.5,43.7,-2.09,0,0
2350.4,44.04,141.4,-0.70306,GHS paro,0.1,0.45,0.82,0.2193,11.9,58.5,32.5,-1.0,0,0
800.1,6.77,83.0,0.12353,LHS Daling,22.65,139.18,383.83,0.1628,9.3,90.5,74.0,-14.83,1,1
1811.2,33.38,204.6,-0.13125,LHS Daling,0.31,0.31,0.89,1.0,9.3,56.9,36.9,-1.95,0,0
2370.9,13.62,274.5,0.25549,Lingtse,0.81,0.86,21.37,0.9379,17.7,40.6,28.0,-1.62,0,0
814.4,7.71,11.7,-0.31968,Sedimentary/Alluvium,0.8,29.52,81.77,0.027,18.7,89.9,56.9,-4.26,0,0
3734.1,10.65,229.1,0.13539,MCT zone,1.27,1.27,1.27,1.0,-3.0,61.8,41.5,-0.25,0,0
2833.9,12.12,73.9,-0.49755,MCT zone,59.52,289.24,611.29,0.2058,0.2,98.6,91.4,-20.54,1,1
776.0,29.29,216.0,-0.65548,LHS Daling,33.93,171.35,475.76,0.198,9.5,94.4,90.7,-23.35,1,1
2702.1,5.43,62.4,0.0152,LHS Daling,11.49,62.85,142.73,0.1827,8.5,87.9,62.6,-2.18,0,0
1113.3,13.17,86.0,-0.14598,GHS paro,1.89,7.53,15.19,0.251,21.6,46.0,17.5,-1.14,0,0
1464.1,35.14,199.6,-0.4741,LHS Daling,30.61,177.01,373.73,0.1729,11.2,89.1,79.7,-20.27,1,1
787.2,15.97,137.9,0.32711,Sedimentary/Alluvium,1.06,9.71,9.71,0.1093,15.8,74.1,43.0,-0.9,0,0
3252.8,9.4,252.9,0.16944,LHS Daling,0.0,6.94,6.94,0.0005,1.8,42.9,19.3,-1.68,0,0
1146.9,12.75,186.4,0.56489,MCT zone,0.62,3.31,9.22,0.1883,11.3,49.6,29.2,-4.45,1,0
1717.9,11.71,106.7,0.82248,LHS Daling,8.3,47.03,94.61,0.1766,5.8,73.6,55.9,-0.59,0,0
3178.5,18.81,83.2,0.67108,GHS paro,36.51,254.22,525.97,0.1436,3.8,86.2,74.8,-6.51,0,1
1261.7,35.71,157.0,-0.92398,LHS Daling,1.17,4.05,9.46,0.288,14.7,40.8,33.6,-3.11,0,0
1601.5,39.68,161.8,-0.53172,LHS Daling,4.77,24.49,63.67,0.1947,9.6,78.7,47.7,-13.34,1,0
787.2,15.97,137.9,0.32711,Sedimentary/Alluvium,0.19,5.79,5.79,0.0323,19.8,56.6,25.8,-3.61,0,0
335.5,10.08,214.3,0.01624,GHS paro,0.04,2.68,9.51,0.0153,26.4,67.1,42.4,-1.61,0,0
2339.8,11.95,269.1,0.36653,GHS paro,7.38,32.9,75.75,0.2243,5.5,74.1,50.3,-4.56,0,0
3031.3,7.86,155.6,-0.29384,GHS paro,2.78,26.14,72.08,0.1064,0.9,75.7,46.4,-2.33,0,0
1643.4,8.66,150.8,-0.53361,Sedimentary/Alluvium,0.39,7.57,12.36,0.052,18.4,45.2,21.2,-4.03,0,0
1280.1,11.55,116.0,0.45951,LHS Daling,0.28,11.1,17.46,0.0252,21.3,71.4,40.9,0.05,0,0
972.8,36.27,237.2,-1.02817,LHS Daling,0.32,1.84,25.57,0.1737,20.0,62.9,18.0,-2.61,0,0
1092.3,41.68,175.5,-0.35756,LHS Daling,0.35,8.32,8.32,0.0425,15.6,69.3,37.1,-1.7,0,0
2196.0,12.1,199.5,-0.11611,MCT zone,0.44,2.92,4.06,0.1494,6.5,54.7,15.1,-1.16,0,0
1143.4,46.51,184.2,-1.27152,LHS Daling,25.15,178.21,452.17,0.1411,8.1,98.4,97.3,-13.14,1,1
3496.5,23.84,270.0,-0.26516,LHS Daling,0.03,1.95,10.12,0.0143,7.3,45.8,32.6,-0.64,0,0
1683.0,15.84,258.9,-0.0282,MCT zone,0.42,2.32,6.74,0.1794,21.5,48.9,23.8,-1.87,0,0
602.6,6.61,156.9,1.39894,LHS Daling,4.95,47.29,102.91,0.1047,18.7,87.6,69.4,-4.1,0,0
300.5,22.07,358.2,-0.05538,Lingtse,0.86,24.73,72.27,0.0346,20.5,90.8,47.9,-3.32,0,0
1236.6,17.48,346.7,0.20544,Sedimentary/Alluvium,0.31,1.6,9.24,0.196,14.2,60.6,28.7,-1.93,0,0
3674.3,12.87,198.3,-0.14913,GHS paro,5.51,39.6,83.92,0.1392,-2.7,80.4,45.2,-4.27,0,0
2583.0,16.52,134.4,0.01752,GHS paro,1.39,15.1,111.54,0.0919,1.1,86.9,55.8,-2.51,0,0
2233.8,17.98,218.8,0.49531,MCT zone,10.97,57.69,105.81,0.1902,3.8,82.0,71.5,-1.49,0,0
353.8,25.79,171.9,-1.7484,LHS Daling,4.91,32.82,76.94,0.1495,20.7,84.3,65.4,-1.94,0,0
1208.4,16.17,248.2,1.03583,LHS Daling,2.11,18.66,50.31,0.113,20.0,79.1,46.3,-2.67,0,0
410.2,34.47,166.5,-0.766,LHS,1.13,8.59,8.59,0.1316,16.2,60.5,24.7,-0.9,0,0
2529.2,8.72,30.8,-0.48386,Sedimentary/Alluvium,0.01,7.36,15.81,0.0009,8.0,55.0,20.9,-3.72,0,0
408.3,16.97,274.9,0.48524,GHS paro,0.14,1.54,1.54,0.0919,27.4,42.4,29.9,-1.82,0,0
2116.6,24.84,313.8,-0.08147,GHS paro,0.61,3.18,13.86,0.1933,9.3,63.8,40.9,-2.68,0,0
1245.9,5.64,216.2,0.01127,MCT zone,0.62,3.15,4.31,0.1974,13.8,54.0,37.4,-1.39,0,0
2596.5,49.8,148.5,1.2339,GHS paro,16.86,166.12,488.22,0.1015,2.4,91.6,86.6,-8.69,0,1
305.5,8.92,124.9,-0.6282,LHS Daling,0.15,2.24,7.91,0.0682,25.2,64.2,36.4,-3.59,1,0
1264.0,35.72,211.0,-0.93239,LHS,11.5,51.56,142.59,0.223,13.8,70.2,73.6,-3.06,0,0
1055.1,11.5,120.6,-0.40967,Lingtse,1.0,5.39,19.62,0.1847,18.5,66.5,28.9,-0.78,0,0
1751.2,39.49,61.6,0.0684,GHS paro,5.24,33.87,116.47,0.1546,7.1,85.1,55.2,-12.57,1,1
3621.3,31.17,248.7,0.98753,GHS paro,24.82,152.43,357.23,0.1628,-0.6,89.3,90.9,-3.94,0,1
2292.8,18.39,140.1,-0.07479,LHS Daling,4.64,29.59,112.56,0.1569,5.1,71.7,73.6,-4.79,0,1
2902.6,21.88,82.5,0.64548,Lingtse,0.25,1.8,19.84,0.1401,12.9,66.0,15.0,-5.85,1,0
443.9,17.37,166.5,-0.74408,LHS Daling,0.74,3.11,3.11,0.2383,22.2,66.9,37.2,-3.66,0,0
2829.5,17.08,12.2,-0.08373,MCT zone,3.34,23.91,116.92,0.1398,4.4,74.8,61.9,-5.37,0,0
1179.2,42.4,198.5,-0.0306,LHS Daling,0.96,35.02,66.57,0.0273,13.1,73.2,47.1,-9.91,1,1
1416.0,10.57,288.0,-0.15165,MCT zone,49.34,239.5,654.63,0.206,6.6,86.3,75.1,-2.52,0,1
4356.8,35.52,274.2,2.66859,GHS paro,0.01,3.18,5.2,0.0035,3.8,64.7,28.1,-0.54,0,0
1376.7,45.55,189.5,-0.78,LHS Daling,4.32,63.45,140.36,0.0681,17.4,86.5,56.3,-4.16,0,0
2075.9,24.07,354.5,0.55371,LHS Daling,9.49,52.9,116.4,0.1794,11.8,82.2,54.8,-3.02,0,0
3276.2,6.63,317.1,-0.74661,GHS paro,0.18,2.07,7.89,0.0888,6.8,51.0,41.8,-1.8,0,0
2692.2,41.71,231.6,-0.66555,GHS paro,0.08,0.21,4.27,0.3951,15.4,49.2,44.7,-2.94,0,0
1953.7,11.68,90.6,0.23896,LHS Daling,0.22,2.19,7.23,0.0988,12.8,69.1,32.1,-1.61,0,0
2028.7,51.56,148.0,2.4236,MCT zone,24.91,210.81,545.38,0.1181,2.2,90.8,76.1,-8.46,1,1
3252.8,9.4,252.9,0.16944,LHS Daling,3.15,26.32,72.64,0.1197,8.1,70.1,45.2,-1.23,0,0
1098.8,14.19,98.7,0.02467,LHS Daling,0.18,3.7,3.7,0.0498,21.5,55.5,36.8,-2.57,0,0
731.8,28.4,176.9,-0.54656,LHS Daling,5.87,42.12,118.79,0.1393,13.3,87.7,57.6,-4.31,0,0
1146.8,12.37,356.8,0.15988,Sedimentary/Alluvium,0.59,3.62,23.77,0.1633,16.4,65.7,20.1,-3.15,0,0
2946.7,7.94,322.0,0.07682,GHS paro,7.83,124.51,309.82,0.0629,-0.2,90.5,86.2,-21.47,1,1
1326.6,21.22,359.0,-0.11253,MCT zone,0.6,15.93,15.93,0.0373,19.9,43.2,20.8,-0.47,0,0
1652.9,7.44,212.5,-0.08991,LHS Daling,6.62,33.51,85.5,0.1976,6.6,90.3,59.6,-8.57,1,1
2069.1,8.56,198.7,0.43652,LHS Daling,13.24,68.65,138.38,0.1929,14.3,90.0,47.9,-2.34,0,0
551.0,25.03,9.6,0.16761,GHS paro,0.09,0.36,31.3,0.2492,14.8,74.5,23.6,-2.44,0,0
857.1,39.59,151.5,-1.7256,LHS,0.08,7.94,7.94,0.0103,19.0,66.3,35.4,-1.08,0,0
1645.0,28.7,48.4,-0.4122,Lingtse,4.63,34.79,95.1,0.1331,6.9,90.0,68.3,-10.63,1,1
2006.7,21.87,221.7,0.21466,Lingtse,0.39,13.83,13.83,0.0285,7.6,46.5,20.5,0.12,0,0
1333.5,23.81,265.5,0.429,Sedimentary/Alluvium,1.0,1.0,4.15,1.0,15.6,62.7,34.7,-2.09,0,0
2160.2,49.25,326.6,-0.3787,Lingtse,6.49,27.56,51.43,0.2354,8.9,72.6,59.5,-1.36,0,0
1459.7,23.08,144.3,0.05023,LHS Daling,0.34,4.97,10.43,0.0679,20.7,44.2,34.7,-2.17,0,0
2556.9,17.88,222.1,0.75383,MCT zone,48.55,231.69,699.85,0.2096,7.3,97.6,97.7,-11.97,1,1
1501.1,5.11,310.2,-0.07412,MCT zone,7.02,39.08,76.81,0.1796,17.4,72.3,71.5,-12.32,1,0
4147.0,39.84,141.1,0.65134,GHS paro,0.74,0.74,12.82,1.0,5.1,73.1,42.2,-0.68,0,0
2540.8,29.68,152.5,-1.31359,GHS paro,1.49,3.02,3.02,0.4942,7.2,72.9,41.0,-1.91,0,0
949.2,39.32,182.6,-1.91231,LHS Daling,0.24,5.16,5.16,0.0472,20.3,62.3,31.3,-4.2,1,0
1263.8,9.98,56.2,-0.54792,LHS Daling,1.17,7.19,7.19,0.1622,11.4,49.5,22.4,-1.63,0,0
531.0,21.94,7.7,-0.30272,MCT zone,5.23,33.79,62.06,0.1549,15.3,85.0,71.8,-1.44,0,0
1847.3,50.31,113.0,-0.18639,GHS paro,9.95,39.68,92.22,0.2507,15.0,89.9,68.7,-4.22,0,0
3193.5,22.01,300.6,0.2032,Sedimentary/Alluvium,22.82,204.0,583.27,0.1118,1.1,96.1,91.5,-10.8,1,1
2094.3,15.44,207.5,0.39271,LHS Daling,2.6,65.47,150.32,0.0396,15.1,84.3,50.1,-5.4,0,0
1903.0,5.31,339.7,-0.3241,LHS Daling,57.12,232.73,590.97,0.2454,8.1,92.3,96.2,-19.59,1,1
1368.6,17.85,294.1,-0.49031,LHS Daling,40.85,265.12,789.33,0.1541,6.4,94.4,96.7,-4.61,0,1
2001.0,23.87,158.7,0.85806,LHS Daling,0.12,1.25,3.68,0.0925,10.6,69.0,15.7,-2.32,0,0
1245.9,5.64,216.2,0.01127,MCT zone,22.16,134.54,357.26,0.1647,16.1,95.9,96.3,-19.97,1,0
463.7,40.19,177.1,0.66829,LHS Daling,1.44,1.44,16.34,1.0,26.1,61.3,32.9,-2.58,0,0
335.5,10.08,214.3,0.01624,GHS paro,19.0,131.48,360.28,0.1445,19.4,98.7,95.0,-25.1,1,1
3672.2,21.15,16.5,-0.04006,GHS paro,0.13,5.88,32.72,0.0214,9.2,42.3,32.3,-1.63,0,0
1163.1,23.99,354.2,0.17153,GHS paro,13.24,146.03,471.49,0.0907,14.3,96.3,95.4,-6.04,0,1
606.8,31.1,207.6,-1.6956,LHS Daling,12.65,122.67,317.32,0.1031,15.6,90.9,92.7,-13.82,1,1
4468.7,25.01,162.9,-0.27643,GHS paro,0.01,8.16,30.5,0.0008,1.3,52.7,20.1,-1.98,0,0
2604.9,7.48,194.2,-0.53885,LHS Daling,0.12,4.83,4.83,0.0245,3.4,49.8,24.3,-0.76,0,0
1062.6,25.3,123.1,-0.36827,Sedimentary/Alluvium,0.1,1.82,4.68,0.0527,19.9,74.4,27.9,-2.08,0,0
2529.2,8.72,30.8,-0.48386,Sedimentary/Alluvium,1.59,48.52,101.74,0.0328,7.5,83.1,47.0,-1.56,0,0
3561.1,10.98,152.7,-0.99976,Sedimentary/Alluvium,8.98,31.06,71.51,0.2891,5.3,70.3,74.6,-0.78,0,0
1490.9,31.68,152.4,-0.43025,Lingtse,0.15,8.16,11.85,0.0182,15.6,58.7,22.2,-3.13,0,0
857.1,39.59,151.5,-1.7256,LHS,1.15,1.15,4.49,1.0,20.5,54.4,21.8,-1.39,0,0
1196.3,44.52,182.3,-0.23283,LHS Daling,0.53,2.36,19.87,0.2251,16.7,56.3,17.8,-1.99,0,0
2856.0,42.06,153.4,1.5748,GHS paro,11.68,45.85,116.17,0.2546,3.0,87.5,69.1,-14.79,1,0
1804.8,9.71,147.1,0.88421,GHS paro,0.2,1.75,64.54,0.1149,14.9,69.2,15.0,-2.24,0,0
1967.5,17.04,6.4,-0.11073,GHS paro,13.06,105.41,325.57,0.1239,11.1,85.3,89.7,-16.33,1,1
2112.9,22.9,162.5,0.20638,LHS Daling,21.47,119.96,430.26,0.179,2.5,90.6,84.4,-28.05,1,0
3851.6,42.12,327.1,0.21686,GHS paro,0.92,0.92,8.14,1.0,-4.5,57.9,17.3,-3.02,0,0
4358.8,39.74,274.6,-0.02932,GHS paro,23.03,123.14,358.69,0.1871,-7.9,93.3,92.4,-4.17,0,1
2759.2,20.87,315.6,-0.4572,Sedimentary/Alluvium,0.49,11.02,11.02,0.0448,11.4,59.7,43.3,-0.78,0,0
1693.0,12.36,151.1,0.08023,GHS paro,0.96,7.14,7.14,0.1348,14.4,69.9,43.8,-1.97,0,0
1376.3,27.74,85.0,-1.13519,Lingtse,0.02,2.84,10.83,0.0082,20.2,61.8,24.1,-1.82,0,0
2541.7,14.42,154.0,0.32629,GHS paro,31.92,233.29,517.86,0.1368,3.1,90.3,97.7,-30.5,1,1
1266.6,20.82,273.0,-0.34021,LHS Daling,3.65,43.22,113.03,0.0844,13.4,84.5,68.0,-4.72,0,1
517.7,5.86,209.5,1.27724,GHS paro,0.3,8.54,8.54,0.0348,25.3,50.0,16.2,0.07,0,0
2370.9,13.62,274.5,0.25549,Lingtse,29.88,155.01,434.99,0.1928,8.0,85.2,97.5,-3.68,1,1
960.2,48.32,175.8,-1.4118,LHS,5.0,28.79,74.42,0.1738,18.7,86.3,64.3,-3.35,0,0
3294.9,11.53,83.6,0.3992,LHS Daling,0.07,5.87,5.87,0.0121,4.3,68.8,27.7,0.34,0,0
1986.9,28.24,139.0,0.91919,LHS Daling,10.13,65.72,133.52,0.1542,12.8,82.6,74.3,-3.77,0,0
3648.8,5.95,287.1,-0.32728,LHS Daling,5.19,26.26,151.99,0.1975,-5.4,74.4,62.6,-0.51,0,0
745.6,29.79,248.9,1.88671,LHS Daling,0.53,3.3,19.01,0.16,17.1,59.8,39.1,-1.95,0,0
1704.5,29.77,186.6,1.09413,LHS Daling,1.45,18.63,98.16,0.0777,7.3,90.2,74.8,-0.19,0,0
3784.0,6.33,181.0,0.1386,LHS Daling,0.29,3.63,10.72,0.0813,0.0,64.5,43.8,0.12,0,0
2758.9,15.99,213.3,0.80244,Lingtse,0.21,0.78,3.73,0.266,13.1,71.0,29.2,-1.84,0,0
2438.0,47.43,179.1,-2.39757,GHS paro,0.3,4.06,5.69,0.0748,7.7,57.2,22.9,-3.05,0,0
4642.6,33.21,302.0,2.89059,GHS paro,0.06,0.79,4.61,0.0721,3.6,49.7,26.2,-1.67,0,0
4257.6,18.46,217.0,0.50554,GHS paro,0.31,0.44,4.51,0.6992,0.7,48.8,19.0,-1.3,0,0
2966.7,12.89,234.5,0.10696,Sedimentary/Alluvium,2.66,40.3,78.54,0.0659,0.2,84.8,51.0,-2.6,0,0
3329.5,19.78,49.3,0.30366,GHS paro,9.33,47.84,100.36,0.195,7.3,84.8,56.9,-4.06,0,0
2094.3,15.44,207.5,0.39271,LHS Daling,1.4,2.5,2.5,0.5591,18.4,74.2,21.5,-9.06,1,0
2596.5,49.8,148.5,1.2339,GHS paro,11.64,90.14,269.83,0.1292,2.6,96.9,96.9,-4.05,0,0
3094.3,22.83,79.9,0.65565,LHS Daling,0.11,9.09,14.79,0.0124,11.2,55.0,21.1,-0.46,0,0
2596.5,49.8,148.5,1.2339,GHS paro,0.29,1.83,21.16,0.1594,7.0,51.0,38.1,-1.54,0,0
3682.5,5.78,239.4,-0.00365,GHS paro,4.35,51.15,115.12,0.0851,-0.3,83.1,53.2,-2.12,0,0
1170.4,33.26,182.8,0.34764,LHS Daling,6.19,29.57,77.17,0.2092,18.9,89.4,69.8,-16.69,1,1
2036.9,27.17,190.9,-3.27498,GHS paro,0.02,2.96,22.52,0.0053,6.9,52.7,35.6,-0.86,0,0
1322.8,16.48,91.7,-0.14498,LHS Daling,1.14,24.78,65.74,0.0462,19.3,88.3,61.8,-0.57,0,0
436.5,19.62,341.4,-0.12656,GHS paro,0.26,1.37,11.24,0.1905,28.4,62.7,38.9,-2.61,0,0
2035.1,38.14,191.8,-2.00134,Lingtse,4.68,23.12,58.32,0.2024,6.9,82.7,74.1,-1.53,0,0
2038.4,22.26,67.1,1.04067,GHS paro,3.93,24.99,77.64,0.1572,13.9,80.1,46.8,-3.43,0,0
3138.9,7.69,331.5,-0.1931,GHS paro,10.44,176.68,486.74,0.0591,2.0,87.1,81.2,-4.7,0,1
4400.4,40.43,290.0,0.38693,GHS paro,0.77,4.09,12.69,0.1889,0.8,41.5,37.4,-0.13,0,0
1031.1,14.57,255.0,0.27855,MCT zone,16.3,81.45,291.63,0.2001,15.9,97.9,92.9,-20.74,1,0
1324.5,20.97,69.2,0.01443,LHS Daling,0.52,1.09,2.25,0.4763,20.1,65.3,36.5,0.45,0,0
2260.4,32.41,154.6,-1.15349,MCT zone,1.25,5.38,12.79,0.2317,14.6,72.8,43.5,-1.34,0,0
1645.8,8.39,304.7,-0.30171,MCT zone,2.35,17.11,74.2,0.1372,16.7,74.7,47.5,-3.66,0,0
425.2,28.56,166.6,-2.9424,LHS Daling,4.7,47.1,111.95,0.0998,16.2,78.8,59.8,-3.38,0,0
447.1,24.1,48.4,-0.14825,LHS Daling,2.63,18.14,65.98,0.1449,16.2,84.6,74.9,-2.59,0,0
2108.0,12.09,220.1,-0.33878,LHS Daling,3.53,35.51,124.77,0.0993,10.2,82.4,73.8,-2.79,0,0
1706.2,6.79,265.7,-0.52473,GHS paro,0.66,4.35,9.75,0.1512,12.6,42.1,36.8,-1.18,0,0
1889.0,22.91,136.7,-0.56549,MCT zone,0.0,1.81,5.53,0.0026,13.8,74.5,17.1,-3.42,0,0
1761.0,30.11,207.7,-1.5349,GHS paro,17.49,181.81,456.96,0.0962,8.3,85.5,97.8,-18.63,1,1
3415.5,8.62,177.0,-0.03113,MCT zone,3.88,38.67,128.01,0.1005,6.1,77.4,52.0,-13.04,1,0
1453.7,33.61,231.7,0.34848,LHS Daling,16.04,100.05,396.62,0.1603,15.1,93.3,93.5,-2.83,0,1
3202.9,6.86,299.0,0.03073,LHS Daling,6.14,45.76,104.73,0.1343,8.0,75.8,71.0,-3.41,0,0
1334.6,44.0,144.2,-0.1296,LHS Daling,0.53,1.14,1.85,0.4659,17.2,64.2,37.0,-2.22,0,0
2689.2,23.64,60.1,-0.51873,LHS Daling,14.97,171.09,457.33,0.0875,-1.1,98.0,79.2,-1.53,0,1
2748.5,35.8,306.9,-2.6087,GHS paro,0.91,8.34,8.34,0.1088,9.6,41.8,32.9,-0.2,0,0
2611.9,49.95,150.2,0.53483,GHS paro,0.01,0.28,7.61,0.0346,6.8,55.2,31.0,-2.9,0,0
553.1,12.16,359.3,0.53128,GHS paro,0.22,2.46,13.25,0.09,16.8,66.0,26.9,-0.77,0,0
3483.1,5.53,263.7,-0.48388,Sedimentary/Alluvium,0.37,0.37,22.08,1.0,0.1,43.5,30.5,-2.42,0,0
2075.9,24.07,354.5,0.55371,LHS Daling,3.35,21.59,54.96,0.1552,4.7,83.5,45.1,-21.48,1,0
2879.3,44.72,195.1,-1.2778,GHS paro,8.89,36.93,71.74,0.2407,-0.5,73.9,61.1,-3.89,0,1
1229.5,19.1,160.5,0.35362,LHS Daling,0.11,4.9,7.35,0.0229,22.6,53.3,27.3,0.15,0,0
813.4,29.75,222.7,0.46685,LHS Daling,1.34,1.34,42.76,1.0,25.3,44.8,42.9,-1.84,0,0
1808.4,12.72,37.5,0.65136,LHS Daling,0.65,8.82,17.72,0.0741,20.7,63.0,38.6,-1.13,0,0
960.7,44.81,330.4,1.55507,LHS Daling,7.26,28.03,68.82,0.259,14.7,75.1,65.9,-4.76,0,0
1104.2,34.7,192.2,0.35774,LHS Daling,22.19,73.65,171.74,0.3013,21.2,87.1,60.4,-7.54,1,1
1999.2,52.24,202.6,-7.00738,MCT zone,0.86,5.28,5.28,0.162,7.8,61.2,44.6,-0.33,0,0
2632.3,25.85,27.4,1.02328,GHS paro,6.67,36.16,90.73,0.1844,1.5,72.2,62.9,-13.04,1,0
2901.2,21.22,59.1,0.41211,LHS Daling,8.68,40.86,97.04,0.2124,6.5,76.8,60.6,-11.37,1,0
1869.1,18.83,339.9,-0.17731,GHS paro,0.53,0.68,16.53,0.7795,15.4,43.9,17.1,-1.85,0,0
1123.8,30.95,52.5,-0.31248,LHS Daling,2.79,12.52,74.84,0.2227,16.3,70.8,61.4,-3.0,0,0
1645.0,28.7,48.4,-0.4122,Lingtse,0.12,0.12,25.01,1.0,17.7,61.8,17.8,-0.79,0,0
1683.0,15.84,258.9,-0.0282,MCT zone,1.59,2.07,4.26,0.7664,19.8,52.0,32.2,0.04,0,0
3113.9,20.99,233.9,0.23455,GHS paro,8.35,28.71,60.2,0.2906,0.2,77.7,70.3,-3.26,0,0
1979.2,57.72,111.8,3.02618,GHS paro,0.16,3.96,11.1,0.0415,6.5,71.9,21.3,-1.54,0,0
1425.2,24.96,15.2,-0.0885,GHS paro,2.97,37.62,118.89,0.079,18.2,85.3,65.5,-4.91,0,0
1940.7,16.4,303.1,-0.1397,Sedimentary/Alluvium,31.36,180.19,533.48,0.174,4.0,85.2,83.1,-8.58,1,0
3604.1,18.86,38.4,-0.15527,LHS Daling,8.22,115.85,315.1,0.0709,-3.2,90.7,73.2,-5.23,0,1
483.2,8.95,244.9,0.59101,GHS paro,2.02,3.85,19.87,0.5234,24.1,50.0,40.3,-1.37,0,0
1848.5,48.17,110.9,-1.99184,GHS paro,0.35,0.35,0.63,1.0,18.8,61.6,17.8,-0.55,0,0
989.2,20.7,126.2,0.18095,MCT zone,48.06,275.62,612.49,0.1744,14.9,91.7,86.9,-17.28,1,1
2897.3,45.67,138.6,1.77494,GHS paro,40.36,284.7,560.79,0.1418,-3.2,98.1,84.4,-17.5,1,1
1991.9,16.64,247.8,0.17478,Sedimentary/Alluvium,2.43,27.81,65.73,0.0875,8.6,84.2,68.6,-8.85,1,0
2666.6,17.62,67.2,0.69102,LHS Daling,11.61,58.36,106.99,0.1989,9.4,77.2,59.9,-2.83,0,0
1986.9,28.24,139.0,0.91919,LHS Daling,0.03,1.29,18.91,0.0256,19.1,66.4,32.1,-0.61,0,0
1848.5,48.17,110.9,-1.99184,GHS paro,6.54,50.48,126.46,0.1296,10.5,79.2,64.3,-11.54,1,0
1163.1,23.99,354.2,0.17153,GHS paro,1.25,45.4,85.88,0.0275,9.0,87.8,59.3,-3.79,0,0
2769.6,23.73,35.8,-0.25971,LHS Daling,27.29,177.67,395.96,0.1536,4.3,97.9,79.5,-25.16,1,1
3080.8,7.17,314.5,0.02281,LHS Daling,0.03,1.29,52.41,0.0267,6.2,43.8,17.6,-1.87,0,0
3005.2,7.71,46.8,0.14695,MCT zone,0.28,4.39,23.01,0.064,13.7,48.2,19.5,-2.89,0,0
519.4,6.75,55.4,0.23543,MCT zone,40.67,194.19,441.05,0.2094,14.2,94.8,81.3,-12.11,1,1
366.9,5.56,65.0,-0.54876,MCT zone,0.4,0.4,16.51,1.0,17.3,70.4,31.4,-0.82,0,0
3409.4,11.17,92.8,-0.53249,LHS Daling,0.22,0.37,6.43,0.5965,1.2,68.0,43.6,-0.86,0,0
3415.8,5.95,228.2,0.05635,Sedimentary/Alluvium,0.09,12.0,12.0,0.0075,10.9,52.1,35.4,-2.06,0,0
3641.8,19.06,250.3,0.93531,GHS paro,0.42,2.26,5.83,0.1871,3.8,56.6,27.8,1.49,0,0
817.0,26.22,210.7,0.6588,LHS Daling,10.09,83.53,207.24,0.1208,19.1,88.4,64.7,-0.53,0,0
1207.7,14.78,49.3,-0.06998,MCT zone,21.17,180.49,445.26,0.1173,8.7,93.8,74.5,-5.56,0,1
4468.7,25.01,162.9,-0.27643,GHS paro,0.14,0.65,0.76,0.2164,-2.4,72.8,35.1,-2.19,0,0
438.1,11.78,107.0,0.1946,GHS paro,0.98,0.98,14.51,1.0,18.7,54.1,40.2,-6.9,1,0
4160.1,37.03,141.5,1.7793,GHS paro,7.02,45.75,79.0,0.1534,-8.8,78.5,50.3,-1.37,0,0
579.5,35.46,196.0,-0.80879,LHS Daling,33.07,143.27,379.08,0.2308,18.8,92.9,88.5,-14.0,1,0
1376.3,27.74,85.0,-1.13519,Lingtse,0.2,2.14,46.74,0.0933,11.5,69.2,19.0,-2.81,0,0
1046.2,48.46,75.2,-4.24367,LHS Daling,1.31,22.54,76.93,0.0582,15.9,84.8,53.2,-3.72,0,0
1903.0,5.31,339.7,-0.3241,LHS Daling,36.65,274.22,708.42,0.1337,6.6,90.3,93.5,-4.16,0,1
514.2,44.65,162.8,-0.70124,LHS,27.66,313.45,699.65,0.0882,12.2,86.9,93.4,-26.52,1,1
819.5,36.27,244.3,-2.97003,LHS Daling,0.47,7.48,16.29,0.0634,24.5,48.2,27.3,-1.75,0,0
501.8,11.02,314.6,0.2146,LHS Daling,10.99,86.89,234.34,0.1265,15.8,97.0,86.8,-26.42,1,1
468.5,9.17,293.2,0.09552,MCT zone,0.65,1.08,45.25,0.5968,16.0,62.8,20.5,-1.75,0,0
331.0,9.11,114.9,0.29684,Lingtse,11.35,31.62,72.91,0.3591,19.3,81.6,55.5,-11.58,1,1
2796.2,24.59,227.5,-0.19554,GHS paro,16.82,144.21,381.34,0.1167,5.4,91.4,78.7,-3.89,0,0
1539.4,49.65,207.1,-0.24787,LHS,2.5,4.06,10.98,0.6158,12.5,71.8,17.6,-1.8,0,0
677.2,36.61,95.1,-1.75549,LHS Daling,6.06,35.72,106.07,0.1696,23.6,86.5,48.9,-2.09,0,0
1958.3,31.96,98.1,0.41549,LHS Daling,0.21,1.99,19.73,0.1074,10.6,73.3,43.0,-1.53,0,0
981.2,16.4,324.0,-0.3023,GHS paro,0.14,2.84,12.57,0.0477,20.7,40.8,19.2,-1.92,0,0
1541.7,23.42,346.0,0.54566,MCT zone,17.38,78.05,179.97,0.2227,15.6,71.3,62.0,-1.05,0,0
1437.9,19.87,102.6,0.17453,GHS paro,3.47,31.35,127.5,0.1107,14.2,76.8,54.0,-2.82,0,0
2028.3,9.7,134.2,0.08987,Sedimentary/Alluvium,0.17,0.84,9.9,0.2045,10.2,64.2,35.8,-0.67,0,0
3199.6,5.38,214.7,0.6246,Sedimentary/Alluvium,1.02,4.58,4.58,0.2224,2.1,68.3,20.6,-2.4,0,0
2310.8,27.02,246.1,0.25513,GHS paro,0.84,7.48,7.48,0.1121,9.6,47.7,34.1,-1.7,0,0
1363.8,12.69,240.7,0.41884,Sedimentary/Alluvium,6.1,81.13,164.63,0.0752,12.6,79.8,49.0,-1.51,0,0
3781.9,10.3,28.3,0.17132,GHS paro,0.23,30.86,105.58,0.0073,1.6,88.3,67.8,-3.5,0,0
1398.9,12.55,228.1,-0.3144,LHS Daling,0.79,4.12,7.11,0.1926,17.8,73.8,16.6,0.64,0,0
2478.2,10.09,37.6,-0.14127,MCT zone,1.78,6.62,35.2,0.2689,13.1,41.1,35.7,-2.29,0,0
1476.4,43.27,157.7,-0.81855,LHS Daling,0.52,2.84,16.05,0.182,11.9,68.2,38.8,-0.51,0,0
557.2,22.13,110.3,0.1368,LHS Daling,0.02,3.82,3.99,0.0043,20.5,58.8,15.0,-2.23,0,0
607.9,28.55,145.8,-0.1264,LHS Daling,0.48,0.48,1.65,1.0,17.0,56.1,28.5,-0.73,0,0
1825.5,34.36,102.6,-4.57197,LHS Daling,0.04,2.3,6.17,0.0155,8.0,70.7,21.4,-1.65,0,0
2331.6,7.67,150.8,-0.01001,GHS paro,22.59,151.96,395.9,0.1487,3.2,96.1,84.6,-24.24,1,1
1207.7,14.78,49.3,-0.06998,MCT zone,0.49,0.54,2.59,0.9068,24.6,42.3,25.9,-2.43,0,0
2940.5,35.12,296.9,0.51653,GHS paro,0.83,29.02,65.59,0.0286,-1.3,77.9,46.4,-5.5,0,0
1715.0,23.16,254.9,0.18751,GHS paro,35.74,214.17,502.37,0.1669,9.1,91.7,93.2,-22.26,1,1
410.2,34.47,166.5,-0.766,LHS,0.87,7.4,9.16,0.1174,26.3,73.7,37.4,-2.97,0,0
1146.8,12.37,356.8,0.15988,Sedimentary/Alluvium,1.52,26.48,60.88,0.0575,9.5,72.6,46.5,-5.38,0,0
2108.0,12.09,220.1,-0.33878,LHS Daling,1.62,1.62,1.62,1.0,13.8,70.0,22.8,-1.12,0,0
936.4,44.18,175.8,-1.40828,LHS Daling,2.17,57.07,96.35,0.038,14.8,73.7,53.0,-2.06,0,0
3409.4,11.17,92.8,-0.53249,LHS Daling,0.25,6.41,23.59,0.0393,0.6,74.6,23.8,-1.23,0,0
1579.0,22.34,152.2,-2.31363,LHS Daling,0.0,2.13,19.84,0.0014,12.6,47.5,41.2,-2.02,0,0
2627.4,5.98,67.3,0.35346,LHS Daling,0.22,1.18,7.87,0.1837,15.7,59.0,36.4,-1.71,0,0
1825.5,34.36,102.6,-4.57197,LHS Daling,4.81,26.23,63.32,0.1835,13.1,89.9,55.0,-10.19,1,1
2403.8,13.26,85.7,-0.4059,LHS Daling,6.0,41.76,69.46,0.1437,1.9,88.9,65.0,-1.96,0,0
818.9,43.59,159.2,-0.94059,LHS Daling,0.37,12.45,12.45,0.0296,23.4,57.3,23.8,-1.05,0,0
2627.4,5.98,67.3,0.35346,LHS Daling,1.15,86.94,167.08,0.0132,1.6,73.5,49.7,-4.8,0,1
1464.1,35.14,199.6,-0.4741,LHS Daling,0.07,11.7,11.7,0.0058,19.4,51.5,35.2,-1.4,0,0
1066.7,15.89,335.6,-0.25558,MCT zone,40.19,162.79,411.17,0.2469,12.2,98.3,96.7,-16.57,1,1
1095.1,8.82,147.7,-0.10295,LHS Daling,0.21,3.45,4.12,0.0597,14.0,58.7,35.3,-1.64,0,0
1095.1,8.82,147.7,-0.10295,LHS Daling,7.21,35.61,71.23,0.2026,17.4,71.2,65.0,-9.8,1,0
4649.5,21.45,162.3,2.16277,GHS paro,3.26,20.99,67.3,0.1554,-7.5,84.2,46.7,-1.01,0,0
559.0,23.47,144.8,-1.07831,LHS Daling,20.05,99.56,320.35,0.2014,13.3,92.7,92.7,-20.48,1,0
4649.9,37.91,192.7,0.59396,GHS paro,5.96,26.64,72.89,0.2235,-7.8,87.9,47.1,-4.8,0,0
2125.1,11.83,323.8,-1.1585,GHS paro,7.03,44.87,100.99,0.1567,13.2,87.5,53.4,-2.84,0,0
2403.8,13.26,85.7,-0.4059,LHS Daling,6.7,54.13,146.09,0.1237,3.5,72.1,63.4,-1.77,0,0
745.6,29.79,248.9,1.88671,LHS Daling,17.94,88.61,290.53,0.2024,17.6,94.4,77.5,-3.18,0,1
865.9,19.26,288.6,-0.24313,MCT zone,8.54,48.27,98.5,0.1769,11.4,78.6,61.4,-2.06,0,0
2508.2,8.72,111.7,-0.17054,Lingtse,0.92,0.92,5.63,1.0,6.7,51.0,39.2,-1.75,0,0
3630.0,5.77,12.0,-0.42496,LHS Daling,0.02,5.34,5.34,0.0036,0.8,65.1,40.4,-0.43,0,0
770.5,18.51,107.0,0.41596,LHS Daling,1.0,7.67,19.7,0.1304,14.6,72.9,28.3,-1.37,0,0
808.0,34.53,204.0,-1.20384,LHS Daling,0.14,6.27,12.27,0.0229,20.4,73.1,20.7,-1.42,0,0
1299.3,38.24,163.8,-1.46413,MCT zone,31.13,232.48,593.85,0.1339,7.4,92.5,77.0,-18.3,1,1
2472.3,20.25,103.9,0.02266,MCT zone,1.44,36.63,62.09,0.0394,7.9,71.9,52.5,0.45,0,0
1766.3,7.89,227.6,0.17619,Sedimentary/Alluvium,5.0,148.62,403.32,0.0336,6.7,95.8,73.8,-5.41,0,1
1398.9,12.55,228.1,-0.3144,LHS Daling,6.0,123.62,411.44,0.0486,13.3,85.2,73.7,-4.37,0,1
3059.6,17.44,277.0,-0.06905,LHS Daling,0.29,7.31,7.31,0.04,0.3,58.7,27.1,-2.78,0,0
880.1,10.81,355.2,0.41198,LHS Daling,3.47,15.39,26.92,0.2253,19.0,86.0,46.9,-12.84,1,0
2146.3,23.45,223.7,-1.47618,GHS paro,53.77,224.63,463.03,0.2394,8.6,92.7,74.2,-13.6,1,1
408.3,16.97,274.9,0.48524,GHS paro,2.04,24.25,70.73,0.0839,23.6,87.7,55.2,-9.72,1,0
1896.8,19.51,329.3,-0.24055,GHS paro,37.87,233.16,608.9,0.1624,7.7,97.5,85.8,-0.43,0,1
1326.6,21.22,359.0,-0.11253,MCT zone,0.32,1.44,11.0,0.2241,12.7,44.2,35.9,-8.18,1,0
684.8,42.78,144.1,-0.95472,LHS Daling,0.4,5.64,5.64,0.071,14.9,68.4,19.6,-3.95,0,0
1512.4,32.55,167.5,-1.18644,Lingtse,0.06,1.17,7.84,0.0541,18.5,72.4,36.4,-2.7,0,0
1992.7,33.13,199.9,-0.25611,LHS Daling,18.0,123.08,451.09,0.1462,5.6,88.8,80.7,-16.85,1,1
1391.5,10.19,348.8,-0.33075,LHS Daling,0.47,8.27,8.27,0.0571,22.7,56.7,19.5,-0.74,0,0
3066.8,8.64,18.5,0.59629,MCT zone,12.36,39.2,100.47,0.3154,6.5,74.7,67.4,-1.65,0,0
735.3,13.71,247.6,0.6645,LHS Daling,0.96,10.55,10.55,0.091,19.2,70.7,39.1,0.95,0,0
1499.8,32.5,175.2,-0.97281,LHS Daling,1.47,42.73,128.87,0.0344,10.7,77.4,52.9,-11.48,1,0
2774.4,12.9,250.6,-0.23221,MCT zone,6.64,47.04,92.41,0.1411,5.1,81.6,46.4,-3.25,0,0
3322.4,17.85,156.5,0.47626,MCT zone,12.84,105.19,340.41,0.122,-4.3,86.3,80.9,-19.53,1,0
894.5,26.88,282.2,-1.18439,LHS Daling,11.61,38.54,81.17,0.3012,15.5,88.6,64.5,-1.62,0,0
757.3,13.59,214.2,-0.08538,MCT zone,3.33,21.88,63.54,0.1523,13.9,91.2,58.7,-3.57,0,0
1530.9,36.28,226.3,-0.2088,LHS Daling,0.01,3.3,6.32,0.0021,16.2,56.1,20.3,-0.5,0,0
3008.6,5.66,54.6,0.96137,LHS Daling,0.8,0.8,36.39,1.0,0.4,48.1,15.9,-1.01,0,0
800.2,27.94,223.6,0.2088,LHS Daling,0.37,0.71,1.96,0.5204,24.8,63.0,28.2,-0.89,0,0
1486.0,25.41,332.1,0.40393,Lingtse,1.44,8.98,33.03,0.1607,13.6,78.5,74.6,-4.38,0,0
1632.0,31.68,77.7,-0.56513,LHS Daling,14.54,46.24,114.46,0.3145,16.8,75.9,55.6,-1.59,0,0
3744.0,23.21,354.4,-0.44135,LHS Daling,11.42,146.42,372.87,0.078,-7.3,94.9,74.7,-11.56,1,1
3584.1,21.49,200.4,-0.18355,LHS Daling,0.88,1.71,4.81,0.5162,8.6,43.9,39.8,0.3,0,0
4487.8,36.26,256.5,0.4531,GHS paro,0.7,4.18,4.18,0.1676,-1.3,42.9,26.3,-1.89,0,0
3369.8,20.01,277.5,-0.12099,Sedimentary/Alluvium,1.3,3.43,17.17,0.379,8.3,51.6,27.2,-2.46,0,0
1322.8,16.48,91.7,-0.14498,LHS Daling,0.55,1.99,6.75,0.2775,15.7,63.8,41.8,-2.11,0,0
366.9,5.56,65.0,-0.54876,MCT zone,7.95,101.64,207.66,0.0783,20.7,91.3,53.3,-1.24,0,0
4483.2,35.68,99.0,0.78781,GHS paro,0.27,2.97,25.0,0.0916,-5.5,69.0,36.9,0.44,0,0
2094.3,15.44,207.5,0.39271,LHS Daling,0.05,3.94,16.34,0.0132,10.6,64.9,36.8,-1.5,0,0
1056.4,35.82,242.7,1.74387,LHS Daling,11.58,39.97,102.09,0.2898,11.4,77.0,67.4,-2.98,0,0
3669.8,23.79,148.3,0.1386,LHS Daling,12.78,143.64,396.1,0.089,0.3,88.9,81.9,-14.96,1,1
2655.4,19.96,9.1,-0.223,LHS Daling,0.53,4.35,9.82,0.1212,11.1,63.0,17.4,0.3,0,0
2486.7,16.54,168.3,0.46939,GHS paro,5.12,119.79,389.79,0.0427,1.5,94.8,85.8,-24.06,1,1
656.6,15.35,208.8,-0.24391,Lingtse,0.26,8.03,8.03,0.0323,19.7,68.3,33.7,-1.43,0,0
1521.2,49.46,194.5,-3.28752,LHS Daling,0.35,0.35,0.45,1.0,18.4,43.8,41.1,-1.48,0,0
3415.8,5.95,228.2,0.05635,Sedimentary/Alluvium,13.45,45.39,93.66,0.2963,1.0,78.7,45.1,-1.28,0,0
447.1,24.1,48.4,-0.14825,LHS Daling,0.54,0.54,34.23,1.0,23.4,74.6,43.0,-0.79,0,0
3072.1,41.45,164.4,-1.56573,GHS paro,0.42,1.27,15.37,0.3331,4.7,61.0,24.1,-0.13,0,0
1331.7,61.2,147.5,-0.97438,LHS,0.32,4.52,4.52,0.0715,14.1,47.5,31.5,-3.86,0,0
3682.5,5.78,239.4,-0.00365,GHS paro,0.25,1.63,6.56,0.1522,7.7,47.7,33.3,-0.36,0,0
359.3,19.11,116.5,-0.10845,LHS Daling,7.44,30.22,94.72,0.2462,13.8,72.2,49.3,-5.28,0,0
1114.6,22.75,100.8,-2.30502,LHS Daling,0.22,1.67,2.79,0.1347,18.4,68.7,31.8,-3.02,0,0
3778.5,6.09,29.8,-0.42605,LHS Daling,0.45,3.59,9.54,0.124,-0.8,41.7,17.2,-0.84,0,0
948.7,6.55,294.0,0.02078,LHS Daling,0.04,0.44,5.32,0.0821,25.5,64.7,23.6,-0.94,0,0
2703.1,9.76,63.5,-0.38734,LHS Daling,0.74,0.74,19.11,1.0,6.4,66.6,18.8,-1.67,0,0
2757.9,15.28,331.5,0.34137,MCT zone,0.19,0.87,7.25,0.2175,13.9,65.8,19.6,-5.28,1,0
2478.2,10.09,37.6,-0.14127,MCT zone,5.44,74.96,215.81,0.0726,9.5,75.2,72.1,-13.33,1,1
2006.8,24.52,45.9,-0.02566,GHS paro,3.03,17.43,112.51,0.1742,7.4,83.3,65.6,-4.72,0,0
3376.4,21.19,50.1,-0.07627,GHS paro,1.37,5.57,5.57,0.2456,8.3,52.5,16.9,-1.94,0,0
3674.1,16.69,157.0,0.24366,Sedimentary/Alluvium,0.46,2.37,38.12,0.1955,2.3,68.2,39.9,-0.94,0,0
855.6,23.08,108.7,0.18737,LHS Daling,0.32,2.61,7.68,0.1218,15.5,41.1,25.6,-0.16,0,0
690.5,36.03,196.2,-1.6056,LHS Daling,1.79,39.83,87.3,0.045,17.6,91.3,57.8,-2.58,0,0
1681.0,20.99,143.6,-0.02504,GHS paro,1.1,29.85,63.17,0.0368,8.8,70.9,70.9,-10.82,1,1
2090.5,45.44,120.8,-3.32635,GHS paro,9.98,174.2,358.28,0.0573,5.3,93.5,75.6,-21.89,1,1
3726.9,8.28,55.0,-0.22948,Lingtse,0.32,20.81,20.81,0.0155,-3.3,44.3,32.1,-2.03,0,0
3748.8,39.28,333.7,-1.21882,GHS paro,12.48,49.48,106.45,0.2522,-1.9,90.9,54.7,-4.05,0,0
513.3,26.9,89.2,-0.44084,LHS Daling,1.91,10.34,54.5,0.1849,20.2,88.4,50.7,-4.61,0,0
3324.0,25.22,215.6,1.95691,GHS paro,0.04,0.81,7.29,0.047,7.0,46.3,21.6,-1.77,0,0
3496.7,38.66,170.4,-1.11197,GHS paro,20.95,165.97,407.82,0.1262,1.6,87.2,75.4,-12.41,1,1
1775.3,49.84,114.2,-1.22783,GHS paro,3.91,26.27,53.89,0.1489,11.1,80.4,54.4,-0.45,0,0
1499.8,32.5,175.2,-0.97281,LHS Daling,0.86,11.92,11.92,0.0722,15.4,64.6,23.2,-0.06,0,0
3774.9,25.7,313.2,0.30357,LHS Daling,0.01,3.19,20.16,0.0044,-0.5,61.5,28.6,-1.24,0,0
4363.8,44.32,318.6,0.64903,GHS paro,0.39,3.05,4.31,0.1276,2.3,43.1,38.9,-0.47,0,0
827.3,42.33,129.1,2.92679,LHS,0.07,4.03,4.03,0.0169,24.4,44.0,30.8,-1.79,0,0
2122.6,31.27,206.6,-0.55613,GHS paro,12.63,37.27,93.4,0.3388,7.7,87.8,58.1,1.31,0,0
1590.5,18.02,301.3,0.38212,MCT zone,0.48,3.29,3.29,0.1459,21.0,43.1,26.5,-1.9,0,0
3603.0,9.44,18.7,-0.40262,MCT zone,2.26,39.58,80.06,0.0571,3.1,74.8,73.8,-11.47,1,0
690.5,36.03,196.2,-1.6056,LHS Daling,2.92,31.2,90.86,0.0936,22.6,78.7,71.5,-4.05,0,0
3177.6,17.26,57.1,-0.28673,LHS Daling,0.5,10.95,14.79,0.0455,10.1,51.1,30.7,-1.55,0,0
1120.4,39.65,253.8,-1.07671,LHS Daling,14.2,70.97,246.36,0.2001,12.0,92.4,77.6,-9.11,1,0
3700.4,22.18,210.0,-0.06002,LHS Daling,0.06,2.38,4.64,0.0266,0.8,44.6,27.5,-3.57,0,0
1733.7,24.21,65.3,-0.282,LHS Daling,0.04,1.73,2.12,0.026,8.1,60.8,27.1,-1.32,0,0
1864.7,21.98,219.8,0.15832,LHS Daling,4.32,25.0,56.74,0.1727,6.1,72.4,45.3,-1.46,0,0
4419.5,44.36,24.9,-1.97332,GHS paro,3.57,41.12,117.36,0.0867,-1.3,83.9,60.1,-0.26,0,0
1790.0,23.0,168.5,-0.75059,GHS paro,0.03,4.52,9.2,0.0073,8.9,60.0,26.4,-2.95,0,0
1363.8,12.69,240.7,0.41884,Sedimentary/Alluvium,0.13,4.92,4.92,0.0263,23.6,43.4,17.3,-2.42,0,0
1576.1,13.99,294.3,0.2155,GHS paro,0.73,2.4,16.75,0.3045,21.8,46.4,31.7,-1.66,0,0
914.5,41.27,218.7,-1.1412,LHS Daling,6.84,58.34,112.58,0.1173,12.9,83.6,50.9,-4.05,0,0
4558.8,29.0,262.3,2.46505,GHS paro,13.14,153.58,444.15,0.0856,-5.6,94.8,91.5,-21.8,1,0
1298.5,37.99,187.7,0.23698,LHS Daling,0.58,16.27,16.29,0.0354,13.0,68.7,41.6,-2.05,0,0
2179.8,33.62,100.7,-2.82777,GHS paro,0.34,0.74,7.96,0.4557,6.1,52.4,24.8,-5.84,1,0
1363.8,12.69,240.7,0.41884,Sedimentary/Alluvium,0.74,1.06,2.75,0.6987,16.6,72.2,15.0,-0.71,0,0
1768.1,45.85,169.1,0.6931,MCT zone,0.15,12.06,12.06,0.0121,18.1,68.1,23.1,-2.18,0,0
2611.9,49.95,150.2,0.53483,GHS paro,9.04,79.4,319.05,0.1138,7.4,98.7,96.1,-19.71,1,1
4138.7,23.02,329.4,0.95295,GHS paro,8.71,28.07,85.34,0.3102,2.6,74.7,63.4,-0.19,0,0
1510.6,20.17,73.8,0.33341,Sedimentary/Alluvium,5.66,19.77,61.03,0.2864,17.9,82.1,74.8,-3.92,0,0
1847.3,50.31,113.0,-0.18639,GHS paro,7.08,57.32,113.98,0.1236,11.0,90.4,69.3,-14.73,1,0
690.5,36.03,196.2,-1.6056,LHS Daling,0.25,1.32,7.84,0.1913,16.6,59.2,39.5,-1.55,0,0
2299.6,37.69,161.8,1.44143,GHS paro,22.29,129.62,512.72,0.1719,6.5,86.1,86.3,-18.07,1,0
1945.0,19.02,72.2,0.35324,LHS Daling,7.81,52.68,118.84,0.1483,9.8,84.0,52.5,0.42,0,0
2795.7,16.08,246.0,-0.22074,Sedimentary/Alluvium,0.44,8.84,8.84,0.0502,2.3,68.0,16.7,-0.24,0,0
688.5,13.66,190.4,0.60053,MCT zone,0.23,2.36,2.72,0.0965,27.3,66.5,40.8,-0.87,0,0
1443.9,25.51,265.1,-0.34906,LHS Daling,0.02,2.46,16.43,0.0095,23.1,64.2,28.1,-2.94,0,0
1179.2,42.4,198.5,-0.0306,LHS Daling,1.58,23.03,120.01,0.0688,9.8,70.5,69.0,-11.96,1,1
2702.1,5.43,62.4,0.0152,LHS Daling,12.05,92.28,202.52,0.1306,1.4,91.3,94.3,-5.82,0,0
623.7,31.1,119.2,-0.46412,LHS Daling,1.3,1.3,14.6,1.0,16.2,67.1,37.2,-2.38,0,0
1492.1,24.75,74.8,0.66903,LHS Daling,0.22,5.57,7.48,0.0389,17.0,60.6,44.4,-1.13,0,0
2637.3,19.84,129.2,-0.02864,GHS paro,1.89,8.58,8.58,0.2206,5.3,52.8,21.0,-2.7,0,0
3276.2,6.63,317.1,-0.74661,GHS paro,0.09,1.57,13.92,0.0551,1.9,63.9,32.5,-5.57,1,0
745.6,29.79,248.9,1.88671,LHS Daling,31.0,168.37,594.19,0.1841,16.4,96.6,79.1,-27.25,1,1
4516.8,34.37,230.8,0.41175,GHS paro,0.17,4.17,4.17,0.0406,-2.3,56.8,30.8,-1.35,0,0
2025.0,6.18,108.3,-0.24088,LHS Daling,1.03,2.04,16.85,0.5066,9.5,52.8,38.8,-2.17,0,0
1710.1,11.72,151.7,0.21532,GHS paro,4.59,23.91,63.7,0.1919,11.3,84.2,59.9,-4.82,0,0
1658.0,7.04,50.4,0.05669,Sedimentary/Alluvium,1.23,1.23,12.04,1.0,11.2,51.4,36.5,-3.28,0,0
1222.6,22.76,268.0,-1.72628,LHS Daling,1.05,22.07,80.13,0.0474,15.9,80.0,53.1,-5.61,0,0
4590.8,40.4,222.4,1.50857,GHS paro,18.64,102.93,308.65,0.1811,-9.7,97.7,82.5,-21.75,1,1
313.4,16.73,80.8,0.15787,GHS paro,0.71,4.42,29.78,0.1605,18.4,61.1,17.4,-1.31,0,0
1756.2,30.99,106.3,-1.53719,GHS paro,0.32,2.99,2.99,0.1065,11.8,45.3,24.7,-1.8,0,0
1268.6,39.29,122.2,-0.30767,LHS Daling,0.73,7.15,7.15,0.1022,12.7,46.3,31.2,-1.33,0,0
1588.9,54.01,167.9,-0.09,LHS,1.57,14.58,14.58,0.1078,21.7,71.9,21.8,-0.49,0,0
2748.5,35.8,306.9,-2.6087,GHS paro,0.15,3.78,3.78,0.0409,5.3,40.9,44.1,0.02,0,0
735.3,13.71,247.6,0.6645,LHS Daling,0.42,2.18,2.18,0.1904,25.7,69.2,29.9,-1.01,0,0
2600.7,25.71,10.5,-0.0487,Lingtse,35.12,208.39,473.18,0.1685,-0.5,98.4,78.3,-4.45,0,1
884.3,23.71,79.3,0.50503,LHS Daling,0.07,2.16,2.16,0.0323,17.6,59.5,22.1,-1.29,0,0
2108.0,12.09,220.1,-0.33878,LHS Daling,22.17,154.46,391.17,0.1435,5.0,95.7,79.6,-12.81,1,1
872.5,49.33,118.4,1.34065,LHS Daling,9.96,60.87,131.97,0.1637,19.7,77.3,61.9,-3.98,0,0
792.8,11.9,304.1,-0.2912,LHS Daling,0.45,0.89,4.05,0.5059,20.9,59.8,17.3,-2.6,0,0
2094.3,11.12,311.6,0.62959,LHS Daling,4.62,16.93,45.49,0.2729,4.2,82.5,46.2,-4.09,0,0
3600.1,42.45,163.5,2.90804,Lingtse,8.2,221.27,519.85,0.0371,-4.0,90.4,87.2,-16.85,1,1
1138.3,7.43,135.7,-0.03229,GHS paro,10.18,85.5,386.22,0.1191,11.4,85.5,83.6,-27.61,1,1
1814.9,24.34,37.8,-0.33854,LHS Daling,0.31,10.3,21.14,0.0303,8.6,43.7,16.3,1.04,0,0
2938.9,25.36,273.7,-0.51787,Sedimentary/Alluvium,0.53,0.53,4.6,1.0,0.7,68.1,38.5,-2.84,0,0
633.5,31.33,139.9,-1.83959,LHS Daling,0.14,9.04,10.63,0.0151,21.6,58.3,39.8,-0.83,0,0
2758.9,15.99,213.3,0.80244,Lingtse,4.54,22.55,74.61,0.2011,0.3,74.8,56.1,-3.85,0,0
2678.7,19.5,105.0,0.43202,LHS Daling,6.5,37.36,80.95,0.174,2.7,84.2,52.1,-1.31,0,0
1738.6,20.29,120.7,-0.11227,Sedimentary/Alluvium,48.78,291.74,622.01,0.1672,4.0,91.6,91.0,-25.82,1,1
3542.3,18.49,333.1,0.68468,GHS paro,24.15,165.15,409.13,0.1462,1.8,97.1,80.9,-5.05,0,0
3604.1,18.86,38.4,-0.15527,LHS Daling,1.18,22.34,103.22,0.0528,3.8,84.5,73.6,-0.75,0,0
2046.1,10.96,189.5,-0.1567,Sedimentary/Alluvium,0.31,0.31,13.78,1.0,14.4,71.4,23.0,-2.16,0,0
3669.7,15.33,348.5,-0.94517,GHS paro,0.4,0.43,2.64,0.9094,0.4,49.0,22.3,-1.27,0,0
566.8,5.83,250.2,-0.17893,LHS Daling,0.7,6.69,6.69,0.1046,24.0,66.1,21.0,-1.52,0,0
4370.1,30.43,304.3,0.28516,GHS paro,56.84,242.17,523.63,0.2347,-2.4,92.5,85.6,-23.6,1,1
883.0,48.51,161.1,-3.8187,LHS Daling,10.34,39.16,164.71,0.264,17.5,88.6,66.2,-1.93,0,0
2331.6,7.67,150.8,-0.01001,GHS paro,11.22,57.22,98.17,0.196,8.1,79.7,51.2,-4.09,0,0
857.1,39.59,151.5,-1.7256,LHS,10.46,91.39,231.15,0.1144,13.8,88.8,78.8,-20.72,1,1
3648.8,5.95,287.1,-0.32728,LHS Daling,1.44,25.59,75.01,0.0562,-3.3,86.4,57.3,-15.64,1,0
3372.5,42.14,227.5,0.17418,GHS paro,0.96,2.62,15.93,0.3649,4.0,42.7,25.1,-1.2,0,0
3603.0,9.44,18.7,-0.40262,MCT zone,9.94,96.18,248.99,0.1034,-0.5,90.0,51.7,-5.89,0,0
2604.9,7.48,194.2,-0.53885,LHS Daling,0.17,9.57,9.57,0.0181,13.3,69.7,41.1,0.47,0,0
1245.9,5.64,216.2,0.01127,MCT zone,2.14,2.14,4.64,1.0,15.5,51.9,29.4,-4.21,0,0
3196.3,15.32,66.6,-0.2185,LHS Daling,4.11,30.33,103.02,0.1354,7.2,88.5,58.3,-14.4,1,0
1333.6,8.41,294.5,0.23284,Lingtse,0.25,0.45,3.27,0.5511,12.4,66.5,37.8,-1.88,0,0
1491.4,18.65,329.1,0.3354,GHS paro,0.0,0.17,4.58,0.0062,13.3,59.4,39.7,-0.14,0,0
4511.9,25.93,229.5,0.87586,GHS paro,0.06,6.53,19.44,0.0094,-0.0,61.2,32.0,-2.51,0,0
350.1,19.34,43.4,-0.30137,LHS Daling,33.43,267.39,601.93,0.125,15.2,96.4,87.8,-11.19,1,1
436.5,19.62,341.4,-0.12656,GHS paro,0.42,4.42,8.38,0.0945,27.2,72.2,20.8,-1.33,0,0
884.3,23.71,79.3,0.50503,LHS Daling,6.18,28.73,106.87,0.2152,18.7,87.0,68.7,-9.0,1,1
1056.4,35.82,242.7,1.74387,LHS Daling,0.75,3.41,5.51,0.2204,23.9,60.1,41.3,-1.67,0,0
1360.2,17.39,229.9,0.45945,Sedimentary/Alluvium,10.24,34.97,89.16,0.2929,13.9,81.4,66.7,-3.65,0,0
797.5,21.38,23.7,0.4991,Lingtse,0.14,2.78,3.81,0.049,24.6,71.8,25.1,-2.31,0,0
2464.5,51.74,157.8,-1.33198,GHS paro,0.87,4.53,5.14,0.1914,14.7,43.6,33.6,-0.9,0,0
548.3,16.33,230.8,0.38563,GHS paro,18.18,192.76,627.5,0.0943,14.3,98.4,97.6,-12.11,1,1
2579.0,12.87,128.2,-0.26057,Sedimentary/Alluvium,2.21,32.51,77.24,0.0679,5.2,83.9,68.1,-6.15,0,0
1031.1,14.57,255.0,0.27855,MCT zone,36.48,141.14,395.25,0.2585,11.5,96.9,76.2,-3.67,0,1
1404.7,20.24,103.3,0.4355,MCT zone,7.07,39.67,91.85,0.1783,8.3,80.4,58.5,-1.06,0,0
2403.8,13.26,85.7,-0.4059,LHS Daling,0.35,3.31,27.43,0.1064,7.5,42.6,33.0,-6.36,1,0
3178.9,8.0,339.4,-0.21145,LHS Daling,0.82,22.96,22.96,0.0359,1.4,54.7,24.3,-1.46,1,0
1349.3,13.47,79.5,-0.50172,Lingtse,0.52,10.57,10.57,0.0492,16.5,61.6,23.2,-1.63,0,0
1962.6,52.56,107.2,-0.17976,GHS paro,35.49,151.52,370.07,0.2342,8.8,94.5,89.3,-3.11,0,1
2508.2,8.72,111.7,-0.17054,Lingtse,9.48,64.83,113.94,0.1462,12.9,86.4,49.8,-4.61,0,0
4294.8,42.42,184.8,1.42986,GHS paro,18.07,81.09,188.67,0.2229,-7.4,86.9,71.7,-3.66,0,0
3652.3,18.06,11.2,0.03446,LHS Daling,30.58,229.42,456.83,0.1333,-0.6,88.6,77.2,-18.26,1,1
800.2,27.94,223.6,0.2088,LHS Daling,0.02,2.09,4.64,0.0081,20.7,47.4,27.9,-0.2,0,0
3131.0,48.25,215.5,0.94865,GHS paro,1.07,5.92,5.92,0.18,-0.0,58.2,43.5,-2.13,0,0
2519.4,23.74,259.2,-0.09766,Sedimentary/Alluvium,2.45,52.62,100.34,0.0465,3.8,82.9,74.4,-0.73,0,0
2707.0,24.74,329.6,0.58847,Lingtse,0.93,4.42,8.74,0.2113,15.1,70.1,16.2,0.47,0,0
4577.2,33.45,209.4,0.71176,GHS paro,0.08,2.14,2.85,0.0357,-6.5,68.8,25.0,-1.94,0,0
1031.1,14.57,255.0,0.27855,MCT zone,0.8,0.8,25.87,1.0,18.8,40.4,19.3,-2.71,0,0
1645.0,28.7,48.4,-0.4122,Lingtse,0.49,2.89,2.89,0.1715,18.2,44.3,26.3,-0.79,0,0
2154.2,40.57,97.5,-2.28106,GHS paro,2.77,20.3,128.57,0.1365,11.5,85.2,70.5,-2.87,0,0
1541.7,23.42,346.0,0.54566,MCT zone,9.59,31.5,78.12,0.3046,13.3,74.9,62.4,-3.65,0,0
3249.5,6.18,95.6,-0.31396,LHS Daling,1.35,1.55,5.72,0.8693,-0.2,46.3,35.3,-2.13,0,0
2213.0,23.35,173.0,0.19389,MCT zone,0.44,6.45,22.79,0.0674,7.0,59.2,38.1,-0.39,0,0
4594.7,28.52,325.7,1.47376,GHS paro,19.58,247.25,636.64,0.0792,-6.9,94.0,97.5,-17.44,1,1
555.8,16.18,60.3,0.07775,LHS Daling,13.94,127.57,487.31,0.1093,14.8,92.6,84.1,-3.71,0,0
1663.2,15.53,98.0,0.9972,MCT zone,21.76,107.1,203.21,0.2032,9.1,71.4,50.8,-4.61,0,0
1247.0,36.88,112.2,2.02201,LHS Daling,2.41,2.41,6.75,1.0,20.6,45.9,23.7,-1.3,0,0
3081.0,23.13,166.6,0.03145,GHS paro,12.08,44.18,104.22,0.2735,8.1,78.0,64.7,-5.36,0,0
416.2,11.14,61.5,0.08978,Sedimentary/Alluvium,0.87,6.64,6.64,0.1318,21.3,66.3,30.5,-6.33,1,0
4272.4,40.1,295.7,-0.50731,GHS paro,3.87,17.53,84.41,0.2204,-3.6,80.8,52.5,-0.73,0,0
517.7,5.86,209.5,1.27724,GHS paro,21.58,130.65,438.18,0.1652,18.5,93.7,95.2,-23.59,1,1
688.5,25.28,41.3,-0.25023,GHS paro,1.21,1.45,6.73,0.8353,16.9,44.8,35.7,-1.47,0,0
1275.2,20.02,87.0,-0.7092,LHS Daling,34.36,169.02,452.06,0.2033,12.7,98.1,74.3,-7.77,0,0
2627.4,5.98,67.3,0.35346,LHS Daling,3.01,12.83,95.47,0.2345,9.8,82.2,65.3,-1.71,0,0
334.7,25.93,124.5,0.30643,Sedimentary/Alluvium,1.0,1.0,2.19,1.0,27.4,61.2,22.2,-3.31,0,0
1032.1,20.71,179.6,-0.16146,Sedimentary/Alluvium,42.97,246.44,586.26,0.1743,10.0,86.4,79.6,-0.59,0,0
3444.1,39.43,119.9,0.03141,GHS paro,27.37,188.45,534.4,0.1452,-1.9,86.7,95.4,-33.77,1,1
3483.7,19.98,338.3,-0.42137,GHS paro,18.74,90.95,297.83,0.206,-6.3,91.7,95.3,-10.29,1,1
1656.8,25.23,93.5,0.37304,GHS paro,10.23,51.5,122.69,0.1986,6.3,84.1,66.4,-1.96,0,0
3641.8,19.06,250.3,0.93531,GHS paro,0.13,0.22,4.25,0.6123,5.2,54.7,42.4,-1.69,0,0
1349.3,13.47,79.5,-0.50172,Lingtse,0.15,3.93,4.12,0.0381,17.3,69.7,36.4,-9.02,1,0
3652.3,18.06,11.2,0.03446,LHS Daling,0.34,9.71,9.71,0.0354,4.9,51.8,35.0,-1.19,0,0
4257.6,18.46,217.0,0.50554,GHS paro,0.08,0.3,5.23,0.2751,-6.1,51.5,26.5,-2.02,0,0
3249.5,6.18,95.6,-0.31396,LHS Daling,0.57,21.68,90.48,0.0261,-1.6,70.4,58.6,-13.94,1,0
605.0,7.6,87.0,-2.1996,LHS,26.82,126.12,378.13,0.2126,13.1,94.2,80.5,-17.02,1,1
2280.5,40.07,201.8,-4.03133,GHS paro,5.66,28.08,64.07,0.2017,7.3,78.3,54.1,-4.79,0,0
2001.0,23.87,158.7,0.85806,LHS Daling,0.5,0.97,3.47,0.5145,18.3,72.5,16.9,0.29,0,0
960.7,44.58,156.5,-0.68398,LHS Daling,0.82,1.79,30.5,0.4593,22.1,62.6,22.0,-1.37,0,0
2350.5,6.21,340.1,0.26515,MCT zone,7.38,49.48,90.43,0.1491,12.4,90.6,62.7,-5.4,0,0
1894.5,38.57,137.5,-0.23858,LHS Daling,0.53,0.53,22.15,1.0,19.7,51.3,19.9,-0.11,0,0
1292.8,48.65,166.6,-1.87166,LHS Daling,8.71,59.38,127.59,0.1466,13.4,91.7,49.3,-3.02,0,0
1425.2,24.96,15.2,-0.0885,GHS paro,18.21,125.25,298.63,0.1454,15.0,98.1,89.9,-10.74,1,1
3778.5,6.09,29.8,-0.42605,LHS Daling,0.22,2.2,15.76,0.0991,7.8,64.4,39.9,-2.22,0,0
692.8,55.94,142.8,-1.60128,LHS Daling,0.54,9.28,9.28,0.0578,25.1,67.0,39.7,-1.11,0,0
3380.5,16.26,46.4,0.25232,GHS paro,9.5,94.24,326.86,0.1008,0.3,92.7,76.0,-4.59,0,0
3669.7,15.33,348.5,-0.94517,GHS paro,13.87,174.84,392.48,0.0793,1.0,93.5,73.9,-2.35,0,0
3648.8,5.95,287.1,-0.32728,LHS Daling,0.18,0.73,17.46,0.2438,4.6,66.3,31.8,-0.88,0,0
2514.5,5.26,260.4,-0.56735,GHS paro,16.36,61.69,114.07,0.2652,1.6,83.1,49.5,-3.04,0,0
1044.3,7.93,92.8,-0.58575,Lingtse,0.3,1.67,7.61,0.1805,24.7,70.3,25.3,-1.47,0,0
2001.0,23.87,158.7,0.85806,LHS Daling,5.4,37.28,102.82,0.1449,9.8,77.8,47.2,-3.1,0,0
1689.6,5.77,265.1,0.91638,MCT zone,5.16,20.82,54.44,0.2477,12.7,74.0,46.6,-9.6,1,0
3080.8,7.17,314.5,0.02281,LHS Daling,2.66,26.62,91.82,0.0999,6.8,71.0,57.4,-3.39,0,0
1579.9,14.64,312.7,0.24766,GHS paro,0.53,7.99,7.99,0.066,13.5,43.9,29.1,-1.74,0,0
363.0,15.24,51.8,-2.0988,LHS Daling,0.23,6.64,6.64,0.0345,17.3,74.7,29.4,-0.93,0,0
4358.8,39.74,274.6,-0.02932,GHS paro,22.03,254.22,617.42,0.0867,-5.9,87.4,78.3,-2.32,0,1
3744.0,23.21,354.4,-0.44135,LHS Daling,1.45,63.91,168.57,0.0227,1.3,86.7,66.2,-8.24,1,1
2478.2,10.09,37.6,-0.14127,MCT zone,21.11,158.5,357.93,0.1332,7.8,97.2,74.3,-4.88,0,1
2586.1,14.58,334.6,0.67357,LHS Daling,0.25,6.46,6.46,0.0388,14.2,69.9,27.0,-1.02,0,0
997.3,23.19,93.5,-0.44785,GHS paro,0.02,4.85,4.85,0.0036,24.3,61.3,44.9,-1.96,0,0
960.7,44.58,156.5,-0.68398,LHS Daling,4.1,58.08,99.38,0.0706,12.3,88.5,70.4,-4.55,0,0
1247.0,36.88,112.2,2.02201,LHS Daling,0.41,0.41,30.27,1.0,23.5,69.2,26.2,-1.11,0,0
3245.1,17.57,85.4,0.16967,GHS paro,11.76,49.95,105.5,0.2354,0.5,77.5,52.0,-0.53,0,0
1723.3,46.07,176.0,-1.90716,Lingtse,1.06,5.58,5.58,0.1894,10.4,68.9,33.7,-1.55,0,0
2302.2,10.29,54.9,0.90097,LHS Daling,30.98,168.09,524.12,0.1843,1.8,96.6,82.0,-14.78,1,1
1999.2,52.24,202.6,-7.00738,MCT zone,9.69,51.83,107.86,0.1869,4.2,83.4,50.2,-3.13,0,1
3784.0,6.33,181.0,0.1386,LHS Daling,31.46,216.42,490.23,0.1454,-2.3,89.9,97.5,-16.24,1,1
1854.3,35.55,271.4,-2.15078,GHS paro,0.23,7.99,7.99,0.0284,18.1,70.0,15.6,-1.56,0,0
1371.8,32.76,97.9,-0.21167,GHS paro,0.1,5.17,5.17,0.0188,21.7,40.5,34.7,-3.29,0,0
3329.5,19.78,49.3,0.30366,GHS paro,14.13,144.79,365.62,0.0976,-2.0,93.2,88.5,-4.22,0,0
1894.5,38.57,137.5,-0.23858,LHS Daling,0.06,0.7,32.71,0.0905,13.3,48.1,41.3,-6.86,1,0
4499.6,40.3,286.2,0.7962,GHS paro,5.53,42.77,104.42,0.1293,-0.7,71.3,46.0,-13.0,1,0
931.3,54.62,194.4,3.56793,LHS,73.62,317.59,681.11,0.2318,10.5,98.8,72.0,-4.94,0,1
361.4,15.93,98.5,0.29474,GHS paro,0.22,0.22,10.72,1.0,27.7,70.2,34.5,-1.75,0,0
1693.0,33.34,148.0,0.05024,LHS Daling,0.41,0.69,7.61,0.5891,20.5,65.8,40.3,-0.84,0,0
2637.3,19.84,129.2,-0.02864,GHS paro,0.28,0.77,25.49,0.3636,10.5,49.7,42.6,-0.87,0,0
524.6,35.27,135.1,3.40932,LHS Daling,5.38,66.54,149.03,0.0809,24.2,88.5,71.5,-3.17,0,0
834.5,45.34,51.6,-0.62256,LHS Daling,2.92,25.01,55.39,0.1166,20.8,86.7,59.1,-2.06,0,0
2535.9,42.5,210.6,0.10313,GHS paro,3.13,75.89,148.1,0.0413,4.0,86.1,65.4,-4.83,0,1
1285.5,41.75,174.6,-0.06698,LHS,4.07,18.61,69.08,0.2187,8.4,70.6,65.3,-1.89,0,0
1370.2,30.81,207.5,0.10393,LHS Daling,1.56,1.56,3.77,0.9951,16.9,48.7,35.3,-1.86,0,0
3324.0,25.22,215.6,1.95691,GHS paro,2.2,23.75,83.59,0.0927,6.2,84.9,71.1,-1.77,0,0
1715.0,23.16,254.9,0.18751,GHS paro,0.5,1.08,10.13,0.4593,10.7,59.2,18.1,-1.12,0,0
1790.0,23.0,168.5,-0.75059,GHS paro,2.98,25.0,84.26,0.1191,12.4,82.6,68.9,-4.34,0,0
1646.2,36.67,82.4,-0.82978,GHS paro,11.34,53.47,125.48,0.212,17.5,74.3,49.1,-12.68,1,1
853.6,48.14,189.6,-2.59098,LHS Daling,21.81,123.75,492.68,0.1762,12.4,85.6,84.4,-12.04,1,1
522.7,20.32,138.2,0.83535,Sedimentary/Alluvium,6.74,34.86,70.97,0.1933,19.3,85.1,51.6,-3.27,0,0
416.2,11.14,61.5,0.08978,Sedimentary/Alluvium,4.31,44.19,104.75,0.0976,16.0,85.8,62.2,-0.94,0,0
3496.5,23.84,270.0,-0.26516,LHS Daling,0.16,4.12,4.12,0.039,1.0,66.3,25.9,-0.81,0,0
2855.7,46.01,185.8,-1.76194,GHS paro,4.25,25.09,78.99,0.1695,8.2,90.2,64.2,-2.3,0,0
2585.1,33.5,261.6,-0.18752,GHS paro,0.19,2.94,32.6,0.0647,5.2,70.1,26.9,-1.3,0,0
1532.8,51.78,159.0,-2.6892,LHS Daling,0.09,0.44,16.74,0.2132,19.5,44.1,17.7,1.18,0,0
894.5,26.88,282.2,-1.18439,LHS Daling,0.9,3.28,3.28,0.2736,19.1,68.5,30.6,-2.94,0,0
3921.8,36.59,142.9,-0.24976,GHS paro,0.66,43.87,113.44,0.015,-7.4,77.2,67.2,-3.74,0,0
1781.5,29.2,56.9,-1.41839,Lingtse,1.16,18.66,95.95,0.0621,14.7,81.4,52.5,-2.95,0,0
3596.0,10.42,53.5,0.05009,LHS Daling,0.01,9.09,9.09,0.0009,0.8,43.4,28.2,-1.54,0,0
2704.6,23.24,147.0,-0.15985,Lingtse,47.04,202.78,555.63,0.232,-1.0,93.1,81.1,-22.19,1,1
3409.4,11.17,92.8,-0.53249,LHS Daling,4.79,30.59,89.41,0.1565,4.8,88.0,64.6,-1.15,0,0
3112.2,24.01,127.7,-0.41792,GHS paro,2.82,9.26,70.32,0.304,8.7,88.3,55.9,-2.57,0,0
1539.4,49.65,207.1,-0.24787,LHS,1.08,33.22,91.13,0.0325,16.3,75.9,60.7,-6.96,1,1
677.3,40.47,148.8,-0.46498,LHS Daling,1.29,21.34,46.99,0.0604,16.2,74.4,74.1,-4.35,0,0
3600.1,42.45,163.5,2.90804,Lingtse,31.89,266.43,713.26,0.1197,-7.1,96.3,89.3,-4.09,0,1
3080.8,7.17,314.5,0.02281,LHS Daling,13.83,151.13,459.82,0.0915,-0.5,97.5,83.8,-12.07,1,1
1994.3,12.31,147.4,0.27724,MCT zone,15.5,54.28,131.13,0.2855,7.8,90.0,63.3,-5.24,0,0
818.9,43.59,159.2,-0.94059,LHS Daling,1.74,34.47,91.82,0.0504,15.8,76.8,47.3,-2.69,0,0
1999.6,22.87,224.7,-0.29421,LHS Daling,0.32,5.95,27.37,0.054,8.4,50.5,34.0,0.57,0,0
1903.0,5.31,339.7,-0.3241,LHS Daling,4.21,5.06,5.06,0.8319,8.8,49.8,33.9,-1.12,0,0
3552.3,6.92,103.4,-0.78654,GHS paro,0.5,25.96,50.94,0.0194,2.9,70.4,53.9,-2.59,0,0
723.6,24.67,209.0,-0.6372,LHS Daling,12.79,43.53,107.31,0.2939,14.3,82.6,59.6,1.65,0,0
3718.8,7.56,191.7,-0.01022,Sedimentary/Alluvium,3.37,21.7,91.57,0.1552,3.6,87.8,73.1,-6.15,0,0
3674.3,12.87,198.3,-0.14913,GHS paro,1.98,30.24,59.14,0.0654,4.4,91.6,68.9,-1.41,0,0
730.2,21.62,283.1,-0.09948,LHS Daling,11.45,62.37,330.13,0.1835,12.2,98.4,73.9,-2.55,0,0
2255.2,18.93,65.5,0.16552,MCT zone,22.74,273.01,622.74,0.0833,9.7,88.3,85.6,-15.97,1,1
1794.3,22.18,179.0,-0.18514,GHS paro,28.29,141.72,312.02,0.1996,12.5,91.1,81.8,-24.16,1,1
1227.5,36.07,99.4,1.78562,LHS Daling,0.9,15.15,64.42,0.0594,9.8,75.5,61.9,-13.49,1,0
3128.8,12.81,338.1,-0.12907,GHS paro,10.4,41.32,163.72,0.2518,8.3,73.6,67.8,-3.73,0,0
3645.7,19.75,195.0,0.38268,GHS paro,7.32,42.19,100.68,0.1734,6.0,71.8,50.3,-2.01,0,0
1363.8,12.69,240.7,0.41884,Sedimentary/Alluvium,0.24,2.3,15.87,0.1027,22.4,54.6,39.7,-2.02,0,0
1255.9,36.18,155.6,-3.20231,LHS Daling,0.04,1.96,8.13,0.0182,23.4,60.7,27.4,-0.94,0,0
960.2,48.32,175.8,-1.4118,LHS,0.72,1.25,5.68,0.5731,23.3,58.4,28.0,-0.65,0,0
3674.1,6.65,337.3,-0.05764,Lingtse,40.74,219.8,513.45,0.1853,-6.9,90.2,75.7,-11.6,1,1
1499.8,32.5,175.2,-0.97281,LHS Daling,15.14,55.49,110.69,0.2727,14.7,77.2,67.9,-4.05,0,0
3652.8,14.68,26.1,-0.57531,MCT zone,0.53,0.81,10.3,0.6529,-3.0,42.9,31.1,-2.88,0,0
479.0,17.41,162.8,0.37631,Sedimentary/Alluvium,0.21,4.74,16.32,0.0444,26.9,60.5,37.5,-1.3,0,0
4400.4,40.43,290.0,0.38693,GHS paro,5.31,64.59,148.38,0.0822,-1.7,76.8,68.8,-3.83,0,0
1066.7,15.89,335.6,-0.25558,MCT zone,19.11,185.07,438.89,0.1033,16.5,90.8,78.3,-4.76,0,1
2481.9,16.35,88.3,-0.2438,GHS paro,0.04,0.72,12.71,0.06,14.2,67.2,27.3,-1.7,0,0
3627.7,25.36,173.0,0.61684,LHS Daling,3.9,28.38,92.56,0.1375,-0.5,77.6,57.5,-3.11,0,0
3734.1,10.65,229.1,0.13539,MCT zone,0.91,5.17,21.85,0.1761,2.0,59.7,18.4,-1.12,0,0
815.6,8.55,96.8,0.1195,Lingtse,3.0,12.75,65.53,0.2355,22.9,72.1,48.4,-4.47,0,0
960.2,48.32,175.8,-1.4118,LHS,2.2,26.69,94.5,0.0823,17.0,70.9,49.1,-1.48,0,0
3471.4,24.95,84.1,-0.44128,MCT zone,4.13,38.54,99.05,0.1071,0.0,84.4,72.9,-3.63,0,0
1368.6,17.85,294.1,-0.49031,LHS Daling,4.05,44.38,101.87,0.0912,8.6,90.9,47.3,-1.34,0,0
1650.2,48.77,154.9,-1.4256,LHS Daling,0.21,0.26,22.96,0.8032,17.1,46.9,33.1,-2.36,0,0
1594.3,10.83,251.1,0.03536,MCT zone,13.06,60.75,125.9,0.215,16.7,79.6,64.6,-4.07,0,0
1587.3,12.91,280.7,0.12927,Sedimentary/Alluvium,0.28,0.73,2.91,0.382,14.4,68.2,22.8,-6.3,1,0
660.7,39.26,115.7,-1.5672,LHS,0.08,3.63,3.63,0.023,20.9,53.3,29.8,-2.65,0,0
3145.0,40.8,278.6,-1.05431,GHS paro,3.32,21.0,92.46,0.1581,1.4,73.0,61.8,-8.86,1,0
571.8,10.92,83.9,0.47428,Sedimentary/Alluvium,2.05,2.05,9.89,1.0,19.7,52.5,24.8,-0.96,0,0
1205.7,33.26,220.4,-0.46353,LHS Daling,0.42,5.59,6.03,0.0757,20.6,66.0,40.2,-1.98,0,0
1299.3,38.24,163.8,-1.46413,MCT zone,0.06,5.73,5.73,0.0099,12.2,44.6,40.0,-0.81,0,0
1777.1,6.77,163.2,0.1116,LHS Daling,6.35,31.21,101.54,0.2034,13.9,81.7,45.5,-5.11,0,0
1775.3,49.84,114.2,-1.22783,GHS paro,10.04,71.75,211.85,0.1399,4.1,87.6,82.0,-15.78,1,1
522.7,20.32,138.2,0.83535,Sedimentary/Alluvium,0.0,0.64,1.07,0.0006,27.1,63.8,35.9,-2.06,0,0
1992.7,33.13,199.9,-0.25611,LHS Daling,5.18,33.38,65.09,0.1551,10.6,84.6,45.2,-2.32,0,0
912.1,22.48,28.9,0.24541,GHS paro,55.29,302.68,726.07,0.1827,11.2,91.2,80.2,-17.62,1,1
3081.0,23.13,166.6,0.03145,GHS paro,20.84,162.57,349.97,0.1282,2.8,91.1,83.8,-19.01,1,1
1645.0,28.7,48.4,-0.4122,Lingtse,9.22,108.67,300.89,0.0848,5.0,89.8,75.6,-22.13,1,1
341.0,18.48,279.2,-0.2694,LHS Daling,0.18,2.38,15.27,0.074,25.2,43.0,15.9,-2.47,0,0
3567.4,32.17,208.3,0.1915,GHS paro,1.33,18.2,89.58,0.0729,4.4,77.1,66.0,-2.54,0,0
2320.5,22.96,330.2,0.21659,Sedimentary/Alluvium,0.76,3.23,15.74,0.2362,5.5,44.5,38.6,-1.68,0,0
1738.6,20.29,120.7,-0.11227,Sedimentary/Alluvium,1.33,18.96,71.04,0.0702,17.3,85.2,58.1,-7.44,1,0
3013.7,19.72,63.6,0.68089,GHS paro,0.77,0.79,0.83,0.9761,5.8,55.0,18.8,-1.8,0,0
2473.2,24.97,355.1,-0.19355,GHS paro,0.16,0.16,9.22,1.0,14.5,45.5,40.8,-1.26,0,0
3237.7,21.32,293.7,0.66796,LHS Daling,0.69,15.04,51.58,0.0456,4.0,74.2,55.2,-3.32,0,0
628.5,7.51,42.1,0.24511,GHS paro,1.07,12.63,15.67,0.0846,23.3,49.2,28.1,-0.1,0,0
4419.5,44.36,24.9,-1.97332,GHS paro,19.94,59.36,120.31,0.3358,-0.6,80.1,48.7,-3.65,0,0
315.3,5.91,29.2,-0.61026,LHS Daling,7.65,69.66,323.36,0.1098,18.5,92.1,92.1,-11.2,1,0
1999.6,22.87,224.7,-0.29421,LHS Daling,0.93,1.25,1.25,0.7443,7.1,51.1,43.2,-1.81,0,0
3733.5,20.5,178.4,0.00122,LHS Daling,27.4,214.8,544.78,0.1276,-2.1,97.2,89.4,-17.81,1,0
1476.4,43.27,157.7,-0.81855,LHS Daling,2.42,48.06,113.15,0.0505,8.3,74.8,58.6,-3.3,0,0
819.5,36.27,244.3,-2.97003,LHS Daling,0.81,4.28,9.8,0.1899,13.4,58.3,34.1,-1.87,0,0
1211.0,17.76,116.5,0.26093,MCT zone,4.83,46.76,100.27,0.1034,16.8,83.8,67.0,-1.59,0,0
1825.5,34.36,102.6,-4.57197,LHS Daling,0.22,2.09,2.09,0.1045,12.6,65.1,40.5,-1.69,0,0
3219.5,11.7,250.7,-0.27109,LHS Daling,1.94,36.01,102.46,0.0538,-1.9,71.4,71.3,-14.49,1,0
690.3,25.73,274.0,-0.18641,LHS Daling,18.88,141.37,398.85,0.1335,13.0,87.1,95.2,-3.8,0,1
2774.8,23.95,354.3,0.10744,GHS paro,12.54,50.92,108.04,0.2463,5.2,84.3,68.8,-4.36,0,0
1208.4,16.17,248.2,1.03583,LHS Daling,0.05,0.81,12.18,0.0572,19.1,40.4,16.9,-8.06,1,0
3425.8,18.14,176.2,-0.06341,LHS Daling,2.83,21.56,76.07,0.1315,4.4,91.9,69.3,-2.7,0,0
453.1,5.19,201.5,0.12393,LHS Daling,0.02,3.65,26.33,0.0067,18.4,50.6,22.8,-0.07,0,0
2090.5,45.44,120.8,-3.32635,GHS paro,0.24,1.69,6.18,0.1392,5.5,66.4,39.0,-0.6,0,0
4603.0,43.28,309.2,0.08333,GHS paro,20.57,215.39,544.7,0.0955,-6.7,90.0,82.2,-14.82,1,1
4511.9,25.93,229.5,0.87586,GHS paro,26.79,164.5,404.17,0.1628,-12.2,97.6,80.7,-0.95,1,1
353.8,25.79,171.9,-1.7484,LHS Daling,8.48,41.73,121.31,0.2032,22.3,70.8,54.1,-1.56,0,1
3276.2,6.63,317.1,-0.74661,GHS paro,17.02,155.98,417.13,0.1091,-5.1,93.7,92.1,-2.66,0,1
4549.4,27.93,308.8,0.37278,GHS paro,10.42,38.83,74.57,0.2683,-0.9,89.2,53.8,-2.59,0,0
1114.6,22.75,100.8,-2.30502,LHS Daling,4.1,43.38,112.22,0.0946,16.4,71.0,64.7,-14.16,1,1
1261.7,35.71,157.0,-0.92398,LHS Daling,5.27,19.11,92.31,0.2756,12.2,87.8,64.1,-2.86,0,0
3716.0,17.73,8.9,-0.32127,LHS Daling,3.16,19.65,51.01,0.161,-1.6,78.1,48.4,-2.32,0,0
3145.0,40.8,278.6,-1.05431,GHS paro,0.18,2.23,5.58,0.0826,-0.0,67.4,36.2,-2.75,0,0
1041.9,31.76,168.8,-0.47383,LHS,1.84,15.55,43.25,0.1184,14.5,70.4,54.7,-11.84,1,0
1437.9,19.87,102.6,0.17453,GHS paro,27.76,179.01,547.78,0.1551,5.5,90.7,78.6,-22.68,1,1
3217.8,6.97,298.7,0.12868,LHS Daling,12.62,140.63,365.61,0.0897,-0.7,92.8,84.2,-23.03,1,1
2396.4,23.63,326.3,0.44327,LHS Daling,6.83,36.6,111.36,0.1865,12.4,75.0,66.1,-6.34,0,0
985.4,15.34,277.5,0.00832,Sedimentary/Alluvium,5.45,38.16,144.58,0.1427,10.6,79.3,53.3,-4.15,0,0
551.2,14.27,220.8,0.07241,LHS Daling,34.46,248.63,535.79,0.1386,14.7,91.4,76.0,-4.83,0,1
844.7,47.63,161.8,-1.67308,LHS Daling,0.87,4.99,6.86,0.1748,17.2,50.3,42.8,-1.37,0,0
1781.5,29.2,56.9,-1.41839,Lingtse,0.31,0.43,0.9,0.7269,13.8,41.3,40.1,-2.06,0,0
797.5,21.38,23.7,0.4991,Lingtse,19.88,100.83,406.89,0.1971,10.7,86.6,97.2,-9.82,1,0
2252.0,22.27,63.1,0.43436,MCT zone,0.5,0.5,8.93,1.0,11.7,49.5,31.8,-1.16,0,0
2707.0,24.74,329.6,0.58847,Lingtse,6.95,45.63,91.17,0.1524,7.4,83.0,63.2,-3.49,0,0
1498.6,17.41,215.1,-0.35939,MCT zone,36.14,174.38,431.03,0.2072,13.2,90.8,93.4,-19.0,1,1
3483.1,5.53,263.7,-0.48388,Sedimentary/Alluvium,3.9,22.32,70.94,0.1746,2.8,88.2,56.3,-4.06,0,0
2369.9,31.17,146.9,1.2542,GHS paro,2.35,18.5,58.93,0.1272,10.4,85.7,73.7,-2.27,0,0
4543.8,34.68,272.8,2.8904,GHS paro,0.44,4.38,9.9,0.1008,-9.2,72.4,21.4,-2.02,0,0
3224.2,13.0,123.1,-0.21308,LHS Daling,0.33,2.21,34.31,0.1481,0.4,61.4,18.4,-2.45,0,0
3264.7,20.86,235.6,0.18657,GHS paro,0.12,0.95,6.34,0.122,-0.8,45.9,33.6,-1.88,0,0
1766.9,35.09,149.5,-0.2324,LHS Daling,20.39,114.43,407.48,0.1782,9.7,92.7,76.2,-17.59,1,1
468.7,17.27,96.1,0.31134,GHS paro,21.2,184.81,558.89,0.1147,20.3,98.4,97.8,-21.46,1,1
3450.3,20.56,8.1,-0.06099,MCT zone,10.06,29.63,86.54,0.3394,1.9,79.3,66.7,-11.96,1,1
4558.8,29.0,262.3,2.46505,GHS paro,11.85,46.0,101.19,0.2577,-8.4,89.9,48.3,-12.81,1,1
1987.4,38.2,80.3,1.93243,GHS paro,62.6,245.49,662.49,0.255,11.6,92.7,82.5,-19.62,1,1
682.4,17.93,237.2,0.23172,LHS Daling,2.76,32.8,75.91,0.0841,13.5,91.1,58.0,-3.83,0,0
1967.7,30.88,229.9,-0.71852,LHS Daling,1.1,10.18,15.7,0.1077,14.1,62.4,44.4,-7.7,1,0
1992.7,33.13,199.9,-0.25611,LHS Daling,0.43,2.33,4.97,0.1828,10.8,48.8,20.1,-1.96,0,0
2444.0,23.91,75.6,-0.56104,LHS Daling,0.65,1.04,7.87,0.6214,11.7,44.0,30.6,-1.18,0,0
548.5,7.38,238.9,0.221,Lingtse,2.74,25.19,107.96,0.109,14.8,91.1,50.5,-8.68,1,0
1285.5,41.75,174.6,-0.06698,LHS,35.0,201.32,450.66,0.1738,14.5,96.4,82.4,-1.96,0,1
2493.1,6.48,254.0,-0.06918,GHS paro,0.34,4.67,42.15,0.0726,16.3,41.7,39.9,-3.59,0,0
1165.7,6.83,28.8,-0.39972,GHS paro,9.83,40.25,87.59,0.2442,20.6,82.0,52.8,-2.33,0,0
2090.5,45.44,120.8,-3.32635,GHS paro,30.51,223.27,452.97,0.1366,2.3,87.5,91.5,-5.78,0,0
2925.0,45.82,188.1,1.92397,GHS paro,0.18,0.76,5.61,0.2298,1.8,62.7,25.1,-0.3,0,0
3061.3,7.47,319.9,-0.04838,LHS Daling,9.59,68.46,264.07,0.14,-1.1,88.8,96.6,-11.85,1,1
1669.3,41.95,117.1,-0.56954,GHS paro,8.89,36.07,93.38,0.2464,6.3,91.5,72.3,-4.03,0,0
4590.8,40.4,222.4,1.50857,GHS paro,0.37,1.31,8.3,0.2797,-4.2,43.4,17.0,-1.74,0,0
799.1,15.34,143.0,-0.62236,LHS Daling,8.2,42.61,96.34,0.1926,13.8,72.9,71.1,-2.24,0,0
2320.5,22.96,330.2,0.21659,Sedimentary/Alluvium,7.35,168.22,441.37,0.0437,9.7,97.3,86.2,-14.02,1,1
461.5,40.16,136.8,-0.1048,LHS Daling,17.65,130.57,404.23,0.1352,12.1,88.0,86.0,-20.3,1,1
3781.9,10.3,28.3,0.17132,GHS paro,34.75,142.17,433.73,0.2444,-8.2,93.1,90.3,-1.69,0,0
367.6,14.84,337.4,0.7089,MCT zone,4.77,23.55,70.43,0.2024,18.4,82.8,46.0,-2.85,0,0
1005.5,36.8,190.3,-2.16362,LHS Daling,12.36,106.17,334.26,0.1164,15.8,90.8,76.8,-15.68,1,0
2320.5,22.96,330.2,0.21659,Sedimentary/Alluvium,0.46,5.96,19.32,0.0765,5.6,57.0,25.4,-1.2,0,0
389.1,5.51,322.7,0.14962,GHS paro,0.11,1.62,6.98,0.0681,16.4,71.5,33.5,-1.18,0,0
3674.3,12.87,198.3,-0.14913,GHS paro,3.08,36.78,66.13,0.0839,-4.3,85.5,54.4,-9.78,1,0
2203.4,34.4,136.2,3.28774,LHS Daling,30.84,231.36,669.29,0.1333,7.3,94.5,75.1,-21.15,1,1
4582.8,34.65,334.3,0.99249,GHS paro,24.43,114.66,285.08,0.2131,-9.2,89.5,80.7,-13.99,1,1
2396.4,23.63,326.3,0.44327,LHS Daling,0.01,0.19,24.61,0.0632,12.9,48.7,20.5,-1.59,0,0
1601.5,39.68,161.8,-0.53172,LHS Daling,0.23,0.76,3.24,0.3082,11.3,54.3,36.9,-0.98,0,0
3744.0,23.21,354.4,-0.44135,LHS Daling,9.74,52.62,153.48,0.1852,-2.8,78.6,51.0,-14.02,1,0
532.6,23.84,169.9,0.35797,LHS Daling,3.34,30.44,76.18,0.1097,20.8,84.8,69.5,-2.82,0,0
1334.6,44.0,144.2,-0.1296,LHS Daling,0.2,14.56,14.56,0.014,15.5,57.4,32.8,-1.06,0,0
2640.0,18.86,149.3,-0.17176,Lingtse,4.14,29.43,119.53,0.1406,1.6,84.8,55.0,-4.04,0,0
1322.8,16.48,91.7,-0.14498,LHS Daling,26.44,233.68,668.81,0.1131,14.3,93.9,80.0,-4.55,0,1
1446.3,43.19,143.6,-0.28008,LHS Daling,6.69,68.21,155.06,0.0981,16.9,75.3,46.9,-1.93,0,0
4549.4,27.93,308.8,0.37278,GHS paro,0.56,4.61,4.61,0.1207,-1.4,56.7,38.9,-6.08,1,0
464.0,25.71,142.6,-0.08361,LHS Daling,13.66,46.92,125.35,0.291,19.5,85.5,66.6,-2.9,0,0
3744.0,23.21,354.4,-0.44135,LHS Daling,5.52,41.66,126.18,0.1325,4.9,87.4,70.9,-5.04,0,0
1098.8,14.19,98.7,0.02467,LHS Daling,8.76,69.46,137.88,0.1261,10.2,70.7,51.8,-2.62,0,0
3326.0,7.05,209.2,0.10427,GHS paro,17.92,108.81,337.28,0.1646,-4.1,99.0,83.3,-9.24,0,1
2877.0,39.45,153.3,3.34671,GHS paro,0.25,4.6,4.6,0.0554,3.1,52.4,22.7,-0.71,0,0
1358.2,5.75,4.0,0.39682,LHS Daling,6.85,22.33,47.38,0.3069,18.8,79.7,52.1,-2.64,0,0
886.8,25.67,107.9,-1.93139,LHS Daling,79.98,286.47,641.38,0.2792,12.9,98.5,72.2,-6.1,0,1
1491.4,18.65,329.1,0.3354,GHS paro,0.76,15.12,15.12,0.0503,17.9,41.2,41.7,-2.39,0,0
2166.9,22.56,11.2,0.6123,GHS paro,1.35,1.35,9.0,1.0,10.4,50.0,17.2,-2.48,0,0
2973.8,27.73,281.9,0.40624,GHS paro,0.04,1.11,14.36,0.039,7.4,72.9,32.4,-0.74,0,0
2579.0,12.87,128.2,-0.26057,Sedimentary/Alluvium,22.14,63.96,131.52,0.3461,10.4,81.2,48.4,-2.26,0,0
3329.5,19.78,49.3,0.30366,GHS paro,27.62,157.68,331.63,0.1752,2.2,90.8,76.2,-6.37,0,1
3744.0,23.21,354.4,-0.44135,LHS Daling,2.2,25.06,75.11,0.0879,-0.1,78.3,45.1,-13.61,1,0
315.3,5.91,29.2,-0.61026,LHS Daling,1.43,35.35,91.13,0.0403,18.8,73.4,47.0,-4.14,0,0
2973.8,27.73,281.9,0.40624,GHS paro,0.31,0.81,0.81,0.3812,5.1,43.1,43.3,1.05,0,0
1894.5,38.57,137.5,-0.23858,LHS Daling,0.03,2.77,19.05,0.0113,12.7,72.6,23.6,-3.31,0,0
2277.8,14.06,162.8,-0.09557,Lingtse,8.97,51.72,115.53,0.1734,5.4,80.9,51.4,-3.11,0,0
2991.2,10.92,113.5,0.07387,LHS Daling,0.58,6.63,6.63,0.087,6.5,46.2,33.2,-2.05,0,0
2205.7,24.46,170.4,0.36157,Lingtse,0.81,3.37,6.08,0.241,11.4,69.2,21.8,-1.79,0,0
1592.3,32.8,219.0,-0.74065,LHS Daling,0.57,2.76,10.97,0.2065,10.8,63.4,24.2,-7.88,1,0
1903.0,5.31,339.7,-0.3241,LHS Daling,0.04,5.28,18.13,0.0076,11.9,66.4,43.5,-1.9,0,0
1395.2,25.56,131.9,0.47969,LHS Daling,0.63,6.54,6.54,0.0969,22.4,62.3,35.4,-1.74,0,0
2973.8,27.73,281.9,0.40624,GHS paro,3.78,38.5,88.83,0.0982,4.7,90.6,53.5,-10.65,1,0
474.9,8.87,222.5,-0.38205,LHS Daling,0.01,5.54,17.95,0.0016,26.7,66.8,31.1,-1.44,0,0
1266.6,20.82,273.0,-0.34021,LHS Daling,22.45,130.3,394.04,0.1723,12.6,91.7,81.7,-7.73,1,1
3193.5,22.01,300.6,0.2032,Sedimentary/Alluvium,0.09,1.54,1.54,0.0567,5.2,66.6,44.0,-1.55,0,0
1334.6,44.0,144.2,-0.1296,LHS Daling,9.65,74.61,230.01,0.1294,13.8,96.4,75.6,-18.49,1,1
2973.8,27.73,281.9,0.40624,GHS paro,30.14,223.54,450.03,0.1348,-0.1,98.3,74.9,-22.2,1,0
564.6,10.42,66.8,-0.40389,LHS Daling,0.38,1.73,6.82,0.2215,20.7,72.4,27.1,-2.18,0,0
501.8,11.02,314.6,0.2146,LHS Daling,0.65,1.29,4.93,0.5082,20.1,72.8,26.7,-0.55,0,0
4400.4,40.43,290.0,0.38693,GHS paro,0.31,1.07,2.09,0.2923,-4.2,41.7,40.1,-2.18,0,0
4558.8,40.76,292.8,0.54643,GHS paro,4.1,28.53,93.31,0.1438,-9.6,84.2,48.8,-2.02,0,0
1275.7,13.11,170.7,-0.19516,LHS Daling,12.67,141.31,525.04,0.0897,11.5,97.7,97.1,-22.32,1,1
1340.3,6.57,72.6,0.15277,Lingtse,14.75,114.73,378.55,0.1286,6.4,94.3,85.4,-0.61,0,0
687.5,15.4,18.7,0.46909,LHS Daling,24.89,205.18,507.29,0.1213,12.9,89.6,86.8,-10.72,1,0
797.5,21.38,23.7,0.4991,Lingtse,0.36,4.66,4.75,0.0782,21.8,45.2,33.5,-1.74,0,0
997.3,23.19,93.5,-0.44785,GHS paro,16.2,113.91,286.46,0.1422,15.3,96.6,76.8,-6.75,0,0
3542.3,18.49,333.1,0.68468,GHS paro,1.18,26.37,49.58,0.0449,-3.3,86.6,52.0,-5.7,0,0
2005.5,50.54,108.2,2.66679,GHS paro,1.59,20.97,48.16,0.0757,15.4,89.2,60.0,-11.89,1,1
3774.9,25.7,313.2,0.30357,LHS Daling,0.17,0.99,8.51,0.1671,-1.3,44.6,31.2,-1.93,0,0
1518.3,16.59,58.9,-0.62502,LHS Daling,0.51,0.51,21.71,1.0,20.1,45.3,28.3,-0.47,0,0
4516.8,34.37,230.8,0.41175,GHS paro,0.45,2.08,2.08,0.2181,-8.3,45.5,15.1,-1.81,0,0
2991.2,10.92,113.5,0.07387,LHS Daling,38.21,218.46,555.17,0.1749,1.5,85.7,93.8,-6.94,0,1
1987.1,5.15,166.3,-0.06923,LHS Daling,17.06,78.33,159.59,0.2178,7.8,90.6,68.1,-2.29,0,0
3596.0,10.42,53.5,0.05009,LHS Daling,4.39,49.95,101.27,0.0878,-4.0,79.8,54.2,-4.8,0,0
2709.0,11.18,212.5,-0.04449,MCT zone,0.16,4.09,22.81,0.0382,7.5,47.3,21.5,-2.61,0,0
1509.9,26.47,162.4,-1.85124,LHS Daling,9.48,95.23,316.52,0.0996,12.6,92.4,74.1,-15.99,1,1
1163.9,13.91,80.6,-0.47835,MCT zone,20.43,129.65,302.93,0.1576,12.3,97.2,96.6,-14.45,1,1
490.2,25.72,348.9,0.15246,LHS Daling,2.67,26.53,115.08,0.1006,24.5,79.6,60.6,-1.9,0,0
3322.4,17.85,156.5,0.47626,MCT zone,57.43,246.62,511.4,0.2329,-5.2,98.6,85.1,-20.7,1,1
1208.4,16.17,248.2,1.03583,LHS Daling,0.76,2.48,2.48,0.3073,23.4,65.1,23.8,-6.89,1,0
1268.9,13.97,327.0,0.55028,GHS paro,39.24,171.17,413.42,0.2293,15.3,91.9,93.3,-11.22,1,1
1864.9,44.53,135.3,-1.82738,LHS Daling,0.38,0.38,4.1,1.0,12.3,58.0,24.6,-0.56,0,0
2950.6,17.47,257.1,-0.84874,LHS Daling,5.57,37.21,100.01,0.1497,8.6,85.8,48.8,-6.0,0,0
1348.5,14.01,144.7,0.866,GHS paro,12.88,76.76,258.48,0.1678,11.8,85.3,96.2,-20.88,1,1
1663.2,15.53,98.0,0.9972,MCT zone,2.73,29.42,59.49,0.0926,17.8,81.4,50.0,-3.23,0,0
2525.8,8.19,222.0,-0.38133,GHS paro,17.22,148.84,392.96,0.1157,-1.0,87.6,77.4,-14.12,1,1
569.0,20.77,172.8,-0.25741,MCT zone,4.41,17.36,62.38,0.2539,14.0,74.4,46.8,-2.9,0,0
1987.1,5.15,166.3,-0.06923,LHS Daling,0.29,0.4,0.57,0.7186,16.0,48.1,42.1,0.12,0,0
2125.1,11.83,323.8,-1.1585,GHS paro,0.4,4.73,4.73,0.0853,6.6,51.3,25.3,-0.18,0,0
2514.5,5.26,260.4,-0.56735,GHS paro,2.36,15.95,70.17,0.1478,2.0,82.2,49.5,-1.55,0,0
884.3,23.71,79.3,0.50503,LHS Daling,3.01,17.63,40.88,0.1705,15.9,78.2,58.1,-0.69,0,0
1163.1,23.99,354.2,0.17153,GHS paro,3.96,65.48,114.84,0.0604,13.9,77.0,61.0,-2.12,0,0
559.2,32.66,164.1,-1.14481,LHS,14.79,58.5,137.19,0.2529,16.7,80.4,47.5,-1.38,0,0
775.7,35.73,164.5,-1.12607,LHS Daling,10.28,105.49,335.72,0.0974,17.0,89.1,77.9,-1.25,0,1
2360.6,13.81,88.7,0.37982,Lingtse,2.7,24.75,53.25,0.1092,5.6,74.0,50.0,-1.6,0,0
3792.4,6.46,298.4,0.11972,Lingtse,58.92,258.21,660.47,0.2282,-1.1,97.5,75.0,-7.86,0,1
1472.0,54.78,182.9,0.28802,LHS Daling,5.53,67.31,158.3,0.0821,14.8,81.2,63.1,-6.51,0,0
2280.5,40.07,201.8,-4.03133,GHS paro,24.06,213.14,514.14,0.1129,3.6,97.4,78.8,-21.27,1,1
1726.5,7.05,160.6,-1.03642,LHS Daling,45.62,280.88,726.54,0.1624,10.0,87.0,83.9,-6.18,0,1
869.4,20.65,294.2,0.21869,MCT zone,3.5,16.6,57.26,0.2109,18.3,75.2,45.5,-4.12,0,0
4511.9,25.93,229.5,0.87586,GHS paro,0.25,1.42,1.65,0.1774,-2.7,66.6,27.4,-1.21,0,0
1908.8,6.72,14.3,0.34111,LHS Daling,11.25,174.92,406.25,0.0643,3.5,98.3,77.3,-23.45,1,1
815.6,8.55,96.8,0.1195,Lingtse,22.86,236.99,537.2,0.0965,18.0,86.9,91.1,-4.6,0,0
1031.1,14.57,255.0,0.27855,MCT zone,0.29,1.38,20.74,0.2137,12.1,61.5,35.8,-1.73,0,0
1599.1,25.43,235.0,-0.23267,LHS Daling,1.27,41.14,75.84,0.0309,7.1,70.9,58.4,-2.86,0,0
3288.2,17.98,117.5,0.00969,Sedimentary/Alluvium,40.39,199.81,490.66,0.2021,3.0,88.4,76.1,-7.02,1,1
531.1,24.61,162.1,-1.8968,LHS Daling,4.13,28.65,101.87,0.144,14.5,88.1,63.1,-3.89,0,0
3249.5,6.18,95.6,-0.31396,LHS Daling,0.51,1.66,1.75,0.3067,2.0,51.6,39.5,-1.81,0,0
389.1,5.51,322.7,0.14962,GHS paro,0.77,1.87,1.87,0.4144,17.6,68.8,24.0,-2.44,0,0
2200.6,10.69,171.4,-0.79019,Lingtse,22.53,161.02,414.96,0.1399,10.0,88.6,79.9,-3.68,0,1
913.6,43.27,181.3,1.51673,Lingtse,1.53,5.6,5.6,0.2729,13.1,67.0,34.9,-2.73,0,0
1343.2,18.22,296.9,0.8246,LHS Daling,4.9,35.92,77.49,0.1364,13.8,77.5,56.1,-13.19,1,0
2006.7,21.87,221.7,0.21466,Lingtse,0.27,2.48,2.48,0.108,19.0,58.4,42.9,-1.45,0,0
844.7,47.63,161.8,-1.67308,LHS Daling,0.07,7.45,26.81,0.0094,16.3,48.0,15.8,-1.86,0,0
3219.5,11.7,250.7,-0.27109,LHS Daling,0.77,0.77,3.49,1.0,11.7,59.6,26.3,-6.66,1,0
2611.9,49.95,150.2,0.53483,GHS paro,1.32,20.8,20.8,0.0633,11.8,51.0,27.6,-0.52,0,0
1930.3,44.79,106.3,-1.31599,LHS Daling,0.85,5.9,7.1,0.1438,10.0,47.9,34.4,-2.05,0,0
1560.8,5.24,32.9,-0.05361,Lingtse,0.68,0.68,3.61,1.0,13.9,44.9,36.7,-1.69,0,0
3178.5,18.81,83.2,0.67108,GHS paro,7.3,108.89,347.77,0.0671,2.0,93.6,84.6,-4.36,0,1
1518.3,16.59,58.9,-0.62502,LHS Daling,3.37,44.55,115.84,0.0756,8.1,79.9,59.6,-3.76,0,0
3674.3,12.87,198.3,-0.14913,GHS paro,1.1,1.97,14.77,0.5604,-3.2,48.3,25.6,-1.58,0,0
1396.2,51.35,200.8,-1.60423,LHS Daling,27.17,254.28,718.01,0.1068,15.2,91.7,82.3,-20.07,1,1
2396.4,23.63,326.3,0.44327,LHS Daling,5.83,23.7,92.53,0.246,11.6,91.8,63.1,-7.19,0,0
1588.9,54.01,167.9,-0.09,LHS,14.97,173.42,418.43,0.0863,8.9,98.4,73.7,-19.31,1,1
1497.7,49.54,200.5,-0.696,GHS paro,9.83,107.04,263.76,0.0918,5.1,89.7,86.9,-21.68,1,1
2973.8,27.73,281.9,0.40624,GHS paro,6.31,33.25,72.01,0.1897,-0.2,74.5,69.4,-10.42,1,0
1056.4,35.82,242.7,1.74387,LHS Daling,0.09,1.3,9.4,0.0678,17.9,67.0,35.8,-1.13,0,0
331.0,9.11,114.9,0.29684,Lingtse,3.89,21.9,40.87,0.1777,14.0,78.6,61.4,-3.94,0,0
2981.2,15.8,100.8,-0.0154,LHS Daling,0.1,3.01,3.01,0.0334,7.4,70.7,15.0,-2.42,0,0
799.1,15.34,143.0,-0.62236,LHS Daling,1.01,1.04,15.06,0.9706,13.2,47.9,16.6,-2.86,0,0
2991.2,10.92,113.5,0.07387,LHS Daling,0.38,8.83,8.83,0.0434,12.4,68.8,42.5,-2.98,0,0
1733.7,24.21,65.3,-0.282,LHS Daling,0.09,2.37,4.26,0.0395,21.1,54.6,24.0,-0.29,0,0
2759.2,20.87,315.6,-0.4572,Sedimentary/Alluvium,21.6,236.85,545.85,0.0912,1.2,93.4,73.0,-22.26,1,1
519.4,6.75,55.4,0.23543,MCT zone,4.83,28.09,68.76,0.172,19.3,81.4,69.2,-3.23,0,0
2394.8,57.95,176.0,-2.10689,GHS paro,0.02,4.12,11.35,0.0039,10.3,73.8,23.4,-1.67,0,0
3006.0,15.92,153.4,0.0268,GHS paro,2.01,18.47,69.17,0.109,4.7,73.4,54.0,-0.59,0,0
1411.2,39.36,203.1,-0.46974,LHS Daling,41.01,237.4,509.79,0.1727,9.5,92.4,77.8,-10.76,1,1
2692.2,41.71,231.6,-0.66555,GHS paro,25.54,130.85,470.95,0.1952,4.0,93.3,72.9,0.12,0,1
4402.3,24.15,263.9,1.92363,GHS paro,2.3,29.21,60.0,0.0787,-5.5,84.3,73.5,-2.41,0,0
2723.9,13.15,251.1,-0.26763,GHS paro,6.8,62.82,112.61,0.1082,0.6,74.5,69.8,-14.0,1,0
2527.4,5.86,265.5,-0.39585,MCT zone,24.28,325.75,930.26,0.0745,7.1,98.7,92.4,-27.44,1,1
2891.7,22.74,122.4,0.80535,Sedimentary/Alluvium,1.0,4.46,11.92,0.2244,4.1,64.6,42.6,-2.69,0,0
1349.7,25.72,58.9,0.17202,Lingtse,2.66,38.64,114.16,0.0688,8.6,83.6,57.5,-2.93,0,0
2262.3,44.22,156.8,-1.88807,GHS paro,52.9,251.13,574.62,0.2106,7.7,98.1,78.2,-12.75,1,1
739.4,9.8,8.0,0.59708,MCT zone,55.17,259.1,575.11,0.2129,12.6,91.0,97.7,-26.94,1,1
1712.4,47.63,212.2,-1.87086,MCT zone,0.1,3.38,9.06,0.0287,11.0,45.5,16.9,-0.49,0,0
4358.8,39.74,274.6,-0.02932,GHS paro,16.71,170.32,454.11,0.0981,-8.9,97.8,89.5,-5.05,0,0
1143.4,46.51,184.2,-1.27152,LHS Daling,0.19,4.22,7.08,0.045,17.0,51.4,26.1,-1.61,0,0
1756.2,30.99,106.3,-1.53719,GHS paro,3.34,20.32,52.69,0.1643,13.1,82.8,74.7,-3.04,0,0
4419.5,44.36,24.9,-1.97332,GHS paro,0.33,11.52,11.52,0.0287,-2.8,52.6,33.4,-1.21,0,0
1975.5,40.9,92.2,-0.98842,GHS paro,0.03,2.12,8.32,0.0129,17.7,43.0,36.1,0.0,0,0
2302.2,10.29,54.9,0.90097,LHS Daling,9.91,73.78,140.52,0.1344,11.8,82.5,65.9,-5.36,0,0
4132.9,14.55,101.1,1.17901,GHS paro,35.35,220.06,530.56,0.1607,-3.4,89.1,97.0,-16.45,1,1
4399.4,39.42,246.3,2.11399,GHS paro,0.03,0.59,12.37,0.0538,0.8,48.2,31.9,0.28,0,0
656.6,15.35,208.8,-0.24391,Lingtse,0.36,0.36,5.44,1.0,15.2,45.0,32.0,-1.51,0,0
760.2,10.08,186.8,0.11248,GHS paro,8.15,53.91,117.57,0.1513,15.4,70.5,47.3,-11.06,1,0
1969.0,17.3,204.5,-0.64542,Sedimentary/Alluvium,6.79,61.1,127.59,0.1111,12.4,91.1,65.0,-0.6,0,0
2503.5,6.78,20.8,0.30134,GHS paro,2.89,26.17,67.99,0.1103,6.0,89.6,71.3,-2.87,0,0
1372.1,11.83,257.8,-0.03531,LHS Daling,4.26,76.41,164.79,0.0558,10.4,79.9,64.2,-8.81,1,1
2728.0,21.51,108.7,-2.22487,GHS paro,0.24,1.12,17.31,0.2128,3.4,50.7,34.5,1.0,0,0
1199.4,41.33,95.5,-1.01232,GHS paro,1.31,5.18,5.18,0.2519,21.2,46.9,21.1,-0.9,0,0
1919.5,28.94,138.8,-0.85848,GHS paro,4.07,28.16,72.94,0.1446,11.3,83.3,66.5,-3.84,0,0
1348.5,14.01,144.7,0.866,GHS paro,0.91,1.08,2.74,0.8462,16.6,55.4,16.1,2.17,0,0
1218.5,22.75,223.4,1.19227,LHS Daling,0.28,8.99,8.99,0.0309,20.3,45.0,39.1,-1.59,0,0
637.9,22.4,23.9,0.6003,GHS paro,3.21,28.61,72.86,0.1121,13.5,85.7,57.9,-3.42,0,0
2567.4,20.8,342.0,0.11303,LHS Daling,0.27,11.19,11.19,0.024,6.6,59.1,38.2,0.23,0,0
3552.3,6.92,103.4,-0.78654,GHS paro,20.13,223.73,510.71,0.09,-0.5,90.3,80.3,-17.01,1,1
960.2,48.32,175.8,-1.4118,LHS,0.26,3.42,19.2,0.0762,23.9,64.6,29.9,-2.33,0,0
1261.6,19.11,212.9,0.04168,Lingtse,37.13,219.05,493.64,0.1695,6.6,97.7,73.4,-2.36,0,1
3651.1,24.01,304.0,-0.24229,LHS Daling,0.26,2.6,8.6,0.1013,5.3,68.7,29.3,-0.79,0,0
461.5,40.16,136.8,-0.1048,LHS Daling,2.12,28.52,90.79,0.0745,16.5,90.2,47.0,-1.03,0,0
3344.9,19.62,94.4,0.4875,MCT zone,0.73,7.27,7.27,0.0998,4.7,43.3,33.1,-0.02,0,0
1348.5,14.01,144.7,0.866,GHS paro,47.8,322.81,701.42,0.1481,13.8,97.8,80.4,-8.15,0,1
2527.4,5.86,265.5,-0.39585,MCT zone,0.12,3.31,6.9,0.0349,14.1,53.8,36.9,0.47,0,0
2827.5,25.22,77.4,0.23997,LHS Daling,3.94,17.33,51.49,0.2273,2.4,83.6,61.5,-2.03,0,0
1316.8,14.95,154.9,-0.62528,LHS Daling,1.04,6.48,8.09,0.1609,22.5,63.6,34.9,-0.87,0,0
3584.1,21.49,200.4,-0.18355,LHS Daling,7.6,55.58,162.43,0.1368,3.0,78.7,45.7,-12.23,1,1
1005.5,36.8,190.3,-2.16362,LHS Daling,16.87,181.27,499.02,0.0931,10.0,92.2,80.7,-4.08,0,1
1544.1,31.43,195.8,1.23486,LHS Daling,31.18,222.56,544.03,0.1401,5.7,92.3,82.8,-22.5,1,1
1837.0,5.95,305.7,-0.38923,GHS paro,0.16,3.53,9.08,0.0457,11.7,45.0,25.9,-2.38,0,0
1643.4,8.66,150.8,-0.53361,Sedimentary/Alluvium,7.38,51.88,91.0,0.1423,15.1,78.3,56.1,-4.22,0,0
2213.3,19.37,55.6,-0.22012,GHS paro,22.61,127.15,330.72,0.1779,3.6,86.9,73.7,-22.92,1,1
1848.5,48.17,110.9,-1.99184,GHS paro,5.87,28.27,89.64,0.2076,9.1,91.7,53.5,-3.94,0,0
366.9,5.56,65.0,-0.54876,MCT zone,4.81,34.03,68.8,0.1415,18.1,75.2,51.4,-18.18,1,0
2292.8,18.39,140.1,-0.07479,LHS Daling,0.11,9.23,9.23,0.0124,7.0,42.7,36.9,-1.34,0,0
3477.6,11.76,337.0,0.52704,GHS paro,0.22,6.18,35.45,0.0358,5.9,66.1,44.8,-2.98,0,0
1549.6,16.99,21.7,-0.12893,LHS Daling,1.77,2.92,4.04,0.6076,20.9,42.8,18.1,-0.32,0,0
3489.3,33.19,240.7,-1.90323,GHS paro,24.55,141.49,418.57,0.1735,-2.3,85.4,81.0,-27.73,1,1
739.4,9.8,8.0,0.59708,MCT zone,0.94,8.08,8.08,0.1162,18.2,58.8,33.3,0.18,0,0
543.7,25.37,322.8,0.04801,MCT zone,2.08,17.7,87.3,0.1177,18.8,77.1,64.7,-2.99,0,0
1594.3,10.83,251.1,0.03536,MCT zone,30.92,246.01,521.51,0.1257,5.4,89.4,79.6,-10.48,1,1
1268.9,13.97,327.0,0.55028,GHS paro,0.01,2.37,18.34,0.0057,20.5,74.4,41.7,-0.35,0,0
3596.0,10.42,53.5,0.05009,LHS Daling,8.2,52.51,167.27,0.1562,-3.4,75.0,67.5,-3.26,0,0
3496.7,38.66,170.4,-1.11197,GHS paro,10.3,82.25,278.98,0.1252,-6.1,91.6,96.4,-7.45,0,1
2562.6,7.81,29.7,0.11742,Lingtse,3.65,44.55,101.51,0.0819,1.3,76.5,64.1,-2.15,0,0
2723.9,13.15,251.1,-0.26763,GHS paro,0.83,2.89,2.89,0.2881,13.6,60.3,25.8,-1.71,0,0
1966.0,45.01,228.6,-1.93893,GHS paro,17.4,56.52,130.69,0.3079,7.4,79.2,50.7,-1.8,0,0
514.0,26.94,132.2,-1.02869,LHS Daling,0.27,2.75,6.06,0.0968,18.7,46.1,15.3,-1.2,0,0
3304.2,15.92,291.6,-0.69589,Lingtse,38.31,276.1,638.34,0.1388,-4.5,91.1,87.2,-4.69,0,1
1750.1,50.67,178.5,1.12321,GHS paro,3.08,57.39,150.28,0.0536,9.1,71.2,69.9,-3.79,0,0
1829.5,7.25,288.2,0.23185,Sedimentary/Alluvium,2.58,32.9,64.48,0.0783,12.8,84.4,74.2,-11.76,1,0
1693.0,12.36,151.1,0.08023,GHS paro,24.67,268.42,646.88,0.0919,12.8,92.1,86.2,-5.27,0,1
1305.9,5.55,194.4,-0.70738,MCT zone,25.16,212.21,590.8,0.1185,11.8,98.3,82.7,-7.15,1,1
3217.8,6.97,298.7,0.12868,LHS Daling,1.86,4.46,4.46,0.4166,0.6,54.0,30.3,-1.55,0,0
1610.9,21.69,260.0,0.01363,GHS paro,19.84,167.73,495.7,0.1183,13.3,86.1,78.1,-17.53,1,1
421.3,18.09,108.5,-0.79928,Lingtse,5.21,17.86,52.99,0.2918,23.6,87.6,68.4,-1.88,0,0
3177.6,17.26,57.1,-0.28673,LHS Daling,0.2,7.41,27.2,0.0269,12.7,59.1,30.0,-1.37,0,0
965.4,12.92,254.3,-0.11816,MCT zone,16.16,58.85,113.14,0.2745,15.9,91.5,51.2,-8.86,1,1
3792.4,6.46,298.4,0.11972,Lingtse,0.43,1.95,16.9,0.2193,-2.0,54.0,20.1,-2.96,0,0
4511.9,25.93,229.5,0.87586,GHS paro,21.14,82.75,210.89,0.2555,-9.2,91.1,90.7,-3.84,0,0
3415.8,5.95,228.2,0.05635,Sedimentary/Alluvium,5.74,30.11,70.49,0.1907,0.9,85.7,51.3,-3.78,0,0
2689.2,23.64,60.1,-0.51873,LHS Daling,0.69,4.46,14.07,0.1553,11.1,47.7,23.1,-0.82,0,0
2046.1,10.96,189.5,-0.1567,Sedimentary/Alluvium,19.95,164.16,437.91,0.1216,10.0,90.8,95.6,-14.12,1,1
700.7,18.55,179.4,0.04215,GHS paro,0.31,5.74,14.69,0.0547,13.8,53.1,25.2,-1.87,0,0
1327.2,11.32,218.4,-0.12993,Sedimentary/Alluvium,12.01,95.39,350.46,0.1259,10.8,90.3,89.9,-16.18,1,0
1414.0,32.33,185.2,-3.02881,GHS paro,21.21,213.45,601.37,0.0994,11.5,89.2,86.4,-6.21,0,1
724.0,37.66,233.4,-3.69,LHS Daling,3.26,23.52,64.46,0.1386,17.5,77.0,58.4,-1.84,0,1
839.5,21.71,207.5,-0.03956,LHS Daling,0.14,3.73,3.73,0.0363,26.8,68.8,38.3,-2.35,0,0
2442.5,42.96,162.8,0.7309,MCT zone,12.38,80.55,177.04,0.1537,2.7,84.9,45.9,-12.07,1,1
3061.4,20.68,237.2,1.03188,Sedimentary/Alluvium,4.46,30.12,71.88,0.1481,6.1,73.6,67.3,-8.55,1,0
1453.7,33.61,231.7,0.34848,LHS Daling,1.94,5.24,26.65,0.3698,11.0,68.8,16.6,-0.25,0,0
2424.8,24.06,12.1,0.44221,LHS Daling,0.44,9.76,76.52,0.0448,2.8,73.4,64.5,-0.94,0,0
3322.4,17.85,156.5,0.47626,MCT zone,0.04,1.51,1.51,0.0241,4.6,65.0,15.5,-2.43,0,0
3112.2,24.01,127.7,-0.41792,GHS paro,13.81,49.91,103.6,0.2768,7.4,75.1,64.5,-3.81,0,0
529.9,13.24,143.1,-0.40633,GHS paro,0.16,1.11,1.75,0.1433,16.9,74.9,34.8,0.32,0,0
2413.3,15.75,50.7,0.22002,LHS Daling,0.9,1.18,16.91,0.7635,9.1,40.6,26.5,-3.03,0,0
2006.7,21.87,221.7,0.21466,Lingtse,17.58,65.8,141.36,0.2672,5.8,85.9,46.4,-3.12,0,0
2056.1,46.61,136.0,0.35041,GHS paro,0.24,5.68,10.8,0.0422,15.0,60.9,19.0,-1.66,0,0
1821.1,7.27,283.9,0.14598,LHS Daling,15.19,53.02,111.02,0.2865,10.7,74.3,63.1,-8.75,1,0
326.8,11.79,314.0,-0.86136,MCT zone,9.05,62.71,134.07,0.1444,14.9,73.0,68.3,-2.25,0,0
1205.7,33.26,220.4,-0.46353,LHS Daling,0.02,7.51,25.64,0.0028,24.7,72.4,32.1,-2.01,0,0
2600.7,25.71,10.5,-0.0487,Lingtse,7.52,36.55,80.08,0.2057,6.3,75.7,50.4,-5.48,0,0
3599.5,23.11,234.6,-0.42886,Sedimentary/Alluvium,41.88,215.54,533.06,0.1943,-1.5,87.1,77.9,-2.9,0,1
1092.3,41.68,175.5,-0.35756,LHS Daling,1.6,1.6,4.72,1.0,21.1,54.4,28.6,0.51,0,0
2089.0,24.89,62.6,-0.48972,GHS paro,6.03,22.52,102.68,0.2678,6.0,77.4,68.2,-2.08,0,0
2596.5,49.8,148.5,1.2339,GHS paro,0.49,1.17,45.22,0.4231,7.8,72.0,42.1,-2.31,0,0
1806.9,17.11,298.9,0.09351,LHS Daling,42.45,171.67,505.54,0.2473,3.2,98.6,93.7,-15.34,1,1
3483.7,19.98,338.3,-0.42137,GHS paro,1.09,1.97,14.23,0.5547,8.1,41.7,25.6,-6.59,1,0
1233.0,43.84,192.8,-6.90239,GHS paro,2.51,10.38,30.18,0.2419,10.2,91.7,52.0,-3.2,0,1
1549.6,16.99,21.7,-0.12893,LHS Daling,32.3,197.07,521.55,0.1639,13.3,96.1,81.1,-13.55,1,1
2108.0,12.09,220.1,-0.33878,LHS Daling,1.03,1.03,6.76,1.0,18.5,53.7,23.7,0.52,0,0
3838.4,44.36,20.6,1.27298,GHS paro,0.53,22.47,94.23,0.0234,1.4,87.8,49.5,-1.21,0,0
2642.2,20.98,226.0,-0.24951,MCT zone,0.1,14.41,14.41,0.0068,10.6,68.6,34.6,-1.56,0,0
2153.8,9.33,141.3,0.36769,LHS Daling,26.06,162.65,588.19,0.1602,3.0,89.8,97.6,-6.2,0,1
468.5,9.17,293.2,0.09552,MCT zone,4.01,18.42,48.32,0.2177,17.1,88.1,70.8,-2.03,0,0
1037.5,25.19,310.3,0.86292,LHS Daling,6.33,31.13,63.35,0.2033,21.6,89.3,57.7,-1.3,0,0
1476.4,43.27,157.7,-0.81855,LHS Daling,0.22,4.63,7.59,0.0468,16.6,49.9,31.5,-2.08,0,0
519.4,6.75,55.4,0.23543,MCT zone,28.35,169.14,550.99,0.1676,17.4,88.0,72.0,-21.12,1,1
1044.3,7.93,92.8,-0.58575,Lingtse,1.15,1.6,6.41,0.7177,14.8,46.7,35.3,-1.18,0,0
2889.7,10.43,22.8,0.30868,LHS Daling,0.33,0.81,43.47,0.4012,5.2,74.6,42.6,-1.92,0,0
3732.6,14.96,342.1,-0.2306,Lingtse,0.85,6.58,6.86,0.1286,0.0,70.8,29.0,-2.66,0,0
3734.1,10.65,229.1,0.13539,MCT zone,4.48,21.9,54.63,0.2046,-2.2,91.4,71.8,-3.12,0,0
2946.7,7.94,322.0,0.07682,GHS paro,2.53,24.98,55.69,0.1015,-0.4,70.1,64.4,-6.85,0,0
1710.1,11.72,151.7,0.21532,GHS paro,0.26,5.96,5.96,0.0431,13.1,63.7,24.7,-1.92,0,0
2183.4,55.94,159.5,-1.43594,GHS paro,13.53,65.41,153.53,0.2069,11.7,82.0,55.8,-4.59,0,0
2025.0,6.18,108.3,-0.24088,LHS Daling,22.44,79.07,169.85,0.2837,9.4,71.1,74.9,-5.11,0,0
678.1,12.64,250.8,0.65681,LHS Daling,23.98,90.82,151.79,0.264,16.6,84.7,53.0,-4.48,0,0
3784.0,6.33,181.0,0.1386,LHS Daling,5.22,45.0,90.73,0.116,5.0,82.5,56.6,-3.63,0,0
1205.7,33.26,220.4,-0.46353,LHS Daling,0.9,6.22,9.7,0.1448,13.8,65.4,36.2,-0.9,0,0
1924.3,16.66,223.5,0.49077,LHS Daling,0.37,0.37,7.29,1.0,8.3,71.3,21.3,-1.75,0,0
819.5,36.27,244.3,-2.97003,LHS Daling,1.33,22.76,59.78,0.0586,11.3,84.3,61.6,-15.55,1,1
970.8,55.82,177.1,-1.0098,LHS Daling,3.66,41.18,105.48,0.0889,21.8,89.3,45.9,-2.25,0,0
2981.4,19.63,284.7,-0.38865,LHS Daling,1.05,1.61,21.1,0.6544,6.0,49.3,23.3,-2.09,0,0
1491.4,18.65,329.1,0.3354,GHS paro,0.71,51.39,101.86,0.0138,13.0,89.1,47.8,-3.0,0,0
3079.7,10.26,214.9,-0.13483,GHS paro,4.1,28.13,83.64,0.1457,-1.9,84.9,49.5,-4.78,0,0
914.5,41.27,218.7,-1.1412,LHS Daling,4.55,20.85,110.95,0.218,21.6,73.2,46.0,-10.1,1,1
702.3,14.92,224.7,-0.41596,LHS Daling,0.78,8.39,43.02,0.0925,14.6,78.3,49.2,-2.94,0,0
648.0,51.3,158.3,1.07911,LHS Daling,0.46,4.44,10.5,0.1026,16.1,68.4,23.4,-1.02,0,0
698.4,6.08,162.3,0.40903,Sedimentary/Alluvium,0.44,0.47,21.11,0.9382,19.9,43.1,24.8,-1.31,0,0
1479.6,45.45,174.2,-3.29674,LHS Daling,0.44,0.44,2.33,1.0,9.8,66.0,27.1,-2.81,0,0
4038.5,46.59,145.2,1.20862,GHS paro,17.69,136.36,430.83,0.1298,-9.7,91.0,95.5,-4.38,0,1
2916.1,15.79,321.9,0.07058,LHS Daling,6.02,95.19,266.03,0.0633,1.2,87.9,86.3,-6.52,0,0
2094.3,15.44,207.5,0.39271,LHS Daling,3.18,51.19,140.62,0.0621,15.0,85.0,50.3,-0.62,0,0
1177.3,44.62,136.8,-1.3948,LHS Daling,0.42,0.72,5.59,0.5855,17.3,71.4,33.3,0.27,0,0
443.9,17.37,166.5,-0.74408,LHS Daling,5.77,33.27,65.51,0.1734,13.5,78.5,74.8,-2.91,0,0
4434.3,34.58,201.2,1.01787,GHS paro,5.2,33.96,95.57,0.153,-3.7,80.0,71.1,-2.87,0,0
2369.9,31.17,146.9,1.2542,GHS paro,0.89,2.96,2.96,0.301,9.3,42.5,43.9,0.4,0,0
3369.8,20.01,277.5,-0.12099,Sedimentary/Alluvium,20.03,156.23,411.65,0.1282,-0.0,86.0,94.8,-18.98,1,1
3252.8,9.4,252.9,0.16944,LHS Daling,10.63,47.3,92.9,0.2248,-1.9,72.6,68.6,-4.13,0,0
464.0,25.71,142.6,-0.08361,LHS Daling,1.06,14.41,64.01,0.0735,22.0,78.4,60.5,-4.19,0,0
3202.5,16.79,120.6,0.76561,Sedimentary/Alluvium,0.91,13.59,45.74,0.0672,1.0,80.6,49.5,-12.48,1,0
3558.3,28.65,168.7,0.55387,GHS paro,2.85,21.77,62.3,0.1308,-3.2,73.0,74.1,-3.06,0,0
1032.1,20.71,179.6,-0.16146,Sedimentary/Alluvium,0.1,2.32,10.95,0.0417,21.0,48.8,19.1,0.71,0,0
2640.0,18.86,149.3,-0.17176,Lingtse,7.59,191.7,472.36,0.0396,1.5,93.7,89.4,-5.57,0,1
519.4,6.75,55.4,0.23543,MCT zone,0.31,3.15,3.15,0.0988,15.0,51.0,26.9,-1.46,0,0
3603.0,9.44,18.7,-0.40262,MCT zone,0.44,2.31,17.66,0.1916,-3.2,62.1,34.2,-1.35,0,0
3734.1,10.65,229.1,0.13539,MCT zone,0.86,1.41,7.1,0.6104,-2.5,55.3,17.4,-2.18,0,0
1999.2,52.24,202.6,-7.00738,MCT zone,0.28,27.3,67.97,0.0102,11.9,82.7,46.4,-4.39,0,0
2582.8,21.97,143.0,0.1315,LHS Daling,7.2,68.88,173.59,0.1046,9.3,78.6,52.2,-3.27,0,0
1459.7,23.08,144.3,0.05023,LHS Daling,0.57,1.35,6.66,0.4193,15.2,47.0,17.9,-2.53,0,0
4511.9,25.93,229.5,0.87586,GHS paro,44.06,180.99,532.42,0.2435,-11.0,87.5,85.2,-7.44,1,1
1211.0,17.76,116.5,0.26093,MCT zone,15.66,146.46,321.88,0.107,15.5,88.3,81.5,-25.41,1,1
885.5,34.03,256.6,-0.73825,LHS Daling,0.52,3.52,16.06,0.1477,16.3,43.4,22.4,-0.1,0,0
1911.3,11.4,103.9,0.19761,GHS paro,0.34,0.34,12.26,1.0,16.0,46.3,40.2,-2.4,0,0
543.7,25.37,322.8,0.04801,MCT zone,3.46,13.83,52.39,0.2506,13.3,80.6,47.2,-2.25,0,0
3682.5,5.78,239.4,-0.00365,GHS paro,12.22,53.33,127.7,0.2291,-0.4,86.1,49.3,-4.39,0,0
2213.3,19.37,55.6,-0.22012,GHS paro,22.05,169.22,465.92,0.1303,9.3,95.9,81.6,-20.07,1,1
1777.1,6.77,163.2,0.1116,LHS Daling,10.09,102.14,344.1,0.0988,10.2,86.4,94.5,-23.77,1,0
490.2,25.72,348.9,0.15246,LHS Daling,17.35,114.39,333.54,0.1517,17.3,88.7,82.4,-17.82,1,1
1899.7,41.84,108.5,-2.08298,GHS paro,0.04,3.59,3.59,0.0099,20.3,74.2,36.4,-1.53,0,0
3674.1,16.69,157.0,0.24366,Sedimentary/Alluvium,0.41,1.3,16.23,0.3158,5.7,60.6,22.5,-1.18,0,0
677.3,40.47,148.8,-0.46498,LHS Daling,6.21,35.72,79.05,0.1739,22.3,74.0,61.7,-5.41,0,0
416.2,11.14,61.5,0.08978,Sedimentary/Alluvium,0.03,4.58,9.34,0.0067,21.1,68.9,22.5,-1.37,0,0
1368.6,17.85,294.1,-0.49031,LHS Daling,0.7,1.58,16.86,0.4449,23.4,57.4,16.9,-2.31,0,0
2703.1,9.76,63.5,-0.38734,LHS Daling,1.58,30.89,78.8,0.0511,1.4,71.3,75.0,-3.12,0,0
3681.2,6.55,306.4,-0.2257,MCT zone,3.62,34.81,104.43,0.104,-4.6,88.4,64.5,-0.32,0,0
808.0,34.53,204.0,-1.20384,LHS Daling,0.05,5.21,6.3,0.0088,15.8,60.7,23.3,-2.9,0,0
1037.5,25.19,310.3,0.86292,LHS Daling,0.59,0.59,19.45,1.0,20.3,59.7,28.1,-1.27,0,0
3674.1,16.69,157.0,0.24366,Sedimentary/Alluvium,3.18,24.1,90.72,0.132,0.9,88.8,66.2,-3.49,0,0
2444.0,23.91,75.6,-0.56104,LHS Daling,0.67,6.42,9.02,0.1042,15.1,58.9,24.6,-1.51,0,0
2655.4,19.96,9.1,-0.223,LHS Daling,3.35,26.13,70.15,0.1282,3.9,85.4,60.1,-2.61,0,0
776.0,29.29,216.0,-0.65548,LHS Daling,10.36,51.08,121.63,0.2028,12.7,81.0,52.0,-2.37,0,0
2917.1,43.36,270.2,-0.22531,GHS paro,1.23,29.66,128.88,0.0413,-0.7,73.4,58.4,-2.13,0,0
2089.4,52.81,137.8,-0.55256,GHS paro,0.04,2.09,17.07,0.0213,15.0,44.5,20.4,-0.68,0,0
792.8,11.9,304.1,-0.2912,LHS Daling,39.42,252.67,573.77,0.156,13.9,98.3,81.4,-21.6,1,1
1985.4,54.87,128.5,-1.27634,GHS paro,24.8,135.87,430.36,0.1825,6.8,95.3,93.0,-25.36,1,1
1681.0,20.99,143.6,-0.02504,GHS paro,0.01,7.45,7.45,0.0017,9.2,55.7,40.5,-1.02,0,0
2827.5,25.22,77.4,0.23997,LHS Daling,32.49,164.15,455.0,0.1979,2.9,85.5,79.8,-16.27,1,1
508.3,5.35,162.9,-0.08985,Lingtse,21.71,129.39,375.99,0.1677,19.0,98.5,82.4,-20.79,1,1
1632.0,31.68,77.7,-0.56513,LHS Daling,15.83,163.55,388.9,0.0968,5.9,85.6,85.6,-12.62,1,1
2759.2,20.87,315.6,-0.4572,Sedimentary/Alluvium,0.08,1.83,15.77,0.0427,5.6,68.2,40.6,-0.6,0,0
2036.9,27.17,190.9,-3.27498,GHS paro,0.04,2.88,5.88,0.0131,18.2,52.9,36.0,-2.0,0,0
2093.3,6.62,295.7,-0.45854,LHS Daling,0.13,0.8,7.66,0.1598,10.9,71.4,30.8,-2.26,0,0
1646.2,36.67,82.4,-0.82978,GHS paro,0.41,6.04,22.62,0.0677,10.1,69.0,40.2,-1.1,0,0
2038.1,44.47,259.7,2.3606,GHS paro,2.94,25.9,86.76,0.1136,5.9,72.0,49.2,-10.22,1,0
1903.0,5.31,339.7,-0.3241,LHS Daling,33.08,163.07,393.37,0.2028,9.9,95.3,97.1,-22.5,1,1
2795.7,16.08,246.0,-0.22074,Sedimentary/Alluvium,0.07,3.08,15.13,0.0218,5.1,69.5,34.4,-1.4,0,0
1717.9,11.71,106.7,0.82248,LHS Daling,15.96,46.36,101.44,0.3443,10.6,89.9,67.1,-2.49,0,0
2089.0,24.89,62.6,-0.48972,GHS paro,0.96,11.93,11.93,0.0802,15.1,55.6,41.6,-0.32,0,0
3494.1,25.17,327.3,1.22347,GHS paro,0.24,0.24,11.8,1.0,6.3,58.5,17.6,-2.08,0,0
1962.6,52.56,107.2,-0.17976,GHS paro,19.17,185.3,497.6,0.1035,5.8,88.4,81.7,-15.04,1,1
305.5,8.92,124.9,-0.6282,LHS Daling,0.07,0.37,1.81,0.1897,21.4,60.6,38.7,-0.23,0,0
2632.3,25.85,27.4,1.02328,GHS paro,7.61,53.08,124.01,0.1433,1.9,77.2,62.9,-3.18,0,0
4132.9,14.55,101.1,1.17901,GHS paro,1.0,2.92,2.92,0.3411,6.6,68.7,28.1,-0.13,0,0
1211.0,17.76,116.5,0.26093,MCT zone,0.1,1.27,3.95,0.082,11.0,67.3,22.4,-1.68,0,0
730.2,21.62,283.1,-0.09948,LHS Daling,18.64,158.82,451.3,0.1173,10.6,95.4,80.8,-19.45,1,0
3475.2,8.58,153.2,-0.63056,GHS paro,15.36,211.94,572.42,0.0725,-1.4,98.3,96.1,-3.2,0,0
1031.1,14.57,255.0,0.27855,MCT zone,1.71,1.71,18.62,1.0,25.3,73.1,42.8,-0.24,0,0
1958.3,21.46,82.8,-0.14681,Sedimentary/Alluvium,13.41,46.32,152.23,0.2896,14.4,79.2,54.1,-3.93,0,0
4440.7,36.45,151.9,1.18059,GHS paro,0.18,0.42,20.28,0.4407,2.7,60.1,32.5,-2.76,0,0
1376.3,27.74,85.0,-1.13519,Lingtse,1.92,9.17,9.17,0.2097,20.6,62.6,22.4,0.24,0,0
834.5,45.34,51.6,-0.62256,LHS Daling,1.85,55.58,149.05,0.0333,17.4,84.8,62.8,-2.01,0,0
315.3,5.91,29.2,-0.61026,LHS Daling,0.25,15.86,15.86,0.016,19.5,69.9,22.5,-3.54,0,0
3217.8,6.97,298.7,0.12868,LHS Daling,40.62,181.63,568.76,0.2236,-0.5,93.7,73.3,-1.26,0,0
2509.6,10.24,205.2,0.47481,Sedimentary/Alluvium,9.39,95.71,340.01,0.0981,2.7,98.9,74.7,-3.32,0,0
2916.1,15.79,321.9,0.07058,LHS Daling,0.89,1.43,3.1,0.6244,1.1,61.1,26.2,-1.54,0,0
2442.5,42.96,162.8,0.7309,MCT zone,32.9,207.54,462.82,0.1585,8.8,92.9,73.1,-9.28,1,1
3703.2,46.05,322.5,3.31722,GHS paro,0.17,4.19,4.19,0.0397,6.1,73.9,38.6,-1.41,0,0
2526.3,6.96,24.1,-0.2808,LHS Daling,7.13,35.02,105.86,0.2037,12.8,80.8,67.5,-4.59,0,0
1924.3,16.66,223.5,0.49077,LHS Daling,0.64,1.52,6.58,0.4198,11.6,48.3,23.8,-0.56,0,0
1643.4,8.66,150.8,-0.53361,Sedimentary/Alluvium,1.86,35.97,92.91,0.0518,13.8,85.9,49.4,-11.64,1,0
1707.2,56.21,199.0,-4.51761,GHS paro,3.41,40.89,89.52,0.0833,11.6,77.2,54.1,-11.85,1,1
2877.0,39.45,153.3,3.34671,GHS paro,1.26,4.93,18.41,0.2544,3.7,52.8,16.2,-2.04,0,0
2371.6,45.03,300.6,0.28231,GHS paro,2.43,2.43,11.39,1.0,4.8,71.6,39.6,0.09,0,0
2056.1,46.61,136.0,0.35041,GHS paro,0.53,4.13,19.15,0.1278,7.3,44.5,42.1,-2.48,0,0
1579.9,14.64,312.7,0.24766,GHS paro,5.99,32.08,101.16,0.1866,8.7,88.7,69.6,-1.45,0,0
3734.2,12.78,201.5,0.82501,GHS paro,26.05,192.24,542.51,0.1355,-4.3,98.8,83.4,-23.52,1,1
1566.7,16.66,358.9,0.21732,GHS paro,5.45,31.85,83.59,0.171,9.9,86.0,66.5,-6.81,1,0
1327.2,11.32,218.4,-0.12993,Sedimentary/Alluvium,0.39,10.93,17.14,0.0354,12.0,47.5,27.9,0.07,0,0
857.6,44.19,194.9,-1.16976,LHS Daling,0.02,0.28,17.53,0.0562,22.8,58.4,24.6,-2.79,0,0
1999.2,52.24,202.6,-7.00738,MCT zone,0.19,7.05,8.02,0.0267,16.7,72.7,37.6,-1.44,0,0
4480.4,24.68,258.6,1.23301,GHS paro,6.56,54.34,155.28,0.1207,-10.6,82.6,67.8,-14.72,1,0
1504.2,32.88,193.9,-3.38289,GHS paro,10.12,264.65,571.39,0.0382,9.2,98.7,82.6,-26.21,1,1
381.7,25.79,175.5,0.15733,Sedimentary/Alluvium,38.31,194.61,533.13,0.1969,15.6,85.8,86.9,-16.29,1,1
840.6,10.9,105.5,-0.79749,MCT zone,0.22,1.28,2.99,0.174,13.0,53.7,28.2,-1.49,0,0
1649.3,21.76,6.6,-0.00243,Sedimentary/Alluvium,0.74,10.8,24.31,0.0687,11.9,54.5,15.2,-0.95,0,0
1590.5,18.02,301.3,0.38212,MCT zone,0.98,36.58,75.64,0.0267,17.1,72.6,71.6,-4.13,0,0
2920.3,12.86,318.2,0.5159,LHS Daling,11.51,49.45,141.48,0.2328,7.8,75.0,47.1,-1.0,0,0
1372.1,11.83,257.8,-0.03531,LHS Daling,41.75,254.21,546.01,0.1642,13.3,89.8,90.1,-26.7,1,1
687.5,15.4,18.7,0.46909,LHS Daling,5.44,43.47,105.97,0.1252,16.1,90.3,50.5,-12.51,1,0
800.2,27.94,223.6,0.2088,LHS Daling,7.38,38.29,86.18,0.1928,14.6,77.2,65.3,-12.92,1,0
931.3,54.62,194.4,3.56793,LHS,0.88,2.45,24.78,0.3596,25.3,65.1,36.9,-2.31,0,0
3726.9,8.28,55.0,-0.22948,Lingtse,1.13,1.13,7.35,1.0,6.0,43.8,40.0,-3.33,0,0
800.0,5.49,260.9,0.05461,Sedimentary/Alluvium,0.45,1.87,5.67,0.2401,13.3,41.0,38.8,-3.25,0,0
4400.4,40.43,290.0,0.38693,GHS paro,0.12,16.12,16.12,0.0074,-0.1,42.2,38.3,-1.86,0,0
1098.8,14.19,98.7,0.02467,LHS Daling,0.33,0.86,3.83,0.3884,18.5,55.8,39.0,-1.89,0,0
886.8,25.67,107.9,-1.93139,LHS Daling,0.61,1.7,19.4,0.3589,15.0,67.4,39.8,-2.81,0,0
637.9,22.4,23.9,0.6003,GHS paro,20.46,178.22,450.93,0.1148,16.3,87.7,92.8,-9.14,1,1
466.3,42.07,133.8,0.21731,LHS Daling,24.1,274.39,662.64,0.0878,14.7,86.7,86.4,-14.94,1,1
2028.3,9.7,134.2,0.08987,Sedimentary/Alluvium,2.83,14.43,65.33,0.1961,12.0,88.0,66.1,-1.67,0,0
3245.1,17.57,85.4,0.16967,GHS paro,0.53,20.32,80.23,0.0259,3.1,79.1,51.7,-1.29,0,0
1827.8,64.0,103.2,-2.59624,GHS paro,20.03,167.11,414.12,0.1199,7.2,85.3,85.9,-5.59,0,1
855.6,23.08,108.7,0.18737,LHS Daling,0.2,6.22,6.22,0.032,16.0,61.1,21.5,-2.46,0,0
1114.6,22.75,100.8,-2.30502,LHS Daling,0.12,0.32,11.31,0.3691,24.4,73.0,23.9,-0.7,0,0
1825.5,34.36,102.6,-4.57197,LHS Daling,9.86,56.29,122.8,0.1752,11.4,86.7,74.2,-3.95,0,1
2203.4,34.4,136.2,3.28774,LHS Daling,2.41,34.01,98.64,0.0708,11.6,90.6,72.5,-2.28,0,0
1841.5,17.14,74.3,-0.26724,LHS Daling,2.46,34.37,77.69,0.0716,14.7,85.0,74.8,-4.16,0,0
1366.6,24.36,334.6,0.19082,LHS Daling,0.35,1.25,34.54,0.2823,11.4,63.0,22.1,-2.42,0,0
4059.5,43.66,142.3,0.02393,GHS paro,18.58,126.62,379.43,0.1467,-9.6,96.5,84.1,-6.73,0,0
326.8,11.79,314.0,-0.86136,MCT zone,2.51,8.6,10.26,0.2925,19.6,56.2,32.0,-2.6,0,0
883.0,48.51,161.1,-3.8187,LHS Daling,33.85,142.24,379.67,0.238,18.7,91.2,72.2,-7.67,0,1
3079.7,10.26,214.9,-0.13483,GHS paro,4.16,14.42,68.98,0.2885,6.8,91.0,70.9,-13.73,1,0
2262.3,44.22,156.8,-1.88807,GHS paro,2.76,2.76,5.31,1.0,7.4,62.0,33.5,-2.43,0,0
3542.3,18.49,333.1,0.68468,GHS paro,0.49,7.44,7.44,0.0655,6.7,56.0,42.1,-5.57,1,0
1894.5,38.57,137.5,-0.23858,LHS Daling,3.03,33.63,80.12,0.0901,10.3,72.9,69.5,-2.98,0,0
4649.2,29.02,229.8,1.51626,GHS paro,0.2,0.86,12.36,0.2267,0.3,59.9,26.9,-0.57,0,0
2403.8,13.26,85.7,-0.4059,LHS Daling,0.22,0.84,33.64,0.259,14.9,58.7,26.9,-8.52,1,0
4148.4,43.01,118.0,0.08587,GHS paro,0.6,0.6,15.4,1.0,5.7,63.0,29.3,-0.18,0,0
531.1,24.61,162.1,-1.8968,LHS Daling,0.43,1.97,32.41,0.2165,18.8,46.5,27.6,-0.32,0,0
2580.7,22.27,182.7,-0.38378,LHS Daling,0.2,2.09,2.37,0.0961,3.6,47.7,40.7,-0.11,0,0
2774.8,23.95,354.3,0.10744,GHS paro,6.41,31.96,91.06,0.2005,7.2,71.8,60.8,-4.63,0,0
2514.5,5.26,260.4,-0.56735,GHS paro,24.36,125.85,368.4,0.1935,5.7,96.7,86.0,-24.53,1,1
2702.1,5.43,62.4,0.0152,LHS Daling,5.38,44.01,108.58,0.1222,6.8,90.1,65.7,-8.63,1,0
3616.9,21.3,287.6,-0.10033,MCT zone,2.47,37.69,97.46,0.0656,-5.6,72.4,58.4,-3.3,0,0
1409.3,5.53,321.8,0.06017,LHS Daling,1.52,2.17,10.73,0.6996,16.3,47.2,33.0,-0.56,0,0
1476.4,43.27,157.7,-0.81855,LHS Daling,0.14,0.66,0.7,0.2142,16.0,71.8,28.4,-2.65,0,0
3487.7,8.88,245.3,-0.44787,LHS Daling,0.25,0.34,3.3,0.7385,9.0,58.5,20.4,-1.68,0,0
1376.7,45.55,189.5,-0.78,LHS Daling,0.2,0.76,12.16,0.2627,21.2,44.3,15.1,0.75,0,0
2519.5,6.22,88.5,-0.00974,MCT zone,0.43,1.26,4.74,0.3408,3.6,58.3,15.2,-0.95,0,0
1264.0,35.72,211.0,-0.93239,LHS,4.72,33.67,62.18,0.1401,8.7,76.8,74.1,-6.02,0,1
1389.3,12.77,209.9,-0.02231,MCT zone,0.09,3.6,3.6,0.0259,15.2,41.5,37.4,-6.77,1,0
1031.1,14.57,255.0,0.27855,MCT zone,18.63,135.47,358.0,0.1375,13.4,90.4,97.9,-15.34,1,1
2038.4,22.26,67.1,1.04067,GHS paro,37.06,267.66,644.03,0.1385,5.6,86.5,86.4,-18.09,1,1
4288.8,37.5,280.0,-0.5336,GHS paro,0.13,2.18,14.74,0.0605,4.3,72.8,30.1,-0.88,0,0
2255.2,18.93,65.5,0.16552,MCT zone,11.88,44.17,80.33,0.269,7.2,92.0,73.1,-0.57,0,0
1643.4,8.66,150.8,-0.53361,Sedimentary/Alluvium,11.91,91.65,239.39,0.13,6.4,93.2,82.6,-25.1,1,0
2799.1,18.28,1.7,-0.03934,GHS paro,30.61,146.51,408.3,0.2089,6.4,87.6,94.5,-11.32,1,0
745.6,29.79,248.9,1.88671,LHS Daling,6.5,36.14,109.33,0.1797,18.1,76.6,59.0,-3.37,0,0
1479.6,45.45,174.2,-3.29674,LHS Daling,23.48,185.05,524.36,0.1269,7.4,98.7,94.6,-3.32,0,1
1479.6,45.45,174.2,-3.29674,LHS Daling,0.08,4.03,15.98,0.0209,9.8,48.7,15.8,-1.01,0,0
2486.7,16.54,168.3,0.46939,GHS paro,40.54,336.62,683.21,0.1204,2.9,96.4,85.2,-19.08,1,1
1562.4,47.91,131.9,1.22189,GHS paro,18.32,130.34,426.81,0.1405,6.6,87.0,95.5,-16.06,1,1
1143.4,46.51,184.2,-1.27152,LHS Daling,0.0,1.71,35.59,0.0022,13.0,50.2,37.3,-1.06,0,0
2493.1,6.48,254.0,-0.06918,GHS paro,27.07,206.0,525.29,0.1314,1.4,85.3,89.6,-9.14,1,1
1562.4,47.91,131.9,1.22189,GHS paro,0.11,7.23,7.23,0.0155,22.0,67.3,27.0,-0.7,0,0
920.5,38.69,188.0,-1.36441,LHS Daling,9.86,31.98,80.94,0.3083,17.2,89.9,52.6,-2.23,0,0
3335.1,36.93,314.9,2.47774,GHS paro,9.43,63.89,168.25,0.1476,-3.6,83.2,66.2,-5.99,0,0
461.5,40.16,136.8,-0.1048,LHS Daling,1.97,52.37,133.71,0.0376,15.0,91.9,69.6,-3.89,0,0
3034.0,50.5,120.9,-0.20618,GHS paro,0.11,0.97,15.99,0.1154,4.2,52.4,28.2,-2.21,0,0
3351.9,40.35,139.8,1.00227,GHS paro,0.13,1.15,1.15,0.1107,0.6,50.2,15.1,-2.69,0,0
331.0,9.11,114.9,0.29684,Lingtse,3.52,11.16,52.77,0.3152,21.8,72.7,59.2,-4.21,0,0
3059.6,17.44,277.0,-0.06905,LHS Daling,0.52,5.66,5.66,0.0914,4.9,58.7,17.5,-2.62,0,0
1443.9,25.51,265.1,-0.34906,LHS Daling,0.35,3.77,14.09,0.0937,13.2,59.8,28.5,-1.81,0,0
2885.1,24.95,2.3,-0.14888,GHS paro,11.43,36.59,133.98,0.3123,9.8,72.2,53.8,-3.93,0,0
1088.8,25.58,279.6,0.823,GHS paro,0.78,0.82,3.66,0.95,14.4,66.8,28.4,-2.43,0,0
3354.6,5.95,44.7,0.39851,LHS Daling,7.25,61.93,127.83,0.117,1.6,79.6,63.8,-1.48,0,0
1683.0,15.84,258.9,-0.0282,MCT zone,25.71,206.04,515.27,0.1248,6.8,94.5,90.5,-23.52,1,1
2856.0,42.06,153.4,1.5748,GHS paro,0.14,6.99,6.99,0.0195,13.1,42.7,23.1,-1.7,0,0
3784.0,6.33,181.0,0.1386,LHS Daling,1.56,31.36,105.11,0.0498,-5.2,70.5,73.3,-2.7,0,0
1726.4,8.73,8.8,0.28758,MCT zone,0.12,6.51,6.51,0.0192,12.7,51.8,26.3,-1.04,0,0
1283.5,5.23,39.8,-0.33568,LHS Daling,19.95,143.89,432.31,0.1387,14.2,98.7,78.7,-7.16,0,1
2320.2,17.74,144.3,-0.47504,GHS paro,33.09,203.45,472.2,0.1626,3.4,87.1,90.4,-24.01,1,1
1275.2,20.02,87.0,-0.7092,LHS Daling,9.67,129.37,315.68,0.0747,15.0,88.2,76.3,-19.79,1,1
1693.0,12.36,151.1,0.08023,GHS paro,0.88,0.88,4.92,1.0,21.1,53.6,24.3,-2.57,0,0
2481.9,16.35,88.3,-0.2438,GHS paro,0.37,3.19,3.19,0.1148,5.3,48.9,30.4,-1.44,0,0
1532.8,51.78,159.0,-2.6892,LHS Daling,1.63,31.7,100.22,0.0514,14.1,79.8,71.3,-4.29,0,1
453.6,6.28,87.1,-0.25742,GHS paro,3.43,26.5,48.63,0.1294,21.8,91.0,50.1,-3.7,0,0
2350.5,6.21,340.1,0.26515,MCT zone,0.2,5.41,5.41,0.0375,3.9,71.4,40.1,-0.8,0,0
1987.4,38.2,80.3,1.93243,GHS paro,0.57,3.04,3.04,0.186,10.1,65.5,22.4,-1.13,0,0
2193.0,43.84,199.1,0.45895,LHS Daling,0.61,0.61,4.48,1.0,17.3,41.9,26.3,-0.08,0,0
2542.2,16.28,322.1,-0.20191,Lingtse,10.8,35.02,87.12,0.3083,1.9,78.4,71.6,-4.72,0,0
1750.1,50.67,178.5,1.12321,GHS paro,0.33,0.33,3.0,1.0,9.2,44.8,22.1,-2.34,0,0
1282.4,9.66,211.0,-0.57602,MCT zone,7.96,41.4,120.61,0.1923,9.0,73.3,71.1,-2.02,0,0
1349.7,25.72,58.9,0.17202,Lingtse,10.17,47.11,124.88,0.2159,19.0,78.4,46.6,-13.47,1,1
3600.1,42.45,163.5,2.90804,Lingtse,16.8,214.9,513.21,0.0782,-6.0,91.0,96.1,-15.78,1,0
1821.1,7.27,283.9,0.14598,LHS Daling,13.5,104.82,427.21,0.1288,13.1,91.3,86.4,-15.95,1,1
1576.1,13.99,294.3,0.2155,GHS paro,23.15,107.0,359.83,0.2163,7.5,89.2,79.5,-5.9,0,0
1066.7,15.89,335.6,-0.25558,MCT zone,28.79,240.03,565.7,0.12,12.3,85.1,82.9,-16.71,1,1
2013.5,49.99,135.7,0.11894,Lingtse,0.23,3.5,3.5,0.0665,17.4,71.2,35.6,-1.4,0,0
604.8,17.8,336.4,-0.55583,MCT zone,0.37,3.97,3.97,0.0923,20.1,45.6,20.7,-1.47,0,0
1995.2,57.09,128.7,-0.48373,GHS paro,0.62,5.34,8.88,0.1155,14.4,68.0,35.3,-2.19,0,0
3609.3,24.43,253.5,-0.52109,GHS paro,1.05,4.17,15.34,0.2508,-0.9,62.0,17.2,-0.81,0,0
1592.3,32.8,219.0,-0.74065,LHS Daling,1.77,16.66,105.97,0.1065,14.8,84.3,55.1,-12.01,1,0
4603.0,43.28,309.2,0.08333,GHS paro,0.02,1.74,8.26,0.0134,-1.6,65.9,38.5,0.64,0,0
2094.3,11.12,311.6,0.62959,LHS Daling,9.15,56.76,98.46,0.1612,12.0,71.0,58.1,-2.5,0,0
2193.0,43.84,199.1,0.45895,LHS Daling,1.9,61.25,102.89,0.031,3.5,87.1,47.8,-13.18,1,0
1690.0,27.87,149.8,-4.31281,GHS paro,0.77,0.77,7.66,1.0,20.5,57.7,44.9,-2.48,0,0
4415.4,32.31,241.6,1.99083,GHS paro,5.37,31.24,95.36,0.1717,-1.2,72.6,46.1,-4.85,0,0
2427.7,18.3,120.1,-0.39544,MCT zone,0.07,3.28,10.44,0.0225,9.1,43.3,44.4,-2.14,0,0
2877.0,39.45,153.3,3.34671,GHS paro,27.26,207.89,479.54,0.1311,6.2,99.0,83.8,-27.57,1,1
559.2,32.66,164.1,-1.14481,LHS,6.62,63.8,199.34,0.1038,13.6,91.5,77.7,-5.17,0,1
1382.4,28.86,220.6,-0.77656,GHS paro,14.74,54.18,101.94,0.2721,19.4,85.4,60.2,-2.06,0,0
548.5,7.38,238.9,0.221,Lingtse,0.01,0.22,10.98,0.0564,18.8,58.4,43.4,-7.71,1,0
2154.2,40.57,97.5,-2.28106,GHS paro,0.07,8.96,8.96,0.0082,10.2,71.8,21.2,-3.12,0,0
1283.5,5.23,39.8,-0.33568,LHS Daling,0.03,2.67,17.4,0.0101,11.3,51.0,25.3,-1.08,0,0
4558.8,40.76,292.8,0.54643,GHS paro,1.03,12.02,22.8,0.0855,3.4,64.9,32.2,-2.83,0,0
2396.4,23.63,326.3,0.44327,LHS Daling,0.16,1.52,13.56,0.1084,13.4,44.4,39.2,-2.33,0,0
331.0,9.11,114.9,0.29684,Lingtse,0.65,12.36,12.36,0.0522,20.8,49.5,20.9,-2.3,0,0
587.6,26.31,143.5,-0.9774,LHS Daling,15.74,57.21,116.98,0.275,20.9,89.1,54.9,-3.46,0,0
2125.1,7.52,255.3,0.52685,GHS paro,3.94,17.46,52.43,0.2253,9.3,82.1,49.6,-5.17,0,0
757.3,13.59,214.2,-0.08538,MCT zone,0.74,0.74,1.69,1.0,26.1,56.9,24.7,0.03,0,0
840.6,10.9,105.5,-0.79749,MCT zone,10.97,161.16,504.38,0.0681,18.3,90.0,79.7,-18.98,1,1
1747.7,10.74,24.4,-0.18284,GHS paro,4.25,22.34,55.56,0.1903,17.3,90.1,48.5,-2.87,0,0
3048.2,24.94,132.7,-1.16854,Sedimentary/Alluvium,0.63,1.17,1.97,0.5349,5.1,53.3,20.4,-3.04,0,0
3652.8,14.68,26.1,-0.57531,MCT zone,12.36,184.31,460.9,0.067,-4.3,85.5,89.2,-8.76,1,1
778.1,24.13,299.6,-0.09059,Lingtse,8.54,32.21,62.05,0.2651,18.9,79.4,58.2,-2.49,0,0
3351.9,40.35,139.8,1.00227,GHS paro,11.78,60.28,145.87,0.1955,6.5,81.6,68.1,-8.49,1,1
1794.3,22.18,179.0,-0.18514,GHS paro,31.08,165.22,505.86,0.1881,3.9,89.6,80.1,-19.7,1,1
1349.3,13.47,79.5,-0.50172,Lingtse,0.42,0.42,1.82,0.9802,18.0,58.6,39.3,-1.31,0,0
1205.7,33.26,220.4,-0.46353,LHS Daling,0.01,0.39,2.34,0.0356,21.2,62.0,30.9,-1.85,0,0
3476.6,12.72,289.0,-0.67718,LHS Daling,0.03,0.94,3.14,0.0299,-0.6,63.9,30.0,-1.95,0,0
3260.7,18.21,114.8,0.48017,GHS paro,4.16,28.34,58.18,0.1468,3.3,82.5,57.6,-3.29,0,0
677.3,40.47,148.8,-0.46498,LHS Daling,0.26,2.68,4.63,0.0957,22.4,42.6,19.2,-1.91,0,0
2757.9,15.28,331.5,0.34137,MCT zone,28.14,131.69,451.52,0.2137,5.4,86.0,86.1,-12.93,1,1
3552.3,6.92,103.4,-0.78654,GHS paro,13.11,51.06,110.5,0.2567,6.4,71.5,58.3,0.01,0,0
2491.8,9.53,16.9,0.22312,GHS paro,8.08,25.25,66.6,0.3199,1.9,83.3,47.1,-9.88,1,0
1889.0,22.91,136.7,-0.56549,MCT zone,3.09,35.48,92.05,0.0871,10.9,91.4,55.8,-11.59,1,1
1854.3,35.55,271.4,-2.15078,GHS paro,1.22,16.68,99.57,0.0732,15.1,82.5,47.3,-2.33,0,0
2146.3,23.45,223.7,-1.47618,GHS paro,6.59,86.28,156.88,0.0764,13.0,88.5,59.2,-2.71,0,0
1091.1,18.27,355.6,0.12296,LHS Daling,0.47,0.65,1.23,0.7206,13.2,50.5,39.6,-0.11,0,0
566.8,5.83,250.2,-0.17893,LHS Daling,16.39,103.23,254.05,0.1588,19.1,93.8,97.6,-1.32,0,0
4600.4,28.89,267.9,3.68008,GHS paro,2.09,37.31,112.19,0.0559,-0.7,74.9,74.4,-4.48,0,0
3359.8,10.03,302.0,0.22556,GHS paro,8.74,44.79,120.58,0.1951,-3.4,89.3,64.4,-0.68,0,0
960.7,44.58,156.5,-0.68398,LHS Daling,2.65,37.73,72.23,0.0703,21.1,72.4,68.6,0.05,0,1
2493.1,6.48,254.0,-0.06918,GHS paro,18.24,214.82,463.6,0.0849,2.4,88.7,85.0,-6.07,0,1
2011.1,18.08,59.9,0.00414,GHS paro,0.5,4.66,4.66,0.1075,8.5,58.1,21.5,0.02,0,0
1566.5,23.82,195.4,-0.49104,MCT zone,12.3,158.35,371.2,0.0777,10.5,92.3,74.1,-2.59,0,1
3641.8,19.06,250.3,0.93531,GHS paro,1.24,3.27,3.27,0.3811,7.0,56.8,33.1,-1.31,0,0
1515.5,12.56,329.2,0.18988,GHS paro,33.01,272.64,606.5,0.1211,9.0,97.2,79.4,-23.84,1,1
4590.8,40.4,222.4,1.50857,GHS paro,1.46,2.38,7.9,0.6145,-4.7,62.0,26.9,-2.36,0,0
3669.7,15.33,348.5,-0.94517,GHS paro,30.22,119.57,285.13,0.2527,-5.9,88.8,82.6,-14.89,1,1
605.0,7.6,87.0,-2.1996,LHS,32.88,246.96,625.97,0.1331,17.0,94.6,74.1,-7.44,0,0
1987.1,5.15,166.3,-0.06923,LHS Daling,6.93,25.6,103.52,0.2707,13.3,84.1,60.3,-3.26,0,0
3914.2,37.48,179.5,0.24708,GHS paro,1.52,5.88,33.73,0.2588,-5.4,69.6,19.0,-1.19,0,0
479.0,17.41,162.8,0.37631,Sedimentary/Alluvium,15.75,105.66,482.97,0.149,17.8,98.3,91.2,-20.07,1,1
3604.1,18.86,38.4,-0.15527,LHS Daling,13.06,42.91,80.08,0.3044,-1.0,87.5,58.4,-15.07,1,0
1207.7,14.78,49.3,-0.06998,MCT zone,0.3,11.15,19.68,0.0268,19.3,64.4,28.4,-2.05,0,0
1658.6,7.92,286.8,0.04907,LHS Daling,0.04,5.69,5.69,0.0063,19.3,62.0,38.7,-2.41,0,0
4615.7,25.29,183.1,2.07837,GHS paro,33.33,213.75,518.97,0.1559,-4.6,91.2,72.6,-17.76,1,1
361.4,15.93,98.5,0.29474,GHS paro,10.2,41.47,86.27,0.246,14.2,72.4,50.2,-4.88,0,0
1299.3,38.24,163.8,-1.46413,MCT zone,7.0,22.27,67.31,0.3143,16.9,82.8,66.5,-2.3,0,1
1768.1,45.85,169.1,0.6931,MCT zone,0.01,6.05,50.68,0.0011,18.3,64.7,22.2,-0.85,0,0
3552.3,6.92,103.4,-0.78654,GHS paro,0.17,1.56,22.73,0.1115,-1.1,51.1,22.6,-3.14,0,0
2212.0,49.43,128.8,-1.57226,GHS paro,5.82,57.51,120.99,0.1011,8.4,72.8,57.1,-10.03,1,0
4649.2,29.02,229.8,1.51626,GHS paro,5.92,21.66,52.42,0.2735,-6.4,90.6,53.5,-12.53,1,0
564.6,10.42,66.8,-0.40389,LHS Daling,0.84,39.88,121.2,0.0211,14.9,78.4,65.9,-15.9,1,0
1508.2,12.26,45.1,-0.10094,LHS Daling,2.11,2.11,2.46,1.0,12.8,53.3,44.8,-0.45,0,0
2260.4,32.41,154.6,-1.15349,MCT zone,1.59,45.35,139.62,0.0351,14.4,89.1,55.4,-0.93,0,0
4147.0,39.84,141.1,0.65134,GHS paro,10.2,270.16,668.23,0.0377,-3.7,98.2,96.1,-21.99,1,1
1249.9,6.53,79.4,0.0963,MCT zone,0.79,6.83,14.46,0.1162,20.5,49.5,23.4,-2.61,0,0
1031.1,14.57,255.0,0.27855,MCT zone,0.04,3.39,3.39,0.0113,15.9,45.3,36.5,-2.89,0,0
1376.7,45.55,189.5,-0.78,LHS Daling,9.67,49.13,110.64,0.1968,11.1,75.4,70.2,-2.36,0,1
1825.5,34.36,102.6,-4.57197,LHS Daling,38.66,169.05,492.47,0.2287,4.2,92.6,91.2,-11.74,1,1
1958.3,31.96,98.1,0.41549,LHS Daling,4.33,40.19,111.11,0.1077,15.4,87.6,45.7,-11.78,1,0
501.8,11.02,314.6,0.2146,LHS Daling,5.53,33.48,110.17,0.1652,15.7,77.6,63.7,-10.17,1,0
969.9,42.54,180.8,-0.39642,Lingtse,4.66,20.81,58.76,0.2241,11.7,84.2,72.8,-14.37,1,0
2723.7,18.69,231.8,0.38555,Lingtse,28.21,219.2,563.07,0.1287,0.3,99.0,79.4,-13.89,1,1
3041.2,9.47,54.4,0.4659,LHS Daling,37.11,214.37,554.9,0.1731,2.8,96.0,85.7,-7.24,0,1
986.3,15.73,341.0,0.00623,Sedimentary/Alluvium,24.95,222.84,464.6,0.1119,17.4,96.2,93.8,-11.12,0,1
1443.9,25.51,265.1,-0.34906,LHS Daling,3.03,23.39,87.59,0.1297,12.1,80.7,45.7,-1.61,0,0
3645.7,19.75,195.0,0.38268,GHS paro,0.49,2.53,29.28,0.1927,4.4,54.9,39.0,-1.99,0,0
2882.5,6.49,27.7,0.18399,LHS Daling,2.59,18.53,61.21,0.1397,6.3,81.5,50.4,-4.36,0,0
1644.7,24.66,106.0,-0.43693,Sedimentary/Alluvium,2.29,38.3,98.54,0.0598,17.4,79.9,71.6,-2.28,0,0
522.7,20.32,138.2,0.83535,Sedimentary/Alluvium,0.12,14.72,14.72,0.008,16.4,46.6,27.7,-2.0,0,0
1285.3,9.12,347.4,-0.5132,GHS paro,1.5,12.4,12.4,0.1208,15.5,70.4,30.5,-1.24,0,0
3651.1,24.01,304.0,-0.24229,LHS Daling,10.93,149.21,341.24,0.0733,-4.2,87.5,80.8,-11.43,1,1
1049.5,52.65,149.3,2.29678,LHS Daling,3.83,44.33,87.34,0.0863,12.7,83.9,51.5,-0.89,0,1
738.8,18.97,38.2,-2.5722,LHS Daling,2.2,30.73,62.78,0.0717,13.9,82.4,71.4,-1.52,0,0
3005.2,7.71,46.8,0.14695,MCT zone,55.86,219.86,478.66,0.2541,3.4,87.3,88.4,-17.85,1,1
1391.5,10.19,348.8,-0.33075,LHS Daling,6.53,39.12,91.33,0.167,13.7,71.6,49.3,-3.74,0,0
566.8,5.83,250.2,-0.17893,LHS Daling,21.07,99.51,304.46,0.2117,19.1,92.1,72.4,-17.95,1,1
4499.6,40.3,286.2,0.7962,GHS paro,1.41,36.17,102.68,0.0389,-10.2,90.8,64.1,-2.62,0,0
688.5,13.66,190.4,0.60053,MCT zone,0.6,4.96,8.47,0.1211,20.1,74.2,25.7,-1.98,0,0
305.5,8.92,124.9,-0.6282,LHS Daling,0.99,6.58,6.58,0.1508,18.4,71.4,26.2,-1.73,0,0
1011.3,20.91,250.1,0.37373,GHS paro,1.03,64.46,143.73,0.016,20.5,81.6,63.8,-7.56,1,0
1605.3,38.34,157.8,-1.55999,GHS paro,18.28,105.54,320.25,0.1732,13.8,92.8,93.0,-8.61,1,1
1285.5,41.75,174.6,-0.06698,LHS,0.74,0.74,0.74,1.0,23.7,44.0,36.9,-0.09,0,0
2093.3,6.62,295.7,-0.45854,LHS Daling,1.06,4.46,4.46,0.2367,5.9,64.6,18.3,-1.63,0,0
3079.7,10.26,214.9,-0.13483,GHS paro,0.06,3.34,9.29,0.0181,0.4,51.5,36.3,-1.57,0,0
4499.6,40.3,286.2,0.7962,GHS paro,4.09,31.27,94.37,0.1306,-1.9,78.2,65.7,-1.33,0,0
2337.7,10.12,64.3,-0.08143,MCT zone,9.64,105.33,425.24,0.0915,3.4,92.7,83.2,-26.69,1,0
2647.6,6.37,182.7,0.59062,GHS paro,8.93,72.07,146.89,0.1239,7.8,88.3,61.5,-12.45,1,0
2048.9,29.48,161.3,0.3555,LHS Daling,2.79,58.41,124.24,0.0478,9.4,71.6,65.3,-1.95,0,0
3914.2,37.48,179.5,0.24708,GHS paro,55.63,241.78,566.59,0.2301,-3.7,85.6,91.1,-2.54,0,1
2604.9,7.48,194.2,-0.53885,LHS Daling,0.2,4.35,4.35,0.0453,5.8,73.2,38.5,-1.56,1,0
4402.3,24.15,263.9,1.92363,GHS paro,1.68,25.35,64.89,0.0661,-6.5,81.9,66.8,-1.01,0,0
327.4,10.85,287.1,-0.30072,MCT zone,4.11,54.08,111.62,0.0761,19.4,81.9,53.6,-5.65,0,0
2709.4,18.25,87.5,-0.48958,LHS Daling,0.4,12.3,12.3,0.0326,1.8,73.7,31.5,-2.8,0,0
3716.0,17.73,8.9,-0.32127,LHS Daling,3.24,34.01,108.07,0.0953,-1.7,86.1,57.4,0.85,0,0
3882.1,36.94,215.7,-0.08298,GHS paro,23.88,158.71,372.44,0.1505,-7.3,86.7,87.3,-21.44,1,1
884.0,15.56,308.1,-0.30799,LHS Daling,49.05,183.68,368.35,0.267,17.0,95.8,75.7,-15.5,1,1
2519.4,23.74,259.2,-0.09766,Sedimentary/Alluvium,38.95,186.78,434.69,0.2085,6.3,97.1,74.1,-2.67,0,0
1261.5,21.79,309.6,0.51241,Sedimentary/Alluvium,5.18,37.12,126.86,0.1395,20.3,77.4,72.4,-7.83,1,0
1041.9,31.76,168.8,-0.47383,LHS,16.71,132.68,341.24,0.1259,13.9,97.9,85.6,-18.87,1,0
986.3,15.73,341.0,0.00623,Sedimentary/Alluvium,9.92,162.7,563.14,0.061,11.4,97.7,88.6,-19.68,1,1
416.2,11.14,61.5,0.08978,Sedimentary/Alluvium,0.63,1.9,11.3,0.3343,20.3,73.0,21.1,-0.72,0,0
1227.5,36.07,99.4,1.78562,LHS Daling,4.51,22.15,97.65,0.2037,10.0,91.9,57.3,-2.3,0,0
1645.0,28.7,48.4,-0.4122,Lingtse,2.48,36.92,89.74,0.0671,8.9,73.0,53.4,-10.83,1,1
741.9,23.19,57.8,0.85691,GHS paro,0.45,1.31,1.31,0.3432,20.4,48.9,24.5,0.13,0,0
2689.2,23.64,60.1,-0.51873,LHS Daling,28.59,173.83,497.85,0.1645,6.1,87.1,81.4,-4.94,0,1
660.7,39.26,115.7,-1.5672,LHS,0.19,3.12,42.22,0.0616,25.6,44.2,32.5,-0.99,0,0
1104.2,34.7,192.2,0.35774,LHS Daling,0.54,12.13,12.13,0.0444,22.3,45.8,30.1,-2.35,0,0
3304.2,15.92,291.6,-0.69589,Lingtse,0.08,1.88,1.88,0.0451,-0.9,43.7,22.2,-2.17,0,0
1163.9,13.91,80.6,-0.47835,MCT zone,16.19,175.52,456.06,0.0922,16.2,91.3,94.8,-20.06,1,1
2584.9,32.75,149.0,-0.03509,GHS paro,3.97,40.75,97.91,0.0974,5.7,89.8,45.6,-14.68,1,0
1464.1,35.14,199.6,-0.4741,LHS Daling,25.19,194.99,571.59,0.1292,14.1,91.5,83.6,-17.45,1,1
2051.4,10.9,237.0,-0.00135,GHS paro,8.87,44.28,146.28,0.2002,4.0,86.6,68.7,-1.95,0,0
3604.1,18.86,38.4,-0.15527,LHS Daling,15.56,237.37,535.8,0.0656,-4.3,93.9,96.8,-16.64,1,1
1482.4,52.64,196.0,-2.07792,MCT zone,2.58,40.14,107.43,0.0643,18.7,82.3,57.0,-0.53,0,0
1046.2,48.46,75.2,-4.24367,LHS Daling,32.46,171.94,406.91,0.1888,12.8,91.8,94.4,-16.21,1,1
483.2,8.95,244.9,0.59101,GHS paro,0.13,1.8,3.13,0.0721,27.4,59.4,44.5,-1.66,0,0
778.1,24.13,299.6,-0.09059,Lingtse,30.73,187.84,431.15,0.1636,13.8,98.6,78.5,-9.95,1,1
1268.9,13.97,327.0,0.55028,GHS paro,15.52,45.87,96.79,0.3384,9.0,72.2,55.4,-10.16,1,0
1032.1,20.71,179.6,-0.16146,Sedimentary/Alluvium,0.65,0.65,4.41,1.0,23.0,55.6,15.2,0.55,0,0
2231.8,38.92,86.0,1.41511,GHS paro,0.03,1.51,6.87,0.018,5.0,58.0,16.0,-2.18,0,0
2360.6,13.81,88.7,0.37982,Lingtse,29.18,171.96,408.74,0.1697,3.1,88.5,94.6,-10.21,1,1
1904.8,15.88,287.9,-0.12365,LHS Daling,0.53,8.91,8.91,0.059,19.6,69.0,22.7,-0.95,0,0
3245.1,17.57,85.4,0.16967,GHS paro,13.22,53.35,137.3,0.2479,-2.5,84.0,58.9,-4.41,0,0
2071.9,8.92,260.0,0.18141,LHS Daling,0.94,1.22,5.06,0.7677,7.4,47.8,39.2,-1.69,0,0
2377.5,14.4,72.1,0.13032,GHS paro,0.04,7.92,15.01,0.0052,3.9,42.5,21.4,-0.3,0,0
2075.9,24.07,354.5,0.55371,LHS Daling,0.14,6.29,14.17,0.0217,12.8,61.5,33.4,-1.18,0,0
1368.6,17.85,294.1,-0.49031,LHS Daling,5.97,33.24,87.42,0.1797,12.3,76.2,69.0,-5.31,0,0
1396.2,51.35,200.8,-1.60423,LHS Daling,10.23,27.76,73.56,0.3684,17.4,79.3,65.3,-6.09,0,1
1949.5,8.28,36.6,0.20913,LHS Daling,0.77,9.08,9.08,0.0849,7.9,41.2,16.0,-1.73,0,0
3558.3,28.65,168.7,0.55387,GHS paro,0.18,1.3,9.45,0.1385,7.6,62.7,30.5,-1.66,0,0
3113.9,20.99,233.9,0.23455,GHS paro,48.52,274.58,660.62,0.1767,-2.9,98.9,72.5,-17.0,1,1
3264.4,12.87,89.9,0.47863,Lingtse,17.73,149.58,483.25,0.1185,-0.7,89.5,85.9,-11.39,1,1
4530.4,34.8,115.1,1.6033,GHS paro,0.68,8.73,8.73,0.0785,3.0,61.1,24.3,-0.96,0,0
4494.5,47.13,271.0,2.47823,GHS paro,10.36,47.32,86.46,0.219,-10.0,79.3,59.4,-2.53,0,0
1208.4,16.17,248.2,1.03583,LHS Daling,3.25,18.89,47.52,0.1721,13.3,79.2,54.8,-0.95,0,0
3508.2,6.97,7.1,0.22759,GHS paro,2.46,23.22,66.5,0.106,2.4,76.6,46.1,-7.62,1,0
1333.6,8.41,294.5,0.23284,Lingtse,25.77,89.44,173.29,0.2882,12.8,72.4,62.1,-3.53,0,0
3642.9,24.55,126.3,0.22249,GHS paro,1.19,8.83,8.83,0.135,2.4,58.6,44.4,-1.79,0,0
1285.3,9.12,347.4,-0.5132,GHS paro,0.14,1.28,1.28,0.1124,20.5,71.8,33.0,-1.45,0,0
3674.3,12.87,198.3,-0.14913,GHS paro,0.22,0.84,8.03,0.255,-0.4,72.0,15.6,-1.9,0,0
1131.0,9.8,123.1,0.65337,Lingtse,9.59,60.53,151.48,0.1584,15.3,72.0,73.7,-3.29,0,0
1382.8,16.25,143.3,-0.44144,Lingtse,0.18,7.53,7.53,0.0244,14.6,64.9,30.7,-2.18,0,0
1837.8,46.39,216.9,-2.92516,LHS Daling,33.11,324.01,705.14,0.1022,10.9,96.0,92.5,-14.19,1,1
543.7,25.37,322.8,0.04801,MCT zone,12.68,77.62,146.5,0.1634,19.1,85.7,72.6,-3.93,0,0
768.4,6.71,126.0,-0.70431,Sedimentary/Alluvium,3.44,29.78,83.6,0.1155,20.9,87.7,63.1,-1.68,0,0
1312.4,23.42,153.1,0.05342,MCT zone,0.12,5.16,27.52,0.0238,20.8,62.3,28.1,0.48,0,0
529.9,13.24,143.1,-0.40633,GHS paro,0.38,8.29,15.88,0.0461,23.6,62.1,40.0,-1.37,0,0
1309.4,24.18,189.2,-0.86116,Lingtse,2.35,21.19,76.93,0.1111,13.4,81.7,54.3,-3.1,0,0
735.0,44.61,166.3,-2.28239,LHS,0.45,4.01,4.01,0.113,19.0,44.5,33.0,-1.44,0,0
778.1,24.13,299.6,-0.09059,Lingtse,1.68,1.68,1.68,1.0,19.2,58.7,33.6,-0.32,0,0
1837.0,5.95,305.7,-0.38923,GHS paro,0.83,18.43,59.38,0.0452,16.6,82.9,70.7,-13.62,1,0
1821.1,7.27,283.9,0.14598,LHS Daling,0.15,1.37,21.91,0.1081,7.3,55.4,44.6,-5.07,1,0
2260.4,32.41,154.6,-1.15349,MCT zone,1.22,22.18,58.24,0.0549,5.1,89.9,70.4,-4.25,0,0
1533.3,20.37,218.1,-0.12814,MCT zone,2.0,26.1,70.31,0.0767,10.5,84.3,57.9,-4.99,0,0
1002.8,36.56,206.9,-0.306,LHS Daling,14.62,69.74,139.05,0.2096,16.2,85.9,66.4,-3.24,0,1
2946.7,7.94,322.0,0.07682,GHS paro,0.47,8.73,8.73,0.0539,9.6,74.2,35.2,-1.64,0,0
1562.4,47.91,131.9,1.22189,GHS paro,0.08,10.3,16.24,0.0075,13.2,67.1,35.5,-2.85,0,0
3031.3,7.86,155.6,-0.29384,GHS paro,3.38,20.9,63.51,0.1619,9.8,82.9,59.6,-3.52,0,0
4649.9,37.91,192.7,0.59396,GHS paro,0.09,1.39,1.39,0.0664,1.0,40.8,34.8,-0.98,0,0
2902.6,21.88,82.5,0.64548,Lingtse,0.02,9.67,9.67,0.0025,12.0,47.2,18.8,-3.53,0,0
3852.1,38.6,268.6,0.98155,GHS paro,4.21,34.72,74.96,0.1212,-2.2,74.1,68.1,-3.07,0,0
1265.2,16.53,120.3,-0.24536,LHS Daling,20.48,124.81,290.14,0.1641,10.5,93.2,86.5,-6.37,0,1
800.2,27.94,223.6,0.2088,LHS Daling,1.14,4.24,4.24,0.2676,25.2,53.9,39.6,0.26,0,0
730.5,7.13,55.9,0.25351,Sedimentary/Alluvium,0.37,0.68,3.41,0.5457,20.4,56.9,27.6,-2.39,0,0
2567.4,20.8,342.0,0.11303,LHS Daling,0.7,2.35,2.85,0.2976,9.5,52.2,42.4,-0.82,0,0
1138.3,7.43,135.7,-0.03229,GHS paro,12.39,41.66,145.49,0.2975,20.1,74.3,69.2,-1.28,0,0
1663.2,15.53,98.0,0.9972,MCT zone,0.7,1.46,8.07,0.4761,18.3,64.8,40.6,-1.48,0,0
2973.8,27.73,281.9,0.40624,GHS paro,25.76,233.73,544.81,0.1102,5.8,95.2,78.9,-15.51,1,1
763.5,29.16,179.3,0.59197,LHS Daling,2.91,29.24,97.71,0.0994,21.7,83.8,55.2,-3.05,0,0
817.0,26.22,210.7,0.6588,LHS Daling,0.33,0.33,24.38,1.0,26.6,60.0,20.3,-2.08,0,0
2396.4,23.63,326.3,0.44327,LHS Daling,0.52,17.93,50.61,0.0291,8.9,91.5,50.0,-4.98,0,0
1896.8,19.51,329.3,-0.24055,GHS paro,1.88,11.73,28.28,0.1603,5.7,89.8,70.0,-10.14,1,0
1414.0,32.33,185.2,-3.02881,GHS paro,1.45,6.34,6.34,0.2285,14.1,48.7,39.0,-2.9,0,0
438.1,11.78,107.0,0.1946,GHS paro,1.12,2.5,8.42,0.4489,25.9,50.5,20.6,-0.49,0,0
1492.1,24.75,74.8,0.66903,LHS Daling,1.09,5.59,5.59,0.195,22.9,54.7,42.2,-0.32,0,0
2260.4,32.41,154.6,-1.15349,MCT zone,2.48,2.66,4.13,0.9339,8.7,62.7,19.7,-1.93,0,0
1031.1,14.57,255.0,0.27855,MCT zone,0.04,0.83,1.12,0.044,16.1,43.1,21.4,-0.71,0,0
1544.1,31.43,195.8,1.23486,LHS Daling,18.88,155.16,497.76,0.1217,9.3,94.7,78.9,-5.49,0,1
3734.1,10.65,229.1,0.13539,MCT zone,0.19,0.35,18.46,0.5218,9.2,66.2,39.4,0.51,0,0
1247.0,36.88,112.2,2.02201,LHS Daling,53.56,299.97,703.59,0.1786,10.7,97.7,73.1,-22.29,1,1
334.7,25.93,124.5,0.30643,Sedimentary/Alluvium,26.93,265.06,604.79,0.1016,21.1,98.9,92.1,-14.52,1,1
1331.7,61.2,147.5,-0.97438,LHS,4.17,50.67,130.74,0.0823,8.5,85.7,59.6,-6.55,1,1
3558.3,28.65,168.7,0.55387,GHS paro,12.69,142.11,365.27,0.0893,-7.2,91.5,84.9,-20.16,1,1
3036.4,14.55,244.1,0.40963,LHS Daling,0.55,9.14,10.03,0.0601,12.7,68.1,17.8,0.08,0,0
2213.3,19.37,55.6,-0.22012,GHS paro,21.94,145.63,322.1,0.1506,8.7,87.8,86.2,-24.52,1,1
1041.9,31.76,168.8,-0.47383,LHS,0.26,1.92,3.01,0.1338,19.9,72.0,18.8,-3.09,0,0
571.8,10.92,83.9,0.47428,Sedimentary/Alluvium,17.6,163.91,499.88,0.1074,14.9,85.2,77.9,-17.3,1,1
2478.2,10.09,37.6,-0.14127,MCT zone,2.85,13.85,45.56,0.2056,12.8,85.4,60.0,-9.09,1,0
367.6,14.84,337.4,0.7089,MCT zone,0.58,8.87,8.87,0.0658,19.6,53.0,21.1,-0.95,0,0
1778.9,5.72,121.2,0.21744,Sedimentary/Alluvium,1.46,1.73,5.03,0.8423,14.4,44.0,37.3,-0.13,0,0
1349.7,25.72,58.9,0.17202,Lingtse,35.46,204.17,519.94,0.1737,11.3,97.8,90.1,-6.14,0,1
1196.3,44.52,182.3,-0.23283,LHS Daling,0.04,1.29,12.07,0.0348,15.8,48.0,19.5,0.12,0,0
341.0,18.48,279.2,-0.2694,LHS Daling,0.63,0.94,14.23,0.6721,17.6,50.3,28.6,-2.22,0,0
1999.2,52.24,202.6,-7.00738,MCT zone,0.42,0.42,1.29,1.0,10.9,53.8,22.7,-3.08,0,0
1497.7,49.54,200.5,-0.696,GHS paro,25.7,180.26,433.95,0.1426,14.0,85.6,77.2,-6.36,1,1
858.9,41.34,148.2,-2.0832,LHS Daling,0.08,3.61,15.17,0.0221,24.7,55.4,28.8,-1.87,0,0
1991.5,34.08,125.7,-0.29519,GHS paro,1.92,4.93,4.93,0.3892,19.2,66.4,32.4,-3.05,0,0
2339.8,11.95,269.1,0.36653,GHS paro,1.19,4.55,19.31,0.2626,17.8,59.5,38.5,-0.49,0,0
2324.0,6.59,47.2,-0.25839,Sedimentary/Alluvium,0.26,5.6,15.69,0.0473,5.1,59.3,38.8,-0.47,0,0
1123.8,30.95,52.5,-0.31248,LHS Daling,24.39,338.15,690.99,0.0721,7.7,94.4,81.1,-5.45,0,1
2396.4,23.63,326.3,0.44327,LHS Daling,2.8,18.19,67.35,0.1537,10.3,84.7,58.1,-2.58,0,0
2011.1,18.08,59.9,0.00414,GHS paro,0.01,6.9,6.9,0.0012,18.8,62.2,23.4,-1.54,0,0
2108.6,46.97,105.9,0.50513,GHS paro,18.69,167.14,409.88,0.1118,8.5,90.0,91.2,-19.9,1,1
1726.5,7.05,160.6,-1.03642,LHS Daling,9.29,29.25,149.57,0.3177,14.5,91.4,68.4,-1.31,0,0
684.8,42.78,144.1,-0.95472,LHS Daling,0.1,7.81,7.81,0.0129,18.2,70.3,20.9,-1.85,0,0
4516.8,34.37,230.8,0.41175,GHS paro,6.86,26.71,82.76,0.2568,-0.8,81.1,51.5,-16.5,1,0
3128.8,12.81,338.1,-0.12907,GHS paro,5.99,62.99,121.05,0.0952,4.9,87.2,74.1,-9.58,1,0
1292.8,48.65,166.6,-1.87166,LHS Daling,6.83,53.09,129.65,0.1287,17.5,74.5,45.5,-3.28,0,0
2814.2,15.47,293.3,-0.00915,GHS paro,15.75,114.4,319.67,0.1376,6.0,85.1,84.3,-5.78,0,0
1953.7,11.68,90.6,0.23896,LHS Daling,26.75,168.57,437.33,0.1587,3.9,89.0,90.7,-11.07,1,0
425.2,28.56,166.6,-2.9424,LHS Daling,0.16,2.36,2.36,0.0684,25.7,68.6,26.3,-0.86,0,0
1348.5,14.01,144.7,0.866,GHS paro,27.03,150.83,468.67,0.1792,12.6,95.4,82.4,-27.61,1,1
3596.0,10.42,53.5,0.05009,LHS Daling,8.06,29.54,65.07,0.2727,3.3,75.2,53.7,-4.1,0,0
1120.4,39.65,253.8,-1.07671,LHS Daling,0.2,1.03,7.49,0.1903,24.9,45.4,18.1,-1.45,0,0
814.4,7.71,11.7,-0.31968,Sedimentary/Alluvium,0.59,0.76,8.99,0.7757,21.0,44.4,20.7,-1.27,0,0
2324.0,6.59,47.2,-0.25839,Sedimentary/Alluvium,0.02,6.85,6.85,0.0022,11.3,73.1,16.9,-1.11,0,0
1327.7,51.54,189.1,0.84241,LHS Daling,1.05,1.05,5.62,1.0,20.4,48.1,22.5,-1.62,0,0
2672.3,22.09,267.7,0.74164,LHS Daling,3.72,119.57,240.67,0.0311,3.8,70.2,53.3,-3.53,0,0
2668.9,7.12,13.3,0.5207,LHS Daling,3.77,48.65,123.78,0.0774,3.4,82.1,65.3,-0.82,0,0
367.6,14.84,337.4,0.7089,MCT zone,10.32,36.54,87.98,0.2825,18.0,73.5,65.1,-3.75,0,0
2647.6,6.37,182.7,0.59062,GHS paro,0.48,0.68,4.54,0.706,11.1,74.4,28.3,-1.38,0,0
4511.9,25.93,229.5,0.87586,GHS paro,33.06,242.62,542.05,0.1362,-4.5,88.3,89.0,-3.23,0,1
2285.7,37.34,138.3,3.16493,LHS Daling,4.62,56.66,153.47,0.0815,10.7,79.2,48.9,-3.42,0,0
2424.8,24.06,12.1,0.44221,LHS Daling,3.13,54.15,103.62,0.0578,2.4,77.3,74.7,-0.76,0,0
2196.0,12.1,199.5,-0.11611,MCT zone,1.01,1.87,24.42,0.5411,9.9,48.6,18.2,-1.6,0,0
1343.2,18.22,296.9,0.8246,LHS Daling,0.09,0.69,1.23,0.1251,13.8,42.6,40.9,-1.04,0,0
2293.4,15.75,204.3,0.47495,MCT zone,3.29,20.47,77.95,0.1606,2.8,89.3,58.2,-4.34,0,0
1062.6,25.3,123.1,-0.36827,Sedimentary/Alluvium,42.01,176.2,408.64,0.2384,12.6,93.4,92.9,-21.85,1,1
3682.5,5.78,239.4,-0.00365,GHS paro,0.86,0.86,0.86,1.0,4.5,63.9,24.7,-0.27,0,0
3733.5,20.5,178.4,0.00122,LHS Daling,17.22,115.97,335.59,0.1485,-0.8,91.7,87.4,-4.17,0,0
2829.5,17.08,12.2,-0.08373,MCT zone,3.04,19.74,106.47,0.1542,6.6,87.6,57.4,-0.67,0,0
1395.2,25.56,131.9,0.47969,LHS Daling,0.21,7.65,7.65,0.0268,14.1,50.7,24.5,-0.56,0,0
299.2,38.62,188.6,-1.9356,LHS Daling,30.32,171.83,378.8,0.1765,21.1,87.9,89.5,-9.93,1,1
2525.8,8.19,222.0,-0.38133,GHS paro,7.49,38.4,126.48,0.195,7.4,74.3,57.6,-1.59,0,0
4590.8,40.4,222.4,1.50857,GHS paro,0.53,9.18,18.52,0.0575,1.7,41.0,24.6,-2.8,0,0
2194.9,19.74,42.4,0.03273,GHS paro,0.87,0.87,8.56,1.0,11.3,48.1,24.7,-2.46,0,0
1246.2,47.04,142.6,2.70236,LHS Daling,9.97,44.31,89.93,0.2251,13.5,80.7,73.3,-3.02,0,0
3552.3,6.92,103.4,-0.78654,GHS paro,18.0,131.54,294.1,0.1368,-5.2,90.9,92.2,-21.06,1,0
3087.6,44.99,215.2,2.39679,GHS paro,0.07,2.0,26.71,0.0347,10.7,64.8,17.4,-0.65,0,0
1249.9,6.53,79.4,0.0963,MCT zone,4.11,27.02,66.41,0.1521,12.5,87.3,70.3,-1.1,0,0
2301.2,15.37,285.8,0.08697,MCT zone,1.77,1.77,1.77,1.0,8.7,60.2,36.5,-3.14,0,0
479.0,17.41,162.8,0.37631,Sedimentary/Alluvium,0.06,4.36,11.82,0.0127,26.4,72.4,44.5,-6.22,1,0
677.3,40.47,148.8,-0.46498,LHS Daling,6.92,38.21,72.7,0.181,21.9,74.4,68.5,-2.01,0,0
2833.9,12.12,73.9,-0.49755,MCT zone,0.14,0.92,13.87,0.1538,4.2,47.8,34.1,-2.16,0,0
1652.9,7.44,212.5,-0.08991,LHS Daling,5.14,43.64,92.03,0.1178,14.2,75.3,49.2,-3.56,0,0
1777.1,6.77,163.2,0.1116,LHS Daling,7.79,37.63,89.94,0.207,16.8,72.0,65.9,-1.29,0,0
2675.3,22.16,30.7,0.04892,Sedimentary/Alluvium,0.46,0.46,32.83,1.0,6.9,72.5,36.7,0.48,0,0
3124.4,18.19,280.7,0.02714,Lingtse,28.81,156.38,407.74,0.1842,3.6,95.1,78.1,-15.82,1,1
3518.4,33.56,163.0,0.80206,MCT zone,17.95,109.29,309.19,0.1642,-3.0,88.0,73.4,-13.14,1,1
3458.6,20.25,13.2,-0.28736,MCT zone,0.44,3.03,4.83,0.1464,1.9,45.2,21.8,0.47,0,0
2035.1,38.14,191.8,-2.00134,Lingtse,1.63,1.63,2.23,1.0,9.8,53.8,33.0,-3.19,0,0
2642.4,39.8,153.2,-1.01489,GHS paro,0.06,2.03,3.77,0.0295,2.5,68.5,33.1,-1.06,0,0
2671.4,22.84,350.5,-0.35119,MCT zone,0.04,2.97,8.05,0.0133,3.9,44.1,37.4,-0.26,0,0
3542.3,18.49,333.1,0.68468,GHS paro,0.08,2.5,2.5,0.0301,-1.7,48.9,15.3,-1.13,0,0
4521.2,38.66,226.7,0.80585,GHS paro,14.8,134.41,440.5,0.1101,-4.6,88.2,78.8,-24.05,1,1
2987.7,48.13,194.7,-1.68575,GHS paro,5.21,35.79,74.0,0.1456,1.4,86.3,62.7,-4.08,0,0
2016.1,45.65,146.1,0.54102,GHS paro,5.45,61.19,111.31,0.089,7.2,84.1,69.8,-2.3,0,0
3674.1,16.69,157.0,0.24366,Sedimentary/Alluvium,25.69,192.59,479.23,0.1334,-4.0,96.0,87.6,3.66,1,1
2285.7,37.34,138.3,3.16493,LHS Daling,2.62,46.92,126.98,0.0558,13.3,81.2,65.6,-1.76,0,1
1264.0,35.72,211.0,-0.93239,LHS,10.41,48.86,92.27,0.213,13.4,70.0,48.3,-2.75,0,0
4545.7,45.45,245.1,-0.34469,GHS paro,2.7,31.08,96.87,0.0868,-0.5,74.0,55.0,-4.21,0,0
740.5,26.66,106.3,1.23245,LHS Daling,30.39,183.41,514.47,0.1657,13.5,86.2,78.1,-25.23,1,1
3392.1,22.99,355.6,-0.37331,LHS Daling,18.4,178.03,442.21,0.1033,-0.9,89.9,87.6,-3.51,0,0
2028.7,51.56,148.0,2.4236,MCT zone,4.64,57.34,142.95,0.0809,11.7,83.9,52.5,-1.76,0,1
2920.3,12.86,318.2,0.5159,LHS Daling,41.25,246.7,540.96,0.1672,-0.9,91.3,91.3,-4.72,0,1
1497.7,49.54,200.5,-0.696,GHS paro,0.84,2.83,13.75,0.2973,21.9,47.9,31.2,-0.64,0,0
1903.4,46.61,173.1,-3.31831,MCT zone,30.51,174.48,614.65,0.1748,9.2,94.8,80.5,-18.88,1,1
2023.1,5.86,33.0,-0.72079,MCT zone,32.94,116.15,380.72,0.2836,5.2,92.4,81.3,-21.28,1,1
2885.1,24.95,2.3,-0.14888,GHS paro,1.67,20.22,115.85,0.0828,-0.4,91.8,52.3,-12.56,1,0
2503.5,6.78,20.8,0.30134,GHS paro,0.32,1.82,21.92,0.1783,8.1,70.8,40.9,-3.73,0,0
1601.5,39.68,161.8,-0.53172,LHS Daling,0.84,0.84,1.8,1.0,9.9,40.8,38.2,-2.01,0,0
2396.0,42.12,182.1,-0.13427,GHS paro,0.93,2.31,6.54,0.4009,6.2,48.2,37.7,-1.08,0,0
2798.8,7.46,83.4,-0.26054,MCT zone,10.09,36.82,97.84,0.274,4.6,84.7,73.4,-5.82,0,0
839.5,21.71,207.5,-0.03956,LHS Daling,4.41,27.44,128.87,0.1607,21.9,83.8,71.0,-2.14,0,0
2052.1,15.57,216.0,0.74932,Sedimentary/Alluvium,27.67,126.24,423.48,0.2192,5.8,85.6,74.6,-7.96,0,0
1908.8,6.72,14.3,0.34111,LHS Daling,0.5,8.71,8.84,0.0578,17.2,45.1,23.1,-1.96,0,0
1395.2,25.56,131.9,0.47969,LHS Daling,12.74,61.6,145.52,0.2068,18.8,73.1,72.2,-1.7,0,0
886.8,25.67,107.9,-1.93139,LHS Daling,0.01,18.47,18.47,0.0004,25.0,72.1,38.0,-1.47,0,0
2472.3,20.25,103.9,0.02266,MCT zone,0.88,0.88,6.13,1.0,10.0,74.9,44.3,-3.8,0,0
1693.0,33.34,148.0,0.05024,LHS Daling,7.67,39.42,68.33,0.1947,6.3,89.8,57.1,-6.07,0,1
1930.3,44.79,106.3,-1.31599,LHS Daling,3.02,21.99,121.56,0.1374,9.9,83.3,53.5,-1.28,0,1
4563.0,39.53,42.8,0.56006,GHS paro,0.35,5.78,8.76,0.0598,3.7,55.5,19.0,-0.75,0,0
1453.7,33.61,231.7,0.34848,LHS Daling,2.52,25.3,91.48,0.0996,13.8,75.2,45.5,-1.32,0,0
692.8,55.94,142.8,-1.60128,LHS Daling,0.2,0.2,18.56,1.0,22.2,45.0,15.5,-1.86,0,0
350.1,19.34,43.4,-0.30137,LHS Daling,0.75,4.97,26.22,0.1513,22.0,66.5,21.0,-1.62,0,0
2402.3,23.3,54.0,0.16877,GHS paro,2.25,34.3,99.48,0.0655,8.8,91.9,66.9,-3.21,0,0
2798.8,7.46,83.4,-0.26054,MCT zone,21.39,108.45,288.27,0.1972,-2.3,99.0,79.2,-5.81,0,1
694.0,11.83,263.1,-0.1975,GHS paro,6.21,38.95,102.58,0.1595,20.0,87.5,50.8,-10.95,1,0
1866.9,6.86,163.9,0.45938,GHS paro,3.98,38.09,92.7,0.1044,5.9,88.8,61.3,-1.87,0,0
776.0,29.29,216.0,-0.65548,LHS Daling,36.64,255.78,567.32,0.1433,17.5,88.9,84.7,-19.64,1,1
1453.7,33.61,231.7,0.34848,LHS Daling,0.09,0.09,1.21,0.8714,9.5,65.7,17.1,-1.0,0,0
3392.1,22.99,355.6,-0.37331,LHS Daling,8.39,102.35,322.94,0.0819,-0.7,88.0,93.9,-19.15,1,1
3778.5,6.09,29.8,-0.42605,LHS Daling,29.52,152.04,411.92,0.1941,-2.0,90.6,72.9,-26.59,1,0
315.3,5.91,29.2,-0.61026,LHS Daling,1.96,21.74,77.77,0.09,16.5,70.1,46.4,-2.21,0,0
1285.3,9.12,347.4,-0.5132,GHS paro,0.29,7.54,7.54,0.0381,22.2,65.4,19.8,-1.56,0,0
3376.4,21.19,50.1,-0.07627,GHS paro,3.46,34.8,100.65,0.0995,-0.9,85.0,48.5,-7.65,1,0
2036.9,27.17,190.9,-3.27498,GHS paro,5.56,23.24,65.22,0.2391,9.6,83.7,73.6,-1.48,0,0
1453.7,33.61,231.7,0.34848,LHS Daling,0.62,2.01,17.46,0.3096,17.5,45.9,41.0,-1.48,0,0
3415.5,8.62,177.0,-0.03113,MCT zone,0.81,10.79,12.81,0.0753,7.1,65.4,40.3,-2.55,0,0
3781.9,10.3,28.3,0.17132,GHS paro,0.9,2.39,24.95,0.3773,-4.5,54.7,33.8,-2.26,0,0
1987.1,5.15,166.3,-0.06923,LHS Daling,0.18,0.69,10.73,0.2616,14.6,56.0,37.4,-2.66,0,0
668.8,19.61,125.2,0.48335,Sedimentary/Alluvium,6.47,40.25,73.62,0.1608,17.1,76.0,58.3,-0.95,0,0
3229.6,8.85,353.7,-0.66743,Sedimentary/Alluvium,1.12,3.16,61.3,0.3541,-0.6,59.8,44.3,-1.83,0,0
1347.9,14.62,332.8,-0.24225,LHS Daling,0.8,5.78,5.78,0.138,15.4,47.6,42.9,-1.47,0,0
1411.2,39.36,203.1,-0.46974,LHS Daling,7.49,77.57,139.14,0.0966,15.2,83.0,62.5,-1.59,0,0
1894.5,38.57,137.5,-0.23858,LHS Daling,0.41,0.41,15.66,1.0,20.5,45.9,30.8,-3.17,0,0
1334.6,44.0,144.2,-0.1296,LHS Daling,0.24,0.73,12.5,0.3292,21.0,68.0,35.8,-1.63,0,0
3372.5,42.14,227.5,0.17418,GHS paro,3.55,25.65,83.21,0.1385,7.5,79.9,48.6,-3.19,0,0
1683.0,13.78,353.2,0.6173,MCT zone,0.34,0.76,6.81,0.452,21.1,67.0,41.7,-2.99,0,0
2723.9,13.15,251.1,-0.26763,GHS paro,0.33,2.45,11.86,0.1328,12.4,40.7,21.3,-1.66,0,0
3041.2,9.47,54.4,0.4659,LHS Daling,0.06,1.94,5.48,0.0306,0.0,69.4,15.9,-2.07,0,0
2579.0,12.87,128.2,-0.26057,Sedimentary/Alluvium,0.03,0.79,8.47,0.0419,14.0,45.1,34.5,-2.31,0,0
3487.7,8.88,245.3,-0.44787,LHS Daling,0.51,0.51,1.92,1.0,3.3,64.2,43.3,-2.08,0,0
2444.0,23.91,75.6,-0.56104,LHS Daling,24.1,168.71,391.34,0.1429,4.7,91.0,82.5,-25.99,1,1
3649.6,29.28,332.0,0.89263,GHS paro,13.37,130.03,314.92,0.1029,-1.5,92.1,74.3,-18.9,1,1
361.4,15.93,98.5,0.29474,GHS paro,0.99,5.41,6.77,0.1825,19.3,57.9,41.8,-0.72,0,0
4132.9,14.55,101.1,1.17901,GHS paro,0.36,1.51,25.07,0.2408,3.6,66.0,43.0,-1.56,0,0
1814.6,24.96,306.2,-0.06807,LHS Daling,2.38,34.92,85.91,0.0682,10.8,81.2,59.8,-10.02,1,1
1868.8,56.15,145.2,1.91233,GHS paro,0.97,5.86,9.24,0.1651,9.4,42.2,16.6,-0.95,0,0
1299.3,38.24,163.8,-1.46413,MCT zone,5.24,21.33,104.38,0.2454,19.9,81.7,49.7,-4.03,0,0
2262.3,44.22,156.8,-1.88807,GHS paro,5.1,15.17,110.68,0.3362,5.4,83.3,50.9,-11.85,1,0
2975.8,14.94,195.1,0.15672,GHS paro,12.35,76.97,162.98,0.1604,8.2,76.2,64.4,-2.0,0,0
872.5,49.33,118.4,1.34065,LHS Daling,0.06,6.03,12.41,0.0108,18.6,49.2,29.0,-0.95,0,1
1163.9,13.91,80.6,-0.47835,MCT zone,0.41,2.1,30.72,0.1932,15.5,51.8,31.1,-1.85,0,0
4399.4,39.42,246.3,2.11399,GHS paro,3.38,39.03,93.7,0.0866,-0.2,91.3,71.6,0.76,0,0
2377.5,14.4,72.1,0.13032,GHS paro,9.72,39.97,94.73,0.2431,6.5,92.0,47.3,-0.92,0,0
2350.4,44.04,141.4,-0.70306,GHS paro,0.22,0.76,5.96,0.2959,6.5,73.5,36.7,-2.27,0,0
2560.4,18.55,4.7,0.49107,GHS paro,0.47,1.81,4.45,0.26,12.6,56.2,26.5,-1.33,0,0
1032.1,20.71,179.6,-0.16146,Sedimentary/Alluvium,2.7,29.16,64.02,0.0927,13.4,84.2,55.5,-12.94,1,0
3660.5,11.88,194.9,0.45595,LHS Daling,20.45,142.78,402.99,0.1432,1.5,88.9,82.2,-23.89,1,1
4642.6,33.21,302.0,2.89059,GHS paro,16.76,263.83,599.46,0.0635,-12.1,96.1,90.5,-21.3,1,1
656.6,15.35,208.8,-0.24391,Lingtse,30.1,153.54,432.87,0.196,12.0,93.2,93.3,-6.23,0,0
1354.4,7.96,50.3,-0.12865,LHS Daling,0.12,0.56,24.25,0.2133,21.4,72.0,42.1,-0.7,0,0
2925.0,45.82,188.1,1.92397,GHS paro,34.53,162.9,426.11,0.212,5.5,85.4,97.5,-7.36,0,1
2301.2,15.37,285.8,0.08697,MCT zone,9.13,48.25,97.51,0.1893,9.8,76.9,54.4,-2.68,0,0
1549.6,16.99,21.7,-0.12893,LHS Daling,2.47,36.84,98.41,0.067,16.3,72.8,72.9,-2.6,0,0
684.8,42.78,144.1,-0.95472,LHS Daling,12.02,49.35,106.19,0.2436,14.5,70.5,73.8,-1.3,0,0
3674.1,6.65,337.3,-0.05764,Lingtse,3.09,40.84,83.72,0.0758,-5.5,91.2,74.1,0.05,0,0
2672.3,22.09,267.7,0.74164,LHS Daling,3.05,58.64,120.04,0.052,11.0,83.2,73.0,-2.24,0,0
1827.8,64.0,103.2,-2.59624,GHS paro,0.69,1.8,18.76,0.3834,15.6,50.6,19.8,0.15,0,0
1576.1,13.99,294.3,0.2155,GHS paro,2.83,11.71,11.71,0.2416,10.7,48.6,22.8,-1.03,0,0
1459.7,23.08,144.3,0.05023,LHS Daling,7.94,33.75,80.17,0.2353,14.5,90.0,67.0,-2.47,0,0
421.3,18.09,108.5,-0.79928,Lingtse,12.24,45.78,112.86,0.2675,20.0,91.8,52.3,-4.07,0,0
720.7,7.38,246.0,-0.9697,LHS Daling,43.27,209.6,631.09,0.2064,11.5,96.3,88.0,-18.59,1,1
359.3,19.11,116.5,-0.10845,LHS Daling,3.47,13.97,52.49,0.248,18.8,80.7,57.8,-4.53,0,0
555.2,22.36,150.4,0.20313,GHS paro,0.0,5.16,18.57,0.0007,21.9,57.1,41.3,-0.15,0,0
2503.5,6.78,20.8,0.30134,GHS paro,12.39,44.68,76.98,0.2772,5.0,76.2,53.4,-10.22,1,0
820.8,10.88,27.0,0.06817,LHS Daling,3.44,27.87,88.49,0.1234,15.3,85.2,58.6,-3.4,0,0
1615.1,46.21,144.4,-1.08702,MCT zone,13.01,50.65,118.48,0.2569,14.5,78.0,67.3,-2.31,0,0
768.4,6.71,126.0,-0.70431,Sedimentary/Alluvium,10.94,60.57,388.45,0.1807,11.1,92.3,77.2,-20.4,1,0
1645.8,8.39,304.7,-0.30171,MCT zone,16.25,125.34,415.09,0.1297,8.5,95.0,84.6,-15.15,1,1
4059.5,43.66,142.3,0.02393,GHS paro,0.28,0.28,17.45,1.0,7.2,73.1,37.3,-1.94,0,0
3034.0,50.5,120.9,-0.20618,GHS paro,1.86,1.86,31.54,1.0,7.4,57.6,17.5,-1.1,0,0
2664.0,30.42,91.7,-0.68749,GHS paro,23.27,127.84,433.18,0.1821,3.5,98.3,82.3,-14.28,1,1
1404.7,20.24,103.3,0.4355,MCT zone,0.21,25.78,36.56,0.0081,22.0,54.8,30.4,-1.89,0,0
1862.5,18.64,9.8,-0.32147,GHS paro,25.53,128.57,378.97,0.1986,10.3,98.8,94.3,-6.34,0,1
2377.5,14.4,72.1,0.13032,GHS paro,0.03,2.24,22.04,0.0149,4.8,56.2,32.5,-1.29,0,0
2168.9,23.63,203.3,-0.11798,GHS paro,1.32,22.75,60.89,0.0579,6.0,91.8,66.0,-6.76,0,0
2005.5,50.54,108.2,2.66679,GHS paro,1.87,73.66,169.24,0.0254,8.0,71.7,61.8,-5.09,0,0
1146.8,12.37,356.8,0.15988,Sedimentary/Alluvium,11.71,51.95,91.97,0.2254,15.0,70.9,46.6,-0.57,0,0
2723.7,18.69,231.8,0.38555,Lingtse,1.19,18.64,70.99,0.064,8.4,85.3,58.7,-3.04,0,0
4358.8,39.74,274.6,-0.02932,GHS paro,0.33,2.4,14.06,0.1366,-5.4,67.5,17.4,-1.42,0,0
799.1,15.34,143.0,-0.62236,LHS Daling,0.94,4.95,9.99,0.1897,18.3,59.2,16.0,-0.64,0,0
2963.6,16.63,178.3,0.07382,GHS paro,0.17,0.29,0.85,0.5815,5.7,40.5,25.4,-2.43,0,0
1322.8,16.48,91.7,-0.14498,LHS Daling,0.75,3.42,8.39,0.2204,15.7,41.0,38.8,-3.13,0,0
1446.3,43.19,143.6,-0.28008,LHS Daling,17.05,170.81,458.56,0.0998,9.1,98.0,75.4,-26.47,1,1
3013.7,19.72,63.6,0.68089,GHS paro,10.9,53.86,108.25,0.2024,9.2,78.9,50.0,-2.01,0,0
1644.7,24.66,106.0,-0.43693,Sedimentary/Alluvium,6.9,32.33,71.79,0.2136,15.2,81.6,66.4,-2.29,0,0
3568.3,29.36,174.5,0.3584,GHS paro,11.26,126.78,376.7,0.0888,-6.2,90.5,83.4,-4.87,0,0
1479.6,45.45,174.2,-3.29674,LHS Daling,13.3,119.06,306.74,0.1117,10.1,88.6,74.1,-19.5,1,1
1324.5,20.97,69.2,0.01443,LHS Daling,19.67,192.58,573.74,0.1021,15.4,98.3,81.8,-4.59,0,1
524.6,35.27,135.1,3.40932,LHS Daling,0.52,3.55,14.78,0.1472,18.1,50.3,41.0,-0.79,0,0
2891.7,22.74,122.4,0.80535,Sedimentary/Alluvium,0.2,1.55,2.32,0.1276,10.0,54.7,27.9,-1.61,0,0
1207.7,14.78,49.3,-0.06998,MCT zone,44.95,227.68,552.99,0.1974,11.6,87.6,84.7,-15.56,1,1
917.1,38.22,274.7,-0.6963,LHS Daling,1.4,35.68,113.1,0.0392,12.6,73.2,60.5,-12.07,1,0
1211.0,17.76,116.5,0.26093,MCT zone,48.04,267.35,656.65,0.1797,11.6,95.8,91.1,-23.43,1,1
3558.3,28.65,168.7,0.55387,GHS paro,0.2,3.37,4.14,0.0579,-3.0,64.8,37.9,-1.61,0,0
421.3,18.09,108.5,-0.79928,Lingtse,0.3,4.54,7.77,0.066,24.9,45.5,26.4,0.68,0,0
484.2,40.05,322.3,-0.20604,LHS Daling,8.7,40.43,76.84,0.2152,13.6,91.6,48.7,-2.43,0,0
2729.5,14.07,349.0,-0.19327,Lingtse,0.04,2.32,13.63,0.019,3.9,62.0,42.1,-0.68,0,0
2038.1,44.47,259.7,2.3606,GHS paro,1.34,2.27,2.84,0.5911,16.4,68.3,39.7,-1.88,0,0
872.5,49.33,118.4,1.34065,LHS Daling,10.67,54.94,121.56,0.1942,19.0,77.1,61.1,-4.07,0,0
551.2,14.27,220.8,0.07241,LHS Daling,0.35,0.73,18.59,0.4757,18.4,70.0,18.0,-1.66,0,0
1650.2,48.77,154.9,-1.4256,LHS Daling,0.13,1.41,2.36,0.0955,13.7,55.3,43.3,-3.6,0,0
1268.6,39.29,122.2,-0.30767,LHS Daling,0.0,3.2,6.1,0.0003,14.4,52.6,42.6,-1.35,0,0
2748.5,35.8,306.9,-2.6087,GHS paro,7.05,182.31,537.43,0.0387,3.6,87.4,73.7,-26.37,1,1
1979.2,57.72,111.8,3.02618,GHS paro,0.02,3.19,14.52,0.0059,13.9,68.8,30.4,-1.47,0,0
736.9,8.29,178.7,0.05947,LHS Daling,6.25,39.2,93.85,0.1595,20.6,89.9,60.5,-4.42,0,0
738.8,18.97,38.2,-2.5722,LHS Daling,24.72,336.18,774.27,0.0735,15.9,93.4,92.6,-6.33,0,1
1056.4,35.82,242.7,1.74387,LHS Daling,0.23,4.19,4.19,0.054,15.2,60.4,20.7,-2.2,0,0
2723.7,18.69,231.8,0.38555,Lingtse,6.83,23.65,65.72,0.2886,8.4,75.0,70.8,-16.18,1,0
1001.7,13.37,290.4,-0.00612,GHS paro,25.69,133.77,352.06,0.192,8.5,86.4,75.0,-8.56,1,1
799.1,15.34,143.0,-0.62236,LHS Daling,6.61,49.43,126.5,0.1338,14.2,70.6,67.9,-2.78,0,0
1829.5,7.25,288.2,0.23185,Sedimentary/Alluvium,0.26,6.12,6.12,0.0429,8.3,72.7,35.1,-2.17,0,0
436.5,19.62,341.4,-0.12656,GHS paro,22.77,261.6,694.58,0.0871,12.9,92.0,77.9,-7.98,0,1
2666.6,17.62,67.2,0.69102,LHS Daling,15.78,54.81,111.79,0.288,9.0,70.8,70.6,-1.2,0,0
648.0,51.3,158.3,1.07911,LHS Daling,0.24,5.9,5.9,0.0413,19.4,44.4,28.4,-0.36,0,0
299.2,38.62,188.6,-1.9356,LHS Daling,0.05,1.06,9.87,0.0512,18.2,43.6,15.4,-2.54,0,0
1520.9,25.8,314.9,-0.56872,GHS paro,3.16,54.37,97.28,0.0581,18.1,73.6,65.6,-2.5,0,0
1347.9,14.62,332.8,-0.24225,LHS Daling,6.68,40.43,106.92,0.1653,18.1,88.3,74.6,-8.55,1,0
923.7,47.76,151.0,0.2952,LHS Daling,0.44,3.61,3.61,0.1208,22.7,52.0,40.5,-3.52,0,0
532.6,23.84,169.9,0.35797,LHS Daling,8.63,43.27,96.35,0.1995,21.9,76.7,48.1,-4.15,0,0
4483.2,35.68,99.0,0.78781,GHS paro,0.43,2.55,2.55,0.17,4.7,51.5,34.5,-1.58,0,0
4649.2,29.02,229.8,1.51626,GHS paro,7.99,39.84,90.24,0.2006,-10.5,77.7,68.1,-4.96,0,0
1163.1,23.99,354.2,0.17153,GHS paro,0.47,1.38,1.38,0.3431,18.7,69.1,29.5,-1.42,0,0
410.2,34.47,166.5,-0.766,LHS,1.04,2.53,18.16,0.4106,22.6,73.6,37.6,-0.86,0,0
4295.5,41.07,199.4,0.62488,GHS paro,1.99,1.99,7.3,1.0,-6.3,72.9,39.3,-0.95,0,0
2158.3,22.07,24.2,-0.39935,GHS paro,0.46,4.53,37.09,0.1012,8.2,41.9,41.0,-6.94,1,0
431.5,31.35,171.8,-0.7884,LHS Daling,11.97,148.06,353.49,0.0809,11.7,92.7,92.3,-3.55,0,1
3380.5,16.26,46.4,0.25232,GHS paro,28.39,214.01,470.81,0.1327,1.9,93.3,97.6,-1.62,0,1
3444.1,39.43,119.9,0.03141,GHS paro,12.02,52.14,89.55,0.2306,-1.7,75.6,46.3,-1.24,0,0
4649.9,37.91,192.7,0.59396,GHS paro,0.2,2.44,20.24,0.0832,-2.3,40.6,27.9,-1.45,0,0
319.3,24.8,6.5,-0.39656,Sedimentary/Alluvium,0.72,1.06,11.93,0.6738,23.0,63.2,42.3,-0.62,0,0
1309.4,24.18,189.2,-0.86116,Lingtse,29.93,134.08,300.47,0.2233,15.6,95.2,87.0,-23.98,1,0
4530.4,34.8,115.1,1.6033,GHS paro,0.18,12.13,12.13,0.0152,-8.9,70.9,34.1,-10.17,1,0
815.6,8.55,96.8,0.1195,Lingtse,10.79,67.15,148.27,0.1607,16.4,91.1,65.9,-4.12,0,0
3553.1,47.46,167.2,0.26463,LHS Daling,39.94,211.89,499.02,0.1885,-2.6,98.1,85.7,-5.65,0,1
2205.7,24.46,170.4,0.36157,Lingtse,15.88,172.11,441.42,0.0923,3.2,88.9,75.4,-3.57,0,1
1855.0,57.32,205.3,3.78481,GHS paro,2.55,42.13,87.72,0.0605,7.8,70.4,52.5,-3.37,0,0
4370.1,30.43,304.3,0.28516,GHS paro,8.17,37.51,124.15,0.2178,-8.7,75.7,60.0,-12.34,1,0
1975.5,40.9,92.2,-0.98842,GHS paro,22.75,149.05,359.96,0.1526,4.4,97.6,86.9,-19.8,1,1
3599.5,23.11,234.6,-0.42886,Sedimentary/Alluvium,0.33,4.42,4.42,0.0758,3.7,60.1,28.1,-1.82,0,0
3703.2,46.05,322.5,3.31722,GHS paro,28.63,138.6,496.46,0.2065,-5.3,92.3,72.9,-6.43,0,1
1804.8,9.71,147.1,0.88421,GHS paro,9.26,36.35,138.34,0.2548,15.2,75.0,67.4,-2.13,0,0
1747.7,10.74,24.4,-0.18284,GHS paro,0.83,35.5,122.99,0.0235,8.0,91.1,57.0,-3.82,0,0
1848.5,48.17,110.9,-1.99184,GHS paro,14.06,75.85,313.13,0.1854,3.2,93.9,84.1,-4.52,0,1
819.5,36.27,244.3,-2.97003,LHS Daling,9.85,45.89,125.37,0.2147,21.3,75.7,69.8,-12.11,1,1
1300.2,12.48,287.8,-1.02157,MCT zone,0.8,6.15,10.09,0.1305,21.2,49.4,24.6,-0.74,0,0
3217.8,6.97,298.7,0.12868,LHS Daling,12.61,44.28,112.21,0.2849,3.5,83.2,55.4,-4.17,0,0
3630.0,5.77,12.0,-0.42496,LHS Daling,3.56,44.08,135.52,0.0809,-4.3,75.5,66.9,-1.9,0,0
2885.1,24.95,2.3,-0.14888,GHS paro,4.18,31.13,68.03,0.1343,6.1,71.2,52.5,-6.56,0,0
1515.3,29.68,138.0,-1.33679,Lingtse,0.16,10.25,14.78,0.0154,11.1,52.4,22.1,-0.91,0,0
2025.0,6.18,108.3,-0.24088,LHS Daling,3.91,32.84,89.78,0.1192,6.8,86.8,73.9,-4.07,0,0
1964.4,21.7,203.9,0.02579,Sedimentary/Alluvium,5.37,38.9,97.87,0.1381,5.6,90.1,57.7,-9.5,1,0
1312.4,23.42,153.1,0.05342,MCT zone,0.46,2.9,3.68,0.1592,17.2,59.3,19.9,-1.4,0,0
3288.2,17.98,117.5,0.00969,Sedimentary/Alluvium,1.44,2.72,18.64,0.5315,6.3,73.7,19.8,-2.41,0,0
3784.0,6.33,181.0,0.1386,LHS Daling,16.65,77.06,139.62,0.2161,1.3,83.5,69.5,-4.26,0,0
2371.6,45.03,300.6,0.28231,GHS paro,0.49,4.47,10.6,0.1086,4.5,43.6,18.8,-0.4,0,0
660.7,39.26,115.7,-1.5672,LHS,9.67,48.08,128.85,0.2011,22.2,89.7,45.4,-3.45,0,0
3748.8,39.28,333.7,-1.21882,GHS paro,0.65,1.69,1.69,0.3832,6.1,69.9,17.7,-2.85,0,0
1283.5,5.23,39.8,-0.33568,LHS Daling,15.38,45.13,99.69,0.3407,12.3,74.1,69.2,-3.96,0,0
2350.5,6.21,340.1,0.26515,MCT zone,5.61,33.49,121.51,0.1676,9.3,77.9,57.9,-2.7,0,0
1790.0,23.0,168.5,-0.75059,GHS paro,0.41,6.18,6.18,0.0666,9.7,67.6,44.0,-1.55,0,0
623.7,31.1,119.2,-0.46412,LHS Daling,0.57,5.2,5.2,0.1089,25.8,62.3,36.5,-4.1,1,0
1658.0,7.04,50.4,0.05669,Sedimentary/Alluvium,0.06,0.06,9.89,0.5696,11.4,60.8,18.7,-0.6,0,0
2038.4,22.26,67.1,1.04067,GHS paro,15.52,196.21,418.97,0.0791,11.6,87.2,80.3,-3.59,0,1
1411.6,12.78,334.0,0.26927,GHS paro,0.17,0.83,1.77,0.2095,20.9,50.4,24.0,-0.09,0,0
892.4,22.48,84.4,-0.80846,LHS Daling,9.89,80.36,156.86,0.1231,18.6,74.8,47.4,-3.22,0,0
855.6,23.08,108.7,0.18737,LHS Daling,8.89,44.48,101.91,0.1998,15.0,83.4,60.3,-9.33,1,0
4543.8,34.68,272.8,2.8904,GHS paro,12.54,126.54,455.01,0.0991,-5.9,88.4,78.1,-7.25,1,1
2759.2,20.87,315.6,-0.4572,Sedimentary/Alluvium,0.44,5.16,23.44,0.0844,3.1,52.6,21.8,-0.64,0,0
1958.3,21.46,82.8,-0.14681,Sedimentary/Alluvium,2.13,10.72,10.72,0.1985,11.9,59.5,30.7,0.11,0,0
555.8,16.18,60.3,0.07775,LHS Daling,6.23,27.22,70.69,0.229,22.9,76.0,59.5,-0.47,0,0
3921.8,36.59,142.9,-0.24976,GHS paro,1.51,31.76,93.74,0.0476,-7.1,76.4,56.7,-5.0,0,0
2089.0,24.89,62.6,-0.48972,GHS paro,0.74,2.7,8.55,0.2736,6.9,60.2,18.4,0.62,0,0
1986.9,28.24,139.0,0.91919,LHS Daling,4.31,67.44,130.97,0.0639,10.0,81.9,60.0,-4.46,0,0
1207.7,14.78,49.3,-0.06998,MCT zone,0.65,17.39,71.3,0.0372,8.8,71.8,70.3,-1.31,0,0
3112.2,24.01,127.7,-0.41792,GHS paro,0.4,28.94,93.73,0.0138,0.6,72.2,49.7,-3.08,0,0
4543.8,34.68,272.8,2.8904,GHS paro,2.68,35.67,99.24,0.0751,-10.1,84.2,53.0,-0.84,0,0
1055.1,11.5,120.6,-0.40967,Lingtse,9.78,47.25,105.24,0.207,13.9,85.9,69.0,-2.04,0,0
1864.9,44.53,135.3,-1.82738,LHS Daling,0.94,1.52,1.52,0.6202,14.2,62.0,34.5,-1.73,0,0
2666.6,17.62,67.2,0.69102,LHS Daling,30.51,160.25,392.0,0.1904,5.3,94.4,86.2,-15.06,1,1
1794.3,22.18,179.0,-0.18514,GHS paro,0.67,5.51,5.51,0.1225,16.9,72.5,23.0,-0.87,0,0
1650.2,48.77,154.9,-1.4256,LHS Daling,0.55,0.55,4.86,1.0,10.9,52.8,37.6,-0.39,0,0
564.6,10.42,66.8,-0.40389,LHS Daling,0.47,0.47,14.91,1.0,20.1,50.3,44.9,-3.19,0,0
3732.6,14.96,342.1,-0.2306,Lingtse,53.38,231.4,538.4,0.2307,-0.8,86.3,82.3,-24.19,1,1
1123.8,30.95,52.5,-0.31248,LHS Daling,17.63,110.07,301.25,0.1602,12.2,95.6,75.0,-3.81,0,1
1226.9,49.96,202.2,-2.2568,GHS paro,4.69,31.74,94.66,0.1477,12.1,72.7,52.1,-2.16,0,0
3669.7,15.33,348.5,-0.94517,GHS paro,0.63,8.93,29.98,0.0706,4.1,71.6,24.8,-1.99,0,0
3112.2,24.01,127.7,-0.41792,GHS paro,0.12,2.65,56.73,0.046,1.9,51.6,21.7,-1.6,0,0
3109.0,25.21,254.6,-0.27526,GHS paro,0.24,0.24,11.3,1.0,5.6,71.0,24.7,-2.27,0,0
813.4,29.75,222.7,0.46685,LHS Daling,15.78,44.09,105.76,0.3579,14.9,75.3,55.9,-1.39,0,0
834.5,33.28,174.8,-4.23002,LHS Daling,5.12,53.3,121.44,0.0962,11.1,70.6,62.9,-4.23,0,1
1024.5,7.52,182.1,0.6378,MCT zone,5.32,43.4,118.84,0.1225,14.2,77.3,51.1,-4.07,0,0
731.8,28.4,176.9,-0.54656,LHS Daling,11.93,95.06,299.69,0.1255,18.6,88.7,90.2,-18.08,1,1
299.2,38.62,188.6,-1.9356,LHS Daling,0.58,1.96,1.96,0.296,30.0,49.1,21.9,-2.0,0,0
2666.6,17.62,67.2,0.69102,LHS Daling,2.73,58.11,115.71,0.047,2.7,89.5,65.1,-2.46,0,0
3513.3,18.91,356.4,-1.13942,LHS Daling,0.79,1.17,9.09,0.6769,4.7,54.6,16.3,-1.49,0,0
872.5,49.33,118.4,1.34065,LHS Daling,15.25,135.88,375.98,0.1122,16.2,89.2,74.2,-25.32,1,1
551.0,25.03,9.6,0.16761,GHS paro,0.84,1.72,1.72,0.4902,20.2,47.9,20.6,-0.16,0,0
3781.9,10.3,28.3,0.17132,GHS paro,0.76,22.02,56.36,0.0343,-2.7,80.2,52.1,-7.59,1,0
3600.1,42.45,163.5,2.90804,Lingtse,17.31,183.03,494.81,0.0946,-4.6,94.3,76.4,-23.92,1,1
1049.5,52.65,149.3,2.29678,LHS Daling,3.95,33.82,85.19,0.1167,21.1,75.5,63.6,-3.16,0,0
3642.9,24.55,126.3,0.22249,GHS paro,0.1,3.17,3.17,0.0302,-2.1,44.5,20.1,-0.81,0,0
2763.5,25.37,178.5,-0.70432,Sedimentary/Alluvium,6.9,25.93,55.53,0.2661,6.7,82.4,72.8,-0.92,0,0
3359.8,10.03,302.0,0.22556,GHS paro,0.77,28.93,96.09,0.0266,-1.9,77.7,65.2,-9.87,1,0
3641.8,19.06,250.3,0.93531,GHS paro,0.73,5.5,10.5,0.1327,3.1,44.0,17.6,-0.66,0,0
1404.7,20.24,103.3,0.4355,MCT zone,2.29,23.55,91.2,0.0972,10.5,71.9,46.7,0.91,0,0
1049.5,52.65,149.3,2.29678,LHS Daling,5.11,38.94,87.95,0.1313,15.5,76.5,70.8,-1.9,0,0
1116.2,55.23,178.3,-1.58256,LHS Daling,0.06,1.28,1.28,0.047,21.6,62.9,41.1,-1.34,0,0
1312.4,23.42,153.1,0.05342,MCT zone,0.28,4.97,25.4,0.0559,10.2,58.7,32.9,-2.23,0,0
4288.8,37.5,280.0,-0.5336,GHS paro,14.17,104.79,290.79,0.1353,-8.4,89.9,73.7,-4.79,0,1
1940.7,16.4,303.1,-0.1397,Sedimentary/Alluvium,16.92,123.16,421.67,0.1374,9.9,95.8,77.3,-26.63,1,1
1566.7,16.66,358.9,0.21732,GHS paro,12.01,86.37,363.51,0.139,7.3,87.8,94.7,-7.31,0,0
2192.4,10.7,65.2,-0.17125,Sedimentary/Alluvium,8.33,29.48,50.87,0.2826,13.3,74.7,70.0,-4.43,0,0
2678.7,19.5,105.0,0.43202,LHS Daling,4.52,27.24,90.36,0.1658,1.7,82.5,46.8,-0.34,0,0
2035.1,38.14,191.8,-2.00134,Lingtse,3.29,28.78,66.71,0.1145,9.0,71.4,54.7,-0.8,0,0
1868.8,56.15,145.2,1.91233,GHS paro,0.19,9.48,10.03,0.0203,12.7,56.5,39.2,-0.71,0,0
1405.0,38.68,130.5,-3.6744,GHS paro,11.62,64.18,110.79,0.1811,17.9,80.0,47.2,-5.43,0,1
1479.6,45.45,174.2,-3.29674,LHS Daling,4.83,32.48,87.74,0.1487,15.4,82.8,52.9,-3.31,0,0
2255.2,18.93,65.5,0.16552,MCT zone,18.87,147.27,416.99,0.1281,6.3,88.2,75.5,-18.94,1,1
1953.7,11.68,90.6,0.23896,LHS Daling,0.1,2.42,2.42,0.0405,10.0,46.9,42.6,-0.05,0,0
2006.7,21.87,221.7,0.21466,Lingtse,0.81,0.81,7.11,1.0,13.1,51.4,22.5,-1.3,0,0
2371.6,45.03,300.6,0.28231,GHS paro,16.41,60.6,113.55,0.2708,6.0,70.7,67.0,-3.68,0,0
1196.3,44.52,182.3,-0.23283,LHS Daling,6.23,23.96,82.36,0.2599,14.6,78.3,72.3,-12.04,1,1
3113.9,20.99,233.9,0.23455,GHS paro,1.27,20.15,20.15,0.0632,5.3,61.9,38.5,-1.21,0,0
1382.8,16.25,143.3,-0.44144,Lingtse,10.63,31.51,70.74,0.3373,13.2,91.6,64.4,-15.46,1,0
3496.7,38.66,170.4,-1.11197,GHS paro,47.96,217.66,517.65,0.2204,1.3,92.4,80.9,-23.97,1,1
1848.5,48.17,110.9,-1.99184,GHS paro,5.49,49.86,125.71,0.11,10.3,74.6,73.0,-3.42,0,0
1669.3,41.95,117.1,-0.56954,GHS paro,3.63,26.95,75.25,0.1346,15.4,74.1,58.8,-1.99,0,0
1632.0,31.68,77.7,-0.56513,LHS Daling,0.52,1.15,2.95,0.453,16.3,53.7,25.4,-1.77,0,0
4563.0,39.53,42.8,0.56006,GHS paro,24.39,111.91,372.58,0.218,-3.5,91.4,74.4,-16.82,1,1
3669.8,23.79,148.3,0.1386,LHS Daling,9.05,46.02,90.95,0.1966,-2.3,87.0,45.5,-1.78,0,0
1409.3,5.53,321.8,0.06017,LHS Daling,1.29,1.29,12.9,1.0,21.2,72.3,15.8,-2.62,0,0
2707.0,24.74,329.6,0.58847,Lingtse,0.13,11.6,11.6,0.0111,12.1,45.9,19.4,-2.3,0,0
985.4,15.34,277.5,0.00832,Sedimentary/Alluvium,0.21,4.72,28.94,0.0452,15.5,51.0,40.6,-0.37,0,0
1199.4,41.33,95.5,-1.01232,GHS paro,6.0,41.39,78.18,0.1451,11.5,88.0,71.4,-3.36,0,0
1777.1,6.77,163.2,0.1116,LHS Daling,6.79,65.35,126.37,0.1039,11.7,81.9,52.4,-1.88,0,0
1781.5,29.2,56.9,-1.41839,Lingtse,42.09,272.84,594.88,0.1543,6.2,95.1,91.9,-21.09,1,1
2108.0,12.09,220.1,-0.33878,LHS Daling,13.77,130.84,385.14,0.1052,9.3,87.3,88.1,-24.43,1,1
3709.7,5.6,245.0,-0.54263,GHS paro,1.09,2.65,33.44,0.4103,8.3,71.8,21.8,-1.22,0,0
3733.5,20.5,178.4,0.00122,LHS Daling,26.9,177.46,474.44,0.1516,-2.4,96.9,76.7,-17.34,1,0
1447.8,33.17,151.9,0.48484,LHS Daling,9.93,46.16,104.7,0.2151,11.1,90.1,46.4,-0.71,0,0
4530.4,34.8,115.1,1.6033,GHS paro,16.0,166.71,441.54,0.096,-6.3,97.8,96.1,-18.7,1,1
920.5,38.69,188.0,-1.36441,LHS Daling,9.61,47.08,103.17,0.2041,19.6,84.9,53.6,-8.44,1,0
2937.0,22.1,23.5,-0.14613,GHS paro,7.69,36.01,67.29,0.2137,2.5,82.0,45.4,-11.68,1,0
1360.2,17.39,229.9,0.45945,Sedimentary/Alluvium,0.09,11.47,11.47,0.0081,17.7,57.8,18.2,-2.88,0,0
2981.2,15.8,100.8,-0.0154,LHS Daling,6.35,34.92,87.16,0.1819,-0.1,83.1,64.1,-12.15,1,1
579.5,17.35,194.8,-2.72881,LHS Daling,0.11,7.0,7.0,0.016,28.0,64.9,41.3,-2.16,0,0
2094.3,15.44,207.5,0.39271,LHS Daling,13.53,75.62,203.46,0.1789,4.5,70.9,54.2,-2.72,0,1
2855.7,46.01,185.8,-1.76194,GHS paro,10.92,128.22,431.99,0.0852,-1.4,98.9,90.5,-0.33,0,0
3914.2,37.48,179.5,0.24708,GHS paro,0.62,0.83,16.54,0.7524,3.5,58.3,29.9,-1.03,0,0
612.5,11.0,31.3,0.69079,LHS Daling,0.97,4.45,4.45,0.2183,14.7,43.4,37.6,-1.96,0,0
4415.4,32.31,241.6,1.99083,GHS paro,6.56,40.31,110.62,0.1628,0.6,89.8,48.8,-3.6,0,0
834.5,33.28,174.8,-4.23002,LHS Daling,0.18,27.68,107.44,0.0066,14.3,77.7,64.3,-0.96,0,0
776.0,29.29,216.0,-0.65548,LHS Daling,3.43,20.94,97.92,0.1636,17.6,72.2,56.2,-13.01,1,0
3584.1,21.49,200.4,-0.18355,LHS Daling,6.18,35.21,102.18,0.1755,1.7,83.2,54.0,-3.67,0,0
428.5,19.76,203.4,-0.52924,Sedimentary/Alluvium,3.41,25.12,53.28,0.1356,18.6,74.4,64.0,-2.97,0,0
3061.4,20.68,237.2,1.03188,Sedimentary/Alluvium,2.83,18.42,49.98,0.1537,4.4,88.4,59.0,-0.94,0,0
557.2,22.13,110.3,0.1368,LHS Daling,29.06,195.7,659.96,0.1485,12.9,95.3,87.0,-25.52,1,1
2973.8,27.73,281.9,0.40624,GHS paro,0.02,0.16,9.68,0.1569,9.9,65.6,15.3,-2.31,0,0
2036.9,27.17,190.9,-3.27498,GHS paro,25.08,119.14,312.7,0.2105,5.2,94.0,73.6,-6.51,0,0
1088.8,25.58,279.6,0.823,GHS paro,10.24,51.01,106.62,0.2006,20.1,88.0,62.9,-1.6,0,0
2154.2,40.57,97.5,-2.28106,GHS paro,0.85,2.37,2.37,0.3605,15.2,67.9,20.6,-0.76,0,0
2025.0,6.18,108.3,-0.24088,LHS Daling,14.57,102.09,456.58,0.1427,8.7,93.3,72.3,-11.4,1,0
1541.7,23.42,346.0,0.54566,MCT zone,3.15,29.44,142.66,0.1069,10.8,83.3,72.0,-4.1,0,0
1777.1,6.77,163.2,0.1116,LHS Daling,9.31,132.77,304.53,0.0701,7.4,94.9,77.6,-20.15,1,1
4590.8,40.4,222.4,1.50857,GHS paro,9.51,144.92,370.88,0.0656,-12.2,94.6,94.6,-4.8,0,1
3674.1,6.65,337.3,-0.05764,Lingtse,0.51,13.96,13.96,0.0364,5.0,44.4,33.1,-1.65,0,0
1261.5,21.79,309.6,0.51241,Sedimentary/Alluvium,0.18,7.74,7.74,0.0237,17.7,52.0,44.1,-1.78,0,0
2293.4,15.75,204.3,0.47495,MCT zone,0.01,6.57,6.57,0.0011,15.1,66.5,24.0,-11.16,1,0
1177.3,44.62,136.8,-1.3948,LHS Daling,0.14,1.7,1.7,0.0794,11.8,51.9,37.3,-1.72,0,0
1790.0,23.0,168.5,-0.75059,GHS paro,14.74,143.12,352.41,0.103,7.8,85.9,85.8,-11.93,1,1
1825.5,34.36,102.6,-4.57197,LHS Daling,6.21,59.98,191.99,0.1035,5.3,82.8,72.7,-13.88,1,1
2827.5,25.22,77.4,0.23997,LHS Daling,0.92,10.41,14.84,0.0879,5.1,41.9,27.9,-0.85,0,0
604.8,17.8,336.4,-0.55583,MCT zone,1.14,25.97,96.12,0.0438,18.8,90.2,50.0,-3.38,0,0
3561.1,10.98,152.7,-0.99976,Sedimentary/Alluvium,35.43,175.12,457.25,0.2023,-1.6,94.7,96.1,-14.99,1,0
1218.5,22.75,223.4,1.19227,LHS Daling,18.61,59.35,160.67,0.3136,15.4,88.1,47.6,-1.34,0,0
2302.2,10.29,54.9,0.90097,LHS Daling,5.45,36.36,102.91,0.1499,6.3,81.3,51.6,-3.31,0,0
304.7,23.41,249.7,0.31771,Lingtse,5.39,22.53,59.31,0.2394,19.0,90.1,70.3,-3.15,0,0
2108.0,12.09,220.1,-0.33878,LHS Daling,0.16,10.57,10.57,0.015,5.7,71.1,29.8,-2.33,0,0
4649.5,21.45,162.3,2.16277,GHS paro,0.64,6.73,6.73,0.0951,3.5,73.4,15.9,-1.36,0,0
1371.8,32.76,97.9,-0.21167,GHS paro,8.33,78.49,137.46,0.1061,10.1,73.7,46.2,-2.52,0,0
557.2,22.13,110.3,0.1368,LHS Daling,3.69,19.12,122.89,0.1933,14.7,70.4,48.9,-2.6,0,0
656.6,15.35,208.8,-0.24391,Lingtse,0.1,0.76,7.27,0.1293,22.2,55.2,30.9,-1.51,0,0
2856.0,42.06,153.4,1.5748,GHS paro,0.47,3.41,18.86,0.1378,2.4,47.1,22.6,-1.41,0,0
2929.1,12.16,4.7,-0.00786,MCT zone,12.93,90.1,425.1,0.1435,4.8,92.2,74.9,-4.88,0,0
2213.3,19.37,55.6,-0.22012,GHS paro,0.27,5.92,5.92,0.0456,15.1,72.3,35.4,-0.91,0,0
3718.8,7.56,191.7,-0.01022,Sedimentary/Alluvium,4.99,35.53,77.41,0.1405,2.7,78.0,45.6,-13.09,1,0
430.5,30.96,128.3,-0.42371,LHS Daling,34.76,190.55,535.07,0.1824,21.0,94.8,87.0,-22.52,1,1
4504.1,38.3,297.0,1.32715,GHS paro,2.65,2.65,4.47,1.0,-1.7,43.1,16.9,-1.21,0,0
447.1,24.1,48.4,-0.14825,LHS Daling,0.53,4.0,4.0,0.1322,21.2,69.2,20.7,-1.38,0,0
2027.4,8.04,44.9,0.2379,Lingtse,0.63,0.93,6.08,0.6796,16.7,43.3,40.0,-11.75,1,0
884.3,23.71,79.3,0.50503,LHS Daling,0.22,4.24,5.02,0.0526,19.5,70.9,15.6,-0.46,0,0
1387.9,29.06,85.4,0.05734,LHS Daling,1.2,4.04,4.04,0.2972,11.2,63.2,16.8,-1.97,0,0
1480.7,22.6,36.9,-0.01101,LHS Daling,4.18,60.14,126.54,0.0695,17.6,81.8,69.6,-1.76,0,0
1490.9,31.68,152.4,-0.43025,Lingtse,23.52,109.34,397.82,0.2151,14.7,87.0,77.9,-18.22,1,1
1395.2,25.56,131.9,0.47969,LHS Daling,3.9,17.8,45.33,0.2191,11.2,86.5,65.7,-1.41,0,0
2125.1,11.83,323.8,-1.1585,GHS paro,2.09,4.46,4.91,0.4689,9.9,62.3,35.2,-1.69,0,0
3681.2,6.55,306.4,-0.2257,MCT zone,0.04,1.86,7.77,0.0216,1.8,58.4,23.3,-2.98,1,0
3410.3,21.58,32.2,0.64294,LHS Daling,5.52,51.91,90.9,0.1064,0.3,70.8,52.4,-4.99,0,0
3943.1,33.32,184.0,0.10064,GHS paro,0.09,2.93,20.48,0.0313,1.5,49.1,15.3,-1.2,0,0
2192.4,10.7,65.2,-0.17125,Sedimentary/Alluvium,11.33,126.27,374.42,0.0897,5.5,85.3,86.6,-25.94,1,1
2538.9,47.58,193.2,2.5344,GHS paro,3.58,29.29,99.27,0.1224,9.6,73.5,50.9,-9.84,1,1
1218.5,22.75,223.4,1.19227,LHS Daling,38.36,333.92,745.45,0.1149,12.7,90.5,96.2,-8.28,1,1
1233.0,43.84,192.8,-6.90239,GHS paro,0.01,0.14,12.01,0.0614,20.2,70.5,20.3,-1.34,0,0
1095.1,8.82,147.7,-0.10295,LHS Daling,4.4,21.0,62.45,0.2093,14.0,87.9,66.6,-1.55,0,0
2154.7,38.75,235.8,-1.26287,GHS paro,5.0,121.9,272.36,0.041,1.9,89.5,96.5,-5.33,0,0
2973.8,27.73,281.9,0.40624,GHS paro,0.02,1.1,6.91,0.0189,2.9,50.8,43.1,-1.87,0,0
1663.2,15.53,98.0,0.9972,MCT zone,0.64,3.63,3.63,0.1764,10.3,65.2,31.7,-1.32,0,0
1864.9,44.53,135.3,-1.82738,LHS Daling,5.28,27.53,62.31,0.1919,6.2,73.4,60.9,-3.6,0,1
2901.2,21.22,59.1,0.41211,LHS Daling,2.29,4.63,7.93,0.4944,5.3,61.5,40.7,-2.68,0,0
3034.6,10.04,225.4,0.54995,Lingtse,26.38,154.11,432.48,0.1712,-0.3,98.8,86.7,-16.08,1,0
1497.7,49.54,200.5,-0.696,GHS paro,0.54,2.67,2.67,0.2009,19.3,60.0,25.3,-2.05,0,0
1560.2,23.92,316.3,-0.22047,LHS Daling,47.64,223.99,464.33,0.2127,9.3,85.5,95.0,-3.92,0,1
1348.5,14.01,144.7,0.866,GHS paro,9.21,207.67,553.28,0.0443,6.7,98.9,96.1,-15.66,1,1
2966.7,12.89,234.5,0.10696,Sedimentary/Alluvium,28.77,149.42,400.82,0.1925,3.6,87.6,94.2,-3.89,0,0
396.4,11.66,147.4,0.49444,LHS Daling,39.41,250.75,611.41,0.1572,13.9,88.7,93.3,-9.88,1,1
1899.7,41.84,108.5,-2.08298,GHS paro,0.26,0.45,16.41,0.5907,6.9,40.1,20.4,-2.43,0,0
1544.1,31.43,195.8,1.23486,LHS Daling,18.52,169.39,393.34,0.1093,5.0,93.6,91.2,-30.59,1,1
2723.7,18.69,231.8,0.38555,Lingtse,7.56,45.96,95.0,0.1644,6.6,89.8,47.0,-1.5,0,0
2987.7,48.13,194.7,-1.68575,GHS paro,0.96,5.23,5.23,0.1833,4.0,40.0,24.0,-0.3,0,0
2028.3,9.7,134.2,0.08987,Sedimentary/Alluvium,9.13,38.26,90.79,0.2386,9.1,78.8,63.7,-18.32,1,0
1146.8,12.37,356.8,0.15988,Sedimentary/Alluvium,0.44,0.51,1.38,0.8623,11.3,52.0,16.4,-1.3,0,0
3496.7,38.66,170.4,-1.11197,GHS paro,5.61,24.84,64.08,0.2257,6.9,82.6,65.5,-4.76,0,0
1911.3,11.4,103.9,0.19761,GHS paro,0.08,0.63,5.05,0.1354,10.3,72.4,16.3,-3.51,0,0
2111.1,15.98,223.2,0.34803,MCT zone,5.25,23.71,126.33,0.2213,9.6,71.5,70.4,-1.67,0,0
1814.9,24.34,37.8,-0.33854,LHS Daling,49.73,217.83,526.22,0.2283,7.4,89.2,87.7,-18.05,1,1
3943.1,33.32,184.0,0.10064,GHS paro,37.25,178.63,444.91,0.2085,-3.7,93.8,78.3,-5.86,0,1
2025.0,6.18,108.3,-0.24088,LHS Daling,0.66,0.69,1.46,0.9593,13.1,43.6,32.2,-2.14,0,0
1398.9,12.55,228.1,-0.3144,LHS Daling,6.17,37.66,105.35,0.164,12.2,73.1,67.3,-4.19,0,0
1724.9,20.76,313.2,0.39842,LHS Daling,5.82,195.86,602.39,0.0297,6.0,88.6,95.8,-14.79,1,1
1275.7,13.11,170.7,-0.19516,LHS Daling,4.86,45.14,86.29,0.1076,11.1,88.4,55.9,-9.9,1,1
3682.5,5.78,239.4,-0.00365,GHS paro,21.04,142.14,445.68,0.148,-4.8,88.7,81.8,-3.0,0,1
3642.7,22.54,331.1,0.5568,Sedimentary/Alluvium,0.1,0.34,14.89,0.2976,3.2,71.3,24.9,-1.32,0,0
819.5,36.27,244.3,-2.97003,LHS Daling,0.64,5.01,5.01,0.1274,18.2,47.4,42.3,-1.61,0,0
678.1,12.64,250.8,0.65681,LHS Daling,6.61,43.78,110.01,0.151,19.6,82.2,48.1,-2.41,0,0
2796.2,24.59,227.5,-0.19554,GHS paro,5.05,28.06,69.31,0.1802,11.0,85.8,71.8,-2.58,0,0
800.2,27.94,223.6,0.2088,LHS Daling,24.45,149.13,488.27,0.1639,18.3,92.7,80.0,-2.41,0,1
3642.7,22.54,331.1,0.5568,Sedimentary/Alluvium,13.76,149.02,499.56,0.0923,0.3,87.9,81.0,-19.45,1,1
2596.5,49.8,148.5,1.2339,GHS paro,17.88,147.26,461.83,0.1214,3.3,91.9,76.1,-8.05,1,1
3117.2,21.28,214.4,0.46433,Sedimentary/Alluvium,6.2,47.69,153.19,0.1301,1.2,84.4,56.8,-2.91,0,0
1389.3,12.77,209.9,-0.02231,MCT zone,0.2,10.5,11.98,0.0194,22.4,70.1,31.3,-0.98,0,0
517.7,5.86,209.5,1.27724,GHS paro,9.76,40.92,97.07,0.2384,19.8,75.9,61.8,-5.44,0,0
1658.0,7.04,50.4,0.05669,Sedimentary/Alluvium,6.05,22.64,72.28,0.2673,13.9,84.6,46.5,-2.98,0,0
1389.3,12.77,209.9,-0.02231,MCT zone,4.98,38.33,83.45,0.13,7.9,80.1,63.9,-13.46,1,0
1953.0,19.66,297.3,0.60538,LHS Daling,7.43,50.3,108.8,0.1477,7.0,72.5,72.6,-2.43,0,0
484.2,40.05,322.3,-0.20604,LHS Daling,31.57,189.46,488.43,0.1666,12.2,92.5,97.5,-5.12,0,1
2292.8,18.39,140.1,-0.07479,LHS Daling,0.45,2.05,23.89,0.2211,6.4,62.6,21.7,0.0,0,0
3415.3,9.1,240.5,0.13235,MCT zone,0.01,1.85,1.85,0.005,2.3,70.2,23.1,-1.64,0,0
3483.1,5.53,263.7,-0.48388,Sedimentary/Alluvium,35.59,178.35,475.79,0.1996,0.7,97.4,86.9,-18.07,1,1
4649.9,37.91,192.7,0.59396,GHS paro,0.44,3.25,7.4,0.1363,-1.6,51.0,43.3,-0.32,0,0
1750.1,50.67,178.5,1.12321,GHS paro,2.84,14.73,53.57,0.193,17.4,79.2,72.9,-3.21,0,0
1333.5,23.81,265.5,0.429,Sedimentary/Alluvium,0.17,0.54,6.67,0.312,20.6,40.3,29.8,-1.94,0,0
1011.3,20.91,250.1,0.37373,GHS paro,9.52,62.08,134.5,0.1533,10.7,77.3,57.9,-6.06,0,0
2371.6,45.03,300.6,0.28231,GHS paro,0.27,4.01,29.31,0.0667,11.0,55.2,17.7,-0.01,0,0
3616.9,21.3,287.6,-0.10033,MCT zone,0.35,0.44,4.76,0.7963,-0.8,46.8,40.8,-2.43,0,0
4399.4,39.42,246.3,2.11399,GHS paro,10.23,120.17,322.07,0.0852,-5.6,93.3,87.3,-6.06,1,1
2196.5,33.42,61.2,-3.38042,GHS paro,0.41,6.08,10.52,0.0673,13.1,50.9,23.3,-1.37,0,0
508.3,5.35,162.9,-0.08985,Lingtse,1.96,30.72,73.97,0.0637,23.7,90.6,46.5,0.03,0,0
972.8,36.27,237.2,-1.02817,LHS Daling,0.4,2.84,6.51,0.1417,23.1,70.8,35.5,-1.59,0,0
4257.6,18.46,217.0,0.50554,GHS paro,1.17,1.17,5.56,1.0,4.2,63.2,24.7,-3.43,0,0
438.1,11.78,107.0,0.1946,GHS paro,7.2,58.72,188.11,0.1227,15.2,82.0,59.1,-3.97,0,0
2709.0,11.18,212.5,-0.04449,MCT zone,13.8,165.28,557.28,0.0835,-0.5,93.7,95.0,-25.33,1,1
4148.4,43.01,118.0,0.08587,GHS paro,1.3,1.49,9.74,0.8756,-3.3,56.7,26.2,-0.91,0,0
3599.7,31.12,198.7,1.10566,GHS paro,1.86,23.22,47.61,0.0803,1.4,70.5,47.6,-3.12,0,0
2478.2,10.09,37.6,-0.14127,MCT zone,6.76,32.07,71.89,0.2108,7.9,84.1,56.9,-2.08,0,0
2973.8,27.73,281.9,0.40624,GHS paro,1.32,19.54,62.96,0.0677,3.5,71.5,66.1,-3.88,0,0
2997.2,35.6,119.0,-0.66862,GHS paro,0.75,6.12,8.68,0.123,7.8,48.2,16.1,-0.2,0,0
1643.4,8.66,150.8,-0.53361,Sedimentary/Alluvium,1.8,2.19,44.08,0.8244,11.9,44.7,36.2,-2.21,0,0
4649.9,37.91,192.7,0.59396,GHS paro,2.88,38.53,129.88,0.0749,-8.9,78.1,63.4,-2.22,0,0
1587.3,12.91,280.7,0.12927,Sedimentary/Alluvium,0.33,7.26,7.26,0.0453,13.9,49.2,29.0,-2.25,0,0
3423.1,21.2,141.3,0.29105,LHS Daling,0.19,1.95,2.58,0.0983,1.5,67.1,40.3,-1.37,0,0
2829.5,17.08,12.2,-0.08373,MCT zone,0.17,3.09,4.17,0.055,4.2,44.5,25.4,0.47,0,0
3301.5,16.93,241.9,-0.22144,Sedimentary/Alluvium,1.22,3.45,3.45,0.3538,9.2,70.0,23.5,-9.54,1,0
4402.3,24.15,263.9,1.92363,GHS paro,0.34,1.47,6.87,0.2331,-7.6,73.1,37.0,-0.16,0,0
2975.8,14.94,195.1,0.15672,GHS paro,1.4,19.09,80.32,0.0735,8.1,91.3,50.1,-2.71,0,0
1051.0,33.65,159.3,-0.39957,LHS Daling,0.76,0.76,7.15,1.0,22.7,69.5,26.3,-1.26,0,0
1190.4,21.96,249.8,0.47579,LHS Daling,9.24,28.77,68.85,0.3214,18.4,77.5,49.4,0.49,0,0
860.1,17.92,312.6,0.92773,MCT zone,23.42,121.14,334.52,0.1934,11.6,90.2,77.7,-3.54,0,1
2111.1,15.98,223.2,0.34803,MCT zone,9.02,34.67,82.62,0.2601,10.2,79.6,47.1,-2.13,0,0
2192.4,10.7,65.2,-0.17125,Sedimentary/Alluvium,3.85,45.82,114.96,0.0841,6.1,79.8,49.4,1.39,0,0
3034.0,50.5,120.9,-0.20618,GHS paro,3.07,26.36,78.44,0.1164,2.7,83.2,49.1,-3.18,0,0
2331.6,7.67,150.8,-0.01001,GHS paro,10.05,160.16,384.91,0.0627,7.1,97.4,92.2,-22.32,1,1
1031.1,14.57,255.0,0.27855,MCT zone,0.13,0.78,14.08,0.1636,20.9,70.1,41.8,-0.86,0,0
3642.9,24.55,126.3,0.22249,GHS paro,6.27,39.92,87.32,0.1571,-2.5,86.3,51.7,-2.59,0,0
3324.0,25.22,215.6,1.95691,GHS paro,0.3,4.01,4.01,0.0759,10.0,70.9,25.7,-3.6,0,0
1376.3,27.74,85.0,-1.13519,Lingtse,5.1,24.49,55.97,0.2084,18.2,75.2,46.6,-3.59,0,0
1656.8,25.23,93.5,0.37304,GHS paro,0.47,0.47,0.47,0.9924,14.2,56.3,17.3,-0.87,0,0
2154.7,38.75,235.8,-1.26287,GHS paro,0.49,1.74,4.6,0.2843,8.6,61.3,37.5,-1.0,0,0
2774.4,12.9,250.6,-0.23221,MCT zone,1.4,1.4,12.47,1.0,8.6,53.7,16.9,-1.43,0,0
1724.9,20.76,313.2,0.39842,LHS Daling,0.48,5.96,12.55,0.0807,16.5,61.2,37.0,-1.66,0,0
2213.0,23.35,173.0,0.19389,MCT zone,0.87,0.87,1.56,1.0,12.0,61.7,44.6,-1.85,0,0
2216.3,42.11,178.8,-1.8048,LHS Daling,8.53,124.55,393.25,0.0685,10.7,98.7,91.6,-15.86,1,1
2525.8,8.19,222.0,-0.38133,GHS paro,4.53,38.81,118.81,0.1168,11.1,77.9,52.1,-1.4,0,0
4558.8,29.0,262.3,2.46505,GHS paro,0.04,0.68,0.68,0.0622,-0.2,52.9,40.9,-2.52,0,0
1095.1,8.82,147.7,-0.10295,LHS Daling,1.76,34.31,92.08,0.0514,14.8,77.4,72.9,-12.7,1,0
543.7,25.37,322.8,0.04801,MCT zone,4.66,35.07,83.66,0.1328,23.2,73.7,47.1,-11.38,1,0
682.4,17.93,237.2,0.23172,LHS Daling,0.47,3.9,3.9,0.1207,16.7,66.4,40.1,-2.36,0,0
2260.4,32.41,154.6,-1.15349,MCT zone,6.45,157.69,451.2,0.0409,2.8,86.0,88.8,-17.86,1,1
3716.0,17.73,8.9,-0.32127,LHS Daling,30.32,188.08,423.52,0.1612,-5.3,91.5,84.9,-2.71,0,1
1724.9,20.76,313.2,0.39842,LHS Daling,2.1,19.77,51.7,0.106,8.6,82.5,56.4,-4.56,0,0
566.8,5.83,250.2,-0.17893,LHS Daling,8.91,38.88,100.03,0.2291,23.7,76.7,47.4,-14.4,1,0
1472.0,54.78,182.9,0.28802,LHS Daling,5.62,33.93,103.7,0.1658,10.6,73.0,64.6,-2.45,0,0
3475.2,8.58,153.2,-0.63056,GHS paro,21.44,192.55,453.28,0.1114,3.1,93.7,94.2,-14.07,1,1
1999.6,22.87,224.7,-0.29421,LHS Daling,8.52,90.51,267.82,0.0941,3.8,98.7,75.5,-2.97,0,0
4594.7,28.52,325.7,1.47376,GHS paro,0.25,1.56,2.48,0.1599,4.0,63.4,40.3,-1.18,0,0
1985.4,54.87,128.5,-1.27634,GHS paro,2.88,24.42,79.48,0.1179,4.4,78.4,64.4,-2.62,0,0
2585.1,33.5,261.6,-0.18752,GHS paro,0.62,6.32,11.11,0.098,9.9,70.8,21.8,-2.59,0,0
2285.7,37.34,138.3,3.16493,LHS Daling,5.94,63.34,143.44,0.0938,5.9,85.7,46.7,-2.96,0,0
1464.1,35.14,199.6,-0.4741,LHS Daling,4.92,56.55,137.1,0.087,8.2,88.9,69.9,-3.23,0,0
1309.4,24.18,189.2,-0.86116,Lingtse,0.14,1.38,5.89,0.1025,19.5,54.4,15.2,-1.67,0,0
1205.7,33.26,220.4,-0.46353,LHS Daling,0.07,4.9,16.47,0.0135,11.4,60.4,36.1,-1.61,0,0
3734.2,12.78,201.5,0.82501,GHS paro,13.28,127.68,447.31,0.104,-2.0,93.6,73.3,-14.9,1,1
688.5,25.28,41.3,-0.25023,GHS paro,8.07,25.97,82.29,0.3107,18.5,74.3,62.9,-2.12,0,0
3381.1,16.16,217.1,-0.12209,GHS paro,17.4,94.22,307.5,0.1847,-2.7,92.5,93.9,-7.62,0,0
647.6,31.41,203.5,-1.42257,LHS Daling,6.82,47.99,91.76,0.1422,15.8,79.6,48.7,-3.41,0,0
2503.5,6.78,20.8,0.30134,GHS paro,0.1,1.69,1.69,0.0617,7.2,48.9,39.1,-1.24,0,0
3660.5,11.88,194.9,0.45595,LHS Daling,0.44,1.7,1.7,0.2589,9.4,60.7,17.5,-3.8,0,0
443.9,17.37,166.5,-0.74408,LHS Daling,25.77,172.7,429.45,0.1492,17.9,97.4,96.4,-13.55,1,1
1986.9,28.24,139.0,0.91919,LHS Daling,4.3,28.37,100.14,0.1515,15.9,78.4,48.6,-1.16,0,0
960.7,44.81,330.4,1.55507,LHS Daling,5.15,23.26,47.58,0.2214,10.3,85.3,63.4,-4.47,0,0
3282.9,22.12,188.3,-0.07854,MCT zone,41.34,225.44,718.09,0.1834,-1.6,92.0,96.6,-16.63,1,1
1138.9,46.46,208.0,-2.54674,LHS Daling,0.18,1.34,1.34,0.1308,16.4,44.0,32.9,-3.3,0,0
1207.7,14.78,49.3,-0.06998,MCT zone,12.41,150.75,345.71,0.0823,16.5,85.3,82.0,-16.55,1,1
2729.5,14.07,349.0,-0.19327,Lingtse,0.49,0.77,0.77,0.6299,7.1,68.1,33.2,-1.38,0,0
4147.0,39.84,141.1,0.65134,GHS paro,9.61,44.24,79.32,0.2173,3.0,74.9,47.2,-2.42,0,0
2541.7,14.42,154.0,0.32629,GHS paro,11.33,144.73,488.61,0.0783,-0.4,95.1,90.0,-15.1,1,1
2542.2,16.28,322.1,-0.20191,Lingtse,15.77,82.63,150.98,0.1908,9.3,84.3,65.8,-5.54,0,0
3553.1,47.46,167.2,0.26463,LHS Daling,12.7,88.56,357.28,0.1434,-1.1,87.9,76.0,-12.75,1,1
1446.3,43.19,143.6,-0.28008,LHS Daling,3.23,21.35,52.96,0.1514,16.1,76.3,66.8,-2.89,0,0
3642.7,22.54,331.1,0.5568,Sedimentary/Alluvium,7.77,32.23,106.23,0.2411,-0.8,71.4,66.9,-3.28,0,0
624.9,19.38,294.2,-0.16151,LHS Daling,0.95,0.95,0.95,1.0,18.1,52.5,15.9,-2.65,0,0
363.0,24.73,169.8,-0.18708,Sedimentary/Alluvium,11.05,83.15,147.61,0.1329,14.4,80.1,55.3,-0.68,0,0
1899.7,41.84,108.5,-2.08298,GHS paro,7.91,61.81,118.95,0.1279,6.5,77.7,66.7,-14.16,1,1
3621.3,31.17,248.7,0.98753,GHS paro,2.12,13.23,47.65,0.1601,-4.4,80.4,56.7,-2.34,0,0
3415.3,9.1,240.5,0.13235,MCT zone,0.27,9.88,9.88,0.0269,8.3,66.8,20.8,-6.52,1,0
1190.2,35.83,224.1,1.33444,LHS Daling,22.98,181.66,429.93,0.1265,14.9,95.6,94.1,-6.22,0,1
1394.3,31.85,180.6,-0.48858,GHS paro,2.47,12.7,66.26,0.1947,19.1,82.9,68.1,-14.56,1,0
2213.3,19.37,55.6,-0.22012,GHS paro,10.74,63.68,144.77,0.1686,7.0,88.8,62.3,-9.53,1,0
3000.7,7.68,231.7,-0.14673,Lingtse,12.95,126.14,367.02,0.1027,2.1,97.6,86.9,-3.47,0,1
735.0,44.61,166.3,-2.28239,LHS,0.62,6.37,8.01,0.0968,19.7,68.4,18.5,-2.24,0,0
3508.2,6.97,7.1,0.22759,GHS paro,1.31,3.33,20.33,0.3931,7.5,58.8,42.9,-2.96,0,0
1205.7,33.26,220.4,-0.46353,LHS Daling,3.59,31.82,82.59,0.1129,13.8,77.3,65.2,-3.91,0,0
1841.5,17.14,74.3,-0.26724,LHS Daling,3.27,19.14,40.48,0.171,15.9,90.2,45.6,-1.75,0,0
3445.0,19.79,342.3,-0.64605,LHS Daling,10.23,31.95,86.62,0.3203,4.9,90.0,74.7,-1.01,0,0
1730.2,39.98,116.0,-0.79668,Lingtse,5.5,45.9,102.11,0.1197,10.3,91.0,68.7,-14.29,1,0
3778.5,6.09,29.8,-0.42605,LHS Daling,17.03,86.9,155.54,0.196,-5.7,70.0,55.8,-13.02,1,0
1280.1,11.55,116.0,0.45951,LHS Daling,0.28,2.49,8.21,0.1128,11.2,52.2,32.9,-0.6,0,0
1991.9,16.64,247.8,0.17478,Sedimentary/Alluvium,0.28,4.12,5.57,0.0679,14.4,61.2,41.1,-0.62,0,0
3178.5,18.81,83.2,0.67108,GHS paro,8.46,44.83,97.77,0.1887,3.3,89.1,49.5,-2.29,0,0
722.0,12.33,68.6,-0.27716,LHS Daling,4.14,25.8,74.38,0.1604,12.2,91.5,60.7,-12.28,1,0
1146.6,12.65,172.8,-0.26726,MCT zone,28.04,174.33,425.86,0.1608,11.8,87.3,75.9,-7.04,0,1
2292.8,18.39,140.1,-0.07479,LHS Daling,0.84,1.83,1.83,0.4606,15.7,56.9,30.0,-1.32,0,0
1277.5,11.39,40.3,0.15969,Sedimentary/Alluvium,12.73,41.99,100.1,0.3031,15.6,78.2,55.9,-0.47,0,0
2141.5,41.36,203.4,-0.19798,GHS paro,0.36,5.19,5.19,0.0701,13.2,73.6,43.6,-1.73,0,0
2094.3,11.12,311.6,0.62959,LHS Daling,7.11,38.29,138.51,0.1856,9.6,90.1,58.4,-4.92,0,0
2655.4,19.96,9.1,-0.223,LHS Daling,0.61,5.52,5.52,0.1097,3.6,61.1,19.2,-1.45,0,0
2514.5,5.26,260.4,-0.56735,GHS paro,3.35,24.29,124.23,0.1379,3.6,83.1,58.2,-5.01,0,0
2238.0,23.69,98.7,0.36763,GHS paro,0.1,0.25,4.14,0.3889,18.4,73.1,21.1,-1.82,0,0
1066.7,15.89,335.6,-0.25558,MCT zone,0.78,1.29,23.73,0.6029,13.7,61.7,45.0,-1.57,0,0
3209.8,18.39,195.7,-0.05584,GHS paro,2.64,34.47,85.1,0.0767,-0.9,91.7,59.9,-5.54,0,0
2729.5,14.07,349.0,-0.19327,Lingtse,4.74,31.59,86.55,0.1501,0.0,70.3,48.6,-1.28,0,0
564.6,10.42,66.8,-0.40389,LHS Daling,0.27,0.98,42.56,0.2776,17.2,65.2,41.8,0.03,0,0
396.4,11.66,147.4,0.49444,LHS Daling,0.49,5.22,7.97,0.0932,24.3,41.1,30.1,-2.99,0,0
1347.8,33.86,160.1,-0.12121,LHS Daling,24.66,136.13,402.17,0.1811,6.7,88.0,95.2,-4.77,0,1
559.2,32.66,164.1,-1.14481,LHS,0.43,3.15,4.65,0.1368,17.2,64.7,41.9,-3.12,0,0
2310.8,27.02,246.1,0.25513,GHS paro,0.73,7.75,12.03,0.094,7.9,74.0,42.9,-2.83,0,0
948.7,6.55,294.0,0.02078,LHS Daling,4.54,47.97,81.92,0.0947,17.0,81.8,48.5,-1.01,0,0
2125.1,7.52,255.3,0.52685,GHS paro,0.77,5.91,5.91,0.1294,18.2,48.5,39.5,-0.9,0,0
1446.3,43.19,143.6,-0.28008,LHS Daling,0.64,4.22,7.83,0.1517,19.2,69.8,15.2,-1.58,0,0
2141.5,41.36,203.4,-0.19798,GHS paro,6.4,34.3,93.98,0.1865,9.6,91.1,52.6,-10.27,1,0
4399.4,39.42,246.3,2.11399,GHS paro,2.55,26.8,63.68,0.0952,-3.6,72.6,48.5,-2.89,0,0
1751.2,39.49,61.6,0.0684,GHS paro,0.23,0.23,6.0,1.0,11.2,60.2,31.4,-1.83,0,0
790.1,9.79,65.4,-0.11903,Lingtse,2.39,24.13,75.83,0.0991,18.8,90.6,47.9,-3.16,0,0
1005.5,36.8,190.3,-2.16362,LHS Daling,21.57,136.9,456.87,0.1576,15.8,85.9,80.4,-22.71,1,1
1566.7,16.66,358.9,0.21732,GHS paro,6.13,28.7,77.08,0.2135,10.4,91.9,51.3,-2.84,0,0
468.5,9.17,293.2,0.09552,MCT zone,0.02,0.57,17.47,0.0396,24.0,64.5,24.6,-0.94,0,0
1592.3,32.8,219.0,-0.74065,LHS Daling,12.31,52.1,105.39,0.2362,13.5,89.2,64.7,-1.17,0,0
3852.1,38.6,268.6,0.98155,GHS paro,14.24,172.53,482.45,0.0825,-3.4,90.8,74.5,-5.83,1,1
1549.6,16.99,21.7,-0.12893,LHS Daling,0.01,6.6,6.85,0.0011,12.6,64.7,20.0,-2.62,0,0
1768.1,45.85,169.1,0.6931,MCT zone,0.57,1.27,5.65,0.452,19.1,51.0,42.8,-1.98,0,0
2168.9,23.63,203.3,-0.11798,GHS paro,2.24,73.64,168.99,0.0304,10.5,76.5,70.8,-13.53,1,0
2060.8,6.92,150.3,0.19639,LHS Daling,0.17,1.74,6.26,0.0982,18.1,72.2,41.6,-3.14,0,0
2627.4,5.98,67.3,0.35346,LHS Daling,0.42,6.84,6.84,0.0613,10.6,66.3,17.3,-1.08,0,0
557.2,22.13,110.3,0.1368,LHS Daling,36.51,155.96,479.98,0.2341,15.0,96.3,77.4,-4.88,0,1
524.6,35.27,135.1,3.40932,LHS Daling,3.08,20.27,73.65,0.152,21.0,78.0,74.1,-13.13,1,0
4603.0,43.28,309.2,0.08333,GHS paro,48.17,221.17,589.35,0.2178,-7.1,90.0,82.9,-15.74,1,1
331.6,18.56,29.4,0.64615,LHS Daling,1.92,8.64,8.64,0.2226,20.9,74.6,21.7,-0.81,0,0
1975.5,40.9,92.2,-0.98842,GHS paro,1.86,3.73,3.73,0.498,12.1,57.9,20.0,-1.92,0,0
1405.0,38.68,130.5,-3.6744,GHS paro,0.62,4.24,14.76,0.1467,17.8,44.3,25.1,-2.41,0,0
3487.7,8.88,245.3,-0.44787,LHS Daling,0.24,8.32,11.08,0.0283,2.6,49.6,42.8,-1.09,0,0
3784.0,6.33,181.0,0.1386,LHS Daling,0.84,0.84,0.84,1.0,-0.1,52.2,37.9,-0.72,0,0
1854.3,35.55,271.4,-2.15078,GHS paro,0.31,5.38,5.38,0.0567,17.4,73.2,39.6,-1.92,0,0
1406.9,7.34,213.5,0.47865,Lingtse,5.94,71.42,160.48,0.0831,8.9,79.2,62.3,-0.87,0,0
4257.6,18.46,217.0,0.50554,GHS paro,28.36,365.69,790.28,0.0775,-10.4,94.3,87.4,-26.29,1,0
2596.5,49.8,148.5,1.2339,GHS paro,1.43,7.56,14.93,0.1887,14.9,53.4,17.5,0.19,0,0
2829.5,17.08,12.2,-0.08373,MCT zone,2.42,20.38,62.32,0.1189,7.2,71.2,74.7,-2.74,0,0
2707.0,24.74,329.6,0.58847,Lingtse,9.12,35.75,111.79,0.2552,9.6,70.3,72.6,-1.85,0,0
2891.7,22.74,122.4,0.80535,Sedimentary/Alluvium,3.02,41.89,87.75,0.0721,1.8,82.3,69.7,-3.65,0,0
3112.2,24.01,127.7,-0.41792,GHS paro,1.78,6.35,27.92,0.2797,3.6,78.3,58.2,-2.86,0,0
610.1,20.44,319.0,-0.41876,MCT zone,0.84,1.56,30.88,0.538,19.7,53.4,16.5,-7.47,1,0
2901.2,21.22,59.1,0.41211,LHS Daling,1.1,7.68,21.9,0.1439,10.8,59.7,19.1,-3.03,0,0
3584.1,21.49,200.4,-0.18355,LHS Daling,0.36,7.29,8.58,0.0495,-1.6,43.7,32.2,-2.59,0,0
814.4,7.71,11.7,-0.31968,Sedimentary/Alluvium,2.59,34.3,105.77,0.0755,17.1,71.4,70.4,-14.4,1,0
1275.7,13.11,170.7,-0.19516,LHS Daling,0.41,4.05,10.9,0.1007,22.4,63.7,33.7,-0.93,0,0
4358.8,39.74,274.6,-0.02932,GHS paro,13.77,102.37,384.86,0.1345,-2.2,86.9,89.7,-2.78,0,1
3301.5,16.93,241.9,-0.22144,Sedimentary/Alluvium,0.09,9.83,16.36,0.0097,8.6,53.9,29.1,-1.09,0,0
1275.7,13.11,170.7,-0.19516,LHS Daling,0.03,3.57,3.57,0.0079,14.7,55.4,37.4,-0.49,0,0
474.9,8.87,222.5,-0.38205,LHS Daling,0.2,9.46,17.16,0.0215,15.6,57.7,31.1,0.27,0,0
730.5,7.13,55.9,0.25351,Sedimentary/Alluvium,20.15,120.81,354.89,0.1668,11.9,91.5,73.5,-7.19,0,0
3080.8,7.17,314.5,0.02281,LHS Daling,0.7,4.62,4.62,0.1512,2.3,56.0,24.4,-1.89,0,0
436.5,19.62,341.4,-0.12656,GHS paro,9.28,47.36,94.29,0.1959,23.1,84.3,57.8,-5.48,0,0
579.5,35.46,196.0,-0.80879,LHS Daling,5.46,34.38,100.15,0.1589,17.8,79.8,54.3,-1.26,0,1
688.5,13.66,190.4,0.60053,MCT zone,0.2,2.33,2.33,0.0861,20.9,68.4,43.5,-1.91,0,0
1751.2,39.49,61.6,0.0684,GHS paro,0.6,1.22,24.61,0.4912,14.3,64.2,31.4,-1.37,0,0
791.9,13.09,96.5,-0.36156,MCT zone,16.97,132.01,504.96,0.1285,18.5,95.4,93.5,-4.01,0,1
1268.9,13.97,327.0,0.55028,GHS paro,0.59,1.68,23.93,0.3489,13.4,58.9,37.7,-6.28,1,0
740.5,26.66,106.3,1.23245,LHS Daling,0.19,10.6,10.6,0.0178,25.8,67.6,39.7,-2.03,0,0
2729.5,14.07,349.0,-0.19327,Lingtse,0.4,0.99,6.48,0.4024,15.0,68.9,18.9,-1.42,0,0
2075.9,24.07,354.5,0.55371,LHS Daling,27.11,161.53,458.34,0.1678,2.7,86.5,76.0,-3.38,0,1
1001.7,13.37,290.4,-0.00612,GHS paro,0.86,3.53,50.63,0.2441,22.6,60.0,16.8,-1.31,0,0
3380.5,16.26,46.4,0.25232,GHS paro,10.9,52.36,111.9,0.2082,4.1,79.4,61.4,-6.02,0,0
